protein_id,graph_path,voxel_path,uniprot_accession,GO:0005634,GO:0005829,GO:0005886,GO:0005737,GO:0005654,GO:0016020,GO:0046872,GO:0005615,GO:0070062,GO:0005576,GO:0005739,GO:0042802,GO:0006357,GO:0003723,GO:0005524,GO:0000981,GO:0005783,GO:0005794,GO:0000785,GO:0005789,GO:0000978,GO:0045944,GO:0003677,GO:0007165,GO:0000122,GO:0005730,GO:0043231,GO:0005509,GO:0042803,GO:0000139,GO:0008270,GO:0098978,GO:0009986,GO:0030154,GO:0032991,GO:0045087,GO:0005813,GO:1990837,GO:0005759,GO:0045893,GO:0048471,GO:0006355,GO:0009897,GO:0005102,GO:0006508,GO:0003682,GO:0045892,GO:0016567,GO:0001228,GO:0003700,GO:0007155,GO:0005743,GO:0044877,GO:0000977,GO:0006955,GO:0008285,GO:0043066,GO:0005925,GO:0004930,GO:0051301,GO:0005856,GO:0006974,GO:0019901,GO:0006954,GO:0008284,GO:0016324,GO:0005525,GO:0030425,GO:0035556,GO:0016607,GO:0006915,GO:0016604,GO:0045202,GO:0007186,GO:0016887,GO:0007399,GO:0043005,GO:0043565,GO:0005765,GO:0031267,GO:0046982,GO:0010628,GO:0007283,GO:0061630,GO:0006281,GO:0045296,GO:0019899,GO:0043025,GO:0007420,GO:0005096,GO:0005764,GO:0003924,GO:0001227,GO:0060271,GO:0005929,GO:0030424,GO:1990904,GO:0010629,GO:0043065,GO:0016323
AF-O15194-F1-model_v4,ten_percent_graphs/graph_AF-O15194-F1-model_v4.pt,ten_percent_voxels/voxel_AF-O15194-F1-model_v4.pt,O15194,1,0,0,0,0,0,1,0,1,0,0,0,0,0,0,0,0,0,0,0,0,0,0,0,0,0,0,0,0,0,0,0,0,0,0,0,0,0,0,0,0,0,0,0,0,0,0,0,0,0,0,0,0,0,0,0,0,0,0,0,0,0,0,0,0,0,0,0,0,0,0,0,0,0,0,0,0,0,0,0,0,0,0,0,0,0,0,0,0,0,0,0,0,0,0,0,0,0,0,0
AF-Q13347-F1-model_v4,ten_percent_graphs/graph_AF-Q13347-F1-model_v4.pt,ten_percent_voxels/voxel_AF-Q13347-F1-model_v4.pt,Q13347,0,1,0,0,0,0,0,0,1,0,0,0,0,1,0,0,0,0,0,0,0,0,0,0,0,0,0,0,0,0,0,0,0,0,0,0,0,0,0,0,0,0,0,0,0,0,0,0,0,0,0,0,0,0,0,0,0,0,0,0,0,0,0,0,0,0,0,0,0,0,0,0,1,0,0,0,0,0,0,0,0,0,0,0,0,0,0,0,0,0,0,0,0,0,0,0,0,0,0,0
AF-Q8TCU6-F1-model_v4,ten_percent_graphs/graph_AF-Q8TCU6-F1-model_v4.pt,ten_percent_voxels/voxel_AF-Q8TCU6-F1-model_v4.pt,Q8TCU6,0,1,1,0,0,0,0,0,0,0,0,0,0,0,0,0,0,0,0,0,0,0,0,0,0,0,0,0,0,0,0,0,0,0,0,0,0,0,0,0,1,0,0,0,0,0,0,0,0,0,0,0,0,0,0,0,0,0,0,0,0,0,0,0,0,0,0,0,1,0,0,0,0,1,0,0,0,0,0,0,0,0,0,0,0,0,1,0,0,1,0,0,0,0,0,0,0,0,0,0
AF-P0DP73-F1-model_v4,ten_percent_graphs/graph_AF-P0DP73-F1-model_v4.pt,ten_percent_voxels/voxel_AF-P0DP73-F1-model_v4.pt,P0DP73,0,0,0,0,0,0,0,1,0,0,0,0,0,0,0,0,0,0,0,0,0,0,0,0,0,0,0,0,0,0,0,0,0,0,0,0,0,0,0,0,0,0,0,0,0,0,0,0,0,0,0,0,0,0,0,0,0,0,0,0,0,0,0,0,0,0,0,0,0,0,0,0,0,0,0,0,0,0,0,0,0,0,0,0,0,0,0,0,0,0,0,0,0,0,0,0,0,0,0,0
AF-P0DP73-F1-model_v4,ten_percent_graphs/graph_AF-P0DP73-F1-model_v4.pt,ten_percent_voxels/voxel_AF-P0DP73-F1-model_v4.pt,P0DP73,0,0,0,0,0,0,0,1,0,0,0,0,0,0,0,0,0,0,0,0,0,0,0,0,0,0,0,0,0,0,0,0,0,0,0,0,0,0,0,0,0,0,0,0,0,0,0,0,0,0,0,0,0,0,0,0,0,0,0,0,0,0,0,0,0,0,0,0,0,0,0,0,0,0,0,0,0,0,0,0,0,0,0,0,0,0,0,0,0,0,0,0,0,0,0,0,0,0,0,0
AF-O43143-F1-model_v4,ten_percent_graphs/graph_AF-O43143-F1-model_v4.pt,ten_percent_voxels/voxel_AF-O43143-F1-model_v4.pt,O43143,1,0,0,0,1,0,0,0,0,0,0,0,0,1,1,0,0,0,0,0,0,0,0,0,0,1,0,0,0,0,0,0,0,0,0,0,0,0,0,0,0,0,0,0,0,0,0,0,0,0,0,0,0,0,0,0,0,0,0,0,0,0,0,0,0,0,0,0,0,1,0,0,0,0,1,0,0,0,0,0,0,0,0,0,0,0,0,0,0,0,0,0,0,0,0,0,0,0,0,0
AF-P07478-F1-model_v4,ten_percent_graphs/graph_AF-P07478-F1-model_v4.pt,ten_percent_voxels/voxel_AF-P07478-F1-model_v4.pt,P07478,0,0,0,0,0,0,0,1,0,1,0,0,0,0,0,0,0,0,0,0,0,0,0,0,0,0,0,1,0,0,0,0,0,0,0,0,0,0,0,0,0,0,0,0,1,0,0,0,0,0,0,0,0,0,0,0,0,0,0,0,0,0,0,0,0,0,0,0,0,0,0,0,0,0,0,0,0,0,0,0,0,0,0,0,0,0,0,0,0,0,0,0,0,0,0,0,0,0,0,0
AF-P51161-F1-model_v4,ten_percent_graphs/graph_AF-P51161-F1-model_v4.pt,ten_percent_voxels/voxel_AF-P51161-F1-model_v4.pt,P51161,1,1,0,1,0,1,0,0,0,0,0,0,0,0,0,0,0,0,0,0,0,0,0,0,0,0,0,0,0,0,0,0,0,0,0,0,0,0,0,0,0,0,0,0,0,0,0,0,0,0,0,0,0,0,0,1,0,0,0,0,0,0,0,0,0,0,0,0,0,0,0,0,0,0,0,0,0,0,0,0,0,0,0,0,0,0,0,0,0,0,0,0,0,0,0,0,0,0,0,0
AF-Q96Q11-F1-model_v4,ten_percent_graphs/graph_AF-Q96Q11-F1-model_v4.pt,ten_percent_voxels/voxel_AF-Q96Q11-F1-model_v4.pt,Q96Q11,1,1,0,0,1,0,1,0,0,0,1,0,0,0,1,0,0,0,0,0,0,0,0,0,0,0,0,0,1,0,0,0,0,0,0,0,0,0,1,0,0,0,0,0,0,0,0,0,0,0,0,0,0,0,0,0,0,0,0,0,0,0,0,0,0,0,0,0,0,0,0,0,0,0,0,0,0,0,0,0,0,0,0,0,0,0,0,0,0,0,0,0,0,0,0,0,0,0,0,0
AF-Q9UJC5-F1-model_v4,ten_percent_graphs/graph_AF-Q9UJC5-F1-model_v4.pt,ten_percent_voxels/voxel_AF-Q9UJC5-F1-model_v4.pt,Q9UJC5,0,0,0,1,1,0,0,0,0,0,0,0,0,0,0,0,0,0,0,0,0,0,0,0,0,0,0,0,0,0,0,0,0,0,0,0,0,0,0,0,0,0,0,0,0,0,0,0,0,0,0,0,0,0,0,0,0,0,0,0,0,0,0,0,0,0,0,0,0,0,0,0,0,0,0,0,0,0,0,0,0,0,0,0,0,0,0,0,0,0,0,0,0,0,0,0,0,0,0,0
AF-Q8N300-F1-model_v4,ten_percent_graphs/graph_AF-Q8N300-F1-model_v4.pt,ten_percent_voxels/voxel_AF-Q8N300-F1-model_v4.pt,Q8N300,0,0,0,1,0,0,0,0,0,1,0,0,0,0,0,0,0,0,0,0,0,0,0,0,0,0,0,0,0,0,0,0,0,0,0,0,0,0,0,0,0,0,0,0,1,0,0,0,0,0,0,0,0,0,0,0,0,0,0,0,1,0,0,0,0,0,0,0,0,0,0,0,0,0,0,0,0,0,0,0,0,0,0,0,0,0,0,0,0,0,0,0,0,0,0,0,0,0,0,0
AF-Q9NP59-F1-model_v4,ten_percent_graphs/graph_AF-Q9NP59-F1-model_v4.pt,ten_percent_voxels/voxel_AF-Q9NP59-F1-model_v4.pt,Q9NP59,0,1,1,1,1,1,1,0,0,0,0,1,0,0,0,0,0,0,0,0,0,1,0,0,0,0,0,0,0,0,0,0,0,0,0,0,0,0,0,0,0,0,0,0,0,0,0,0,0,0,0,0,0,0,0,0,1,0,0,0,0,0,0,0,0,0,0,0,0,0,1,0,0,0,0,0,0,0,0,0,0,0,0,0,0,0,0,0,0,0,0,0,0,0,0,0,0,0,0,1
AF-Q6XPR3-F1-model_v4,ten_percent_graphs/graph_AF-Q6XPR3-F1-model_v4.pt,ten_percent_voxels/voxel_AF-Q6XPR3-F1-model_v4.pt,Q6XPR3,0,1,0,0,0,0,0,0,0,1,0,0,0,0,0,0,0,0,0,0,0,0,0,0,0,0,0,1,0,0,0,0,0,0,0,0,0,0,0,0,0,0,0,0,0,0,0,0,0,0,0,0,0,0,0,0,0,0,0,0,0,0,0,0,0,0,0,0,0,0,0,0,0,0,0,0,0,0,0,0,0,0,0,0,0,0,0,0,0,0,0,0,0,0,0,0,0,0,0,0
AF-Q9UQQ2-F1-model_v4,ten_percent_graphs/graph_AF-Q9UQQ2-F1-model_v4.pt,ten_percent_voxels/voxel_AF-Q9UQQ2-F1-model_v4.pt,Q9UQQ2,0,1,1,0,0,0,0,0,0,0,0,0,0,0,0,0,0,0,0,0,0,0,0,0,0,0,0,0,0,0,0,0,0,0,0,0,0,0,0,0,0,0,0,0,0,0,0,0,0,0,0,0,0,0,0,1,0,0,0,0,0,0,0,0,0,0,0,0,1,0,0,0,0,0,0,0,0,0,0,0,0,0,0,0,0,0,0,0,0,0,0,0,0,0,0,0,0,0,0,0
AF-Q6P4F1-F1-model_v4,ten_percent_graphs/graph_AF-Q6P4F1-F1-model_v4.pt,ten_percent_voxels/voxel_AF-Q6P4F1-F1-model_v4.pt,Q6P4F1,0,0,0,0,1,0,0,0,0,0,0,0,0,0,0,0,1,1,0,1,0,0,0,0,0,0,0,0,0,1,0,0,0,0,0,0,0,0,0,0,0,0,0,0,0,0,0,0,0,0,0,0,0,0,0,0,0,0,0,0,0,0,0,0,0,0,0,0,0,0,0,0,0,0,0,1,0,0,0,0,0,0,0,0,0,0,0,0,0,0,1,0,0,0,0,0,0,0,0,0
AF-Q96LD4-F1-model_v4,ten_percent_graphs/graph_AF-Q96LD4-F1-model_v4.pt,ten_percent_voxels/voxel_AF-Q96LD4-F1-model_v4.pt,Q96LD4,1,1,0,0,0,0,0,0,0,0,0,0,0,0,0,0,0,0,0,0,0,0,0,0,0,0,0,0,0,0,1,1,0,0,0,0,0,0,0,0,0,0,0,0,0,0,0,1,0,0,0,0,0,0,0,0,0,0,0,0,0,0,0,0,0,0,0,0,0,0,0,0,0,0,0,0,0,0,0,0,0,0,0,1,0,0,0,0,0,0,0,0,0,0,0,0,0,0,0,0
AF-O43908-F1-model_v4,ten_percent_graphs/graph_AF-O43908-F1-model_v4.pt,ten_percent_voxels/voxel_AF-O43908-F1-model_v4.pt,O43908,0,0,0,0,0,0,0,0,0,0,0,0,0,0,0,0,0,0,0,0,0,0,0,0,0,0,0,0,0,0,0,0,0,0,0,0,0,0,0,0,0,0,1,0,0,0,0,0,0,0,0,0,0,0,0,0,0,0,0,0,0,0,0,0,0,0,0,0,0,0,0,0,0,0,0,0,0,0,0,0,0,0,0,0,0,0,0,0,0,0,0,0,0,0,0,0,0,0,0,0
AF-P18509-F1-model_v4,ten_percent_graphs/graph_AF-P18509-F1-model_v4.pt,ten_percent_voxels/voxel_AF-P18509-F1-model_v4.pt,P18509,0,0,0,0,0,0,0,1,0,1,0,0,0,0,0,0,0,0,0,0,0,1,0,0,0,0,0,0,0,0,0,0,0,0,0,0,0,0,0,0,0,0,0,1,0,0,0,0,0,0,0,0,0,0,0,0,0,0,0,0,0,0,0,0,0,0,0,0,0,0,0,0,0,0,0,0,1,0,0,0,0,0,0,0,0,0,0,0,0,0,0,0,0,0,0,0,0,0,0,0
AF-Q8N2U0-F1-model_v4,ten_percent_graphs/graph_AF-Q8N2U0-F1-model_v4.pt,ten_percent_voxels/voxel_AF-Q8N2U0-F1-model_v4.pt,Q8N2U0,0,0,0,0,0,1,0,0,1,0,1,0,0,0,0,0,0,0,0,0,0,0,0,0,0,0,0,0,0,0,0,0,0,0,0,0,0,0,0,0,0,0,0,0,0,0,0,0,0,0,0,0,0,0,0,0,0,0,0,0,0,0,0,0,0,0,0,0,0,0,0,0,0,0,0,0,0,0,0,0,0,0,0,0,0,0,0,0,0,0,0,0,0,0,0,0,0,0,0,0
AF-Q6DD87-F1-model_v4,ten_percent_graphs/graph_AF-Q6DD87-F1-model_v4.pt,ten_percent_voxels/voxel_AF-Q6DD87-F1-model_v4.pt,Q6DD87,1,0,0,0,0,0,1,0,0,0,0,0,1,0,0,1,0,0,0,0,0,0,0,0,0,0,0,0,0,0,0,0,0,0,0,0,0,1,0,0,0,0,0,0,0,0,0,0,0,0,0,0,0,0,0,0,0,0,0,0,0,0,0,0,0,0,0,0,0,0,0,0,0,0,0,0,0,1,0,0,0,0,0,0,0,0,0,0,0,0,0,0,0,0,0,0,0,0,0,0
AF-Q6P4H8-F1-model_v4,ten_percent_graphs/graph_AF-Q6P4H8-F1-model_v4.pt,ten_percent_voxels/voxel_AF-Q6P4H8-F1-model_v4.pt,Q6P4H8,0,0,0,0,0,0,0,0,0,0,1,0,0,0,0,0,0,0,0,0,0,0,0,0,0,0,0,0,0,0,0,0,0,0,0,0,0,0,0,0,0,0,0,0,0,0,0,0,0,0,0,0,0,0,0,0,0,0,0,0,0,0,0,0,0,0,0,0,0,0,0,0,0,0,0,0,0,0,0,0,0,0,0,0,0,0,0,0,0,0,0,0,0,0,0,0,0,0,0,0
AF-Q9Y5A9-F1-model_v4,ten_percent_graphs/graph_AF-Q9Y5A9-F1-model_v4.pt,ten_percent_voxels/voxel_AF-Q9Y5A9-F1-model_v4.pt,Q9Y5A9,1,1,0,1,0,0,0,0,0,0,0,0,0,1,0,0,0,0,0,0,0,0,0,0,0,0,0,0,0,0,0,0,0,0,0,1,0,0,0,0,0,0,0,0,0,0,0,0,0,0,0,0,0,0,0,0,0,0,0,0,0,0,0,0,0,0,0,0,0,0,0,0,0,0,0,0,0,0,0,0,0,0,0,0,0,0,0,0,0,0,0,0,0,0,0,0,0,0,0,0
AF-P58557-F1-model_v4,ten_percent_graphs/graph_AF-P58557-F1-model_v4.pt,ten_percent_voxels/voxel_AF-P58557-F1-model_v4.pt,P58557,1,0,0,0,0,0,1,0,0,0,1,0,0,0,0,0,0,0,0,0,0,0,0,0,0,0,0,0,0,0,0,0,0,0,0,0,0,0,0,0,0,0,0,0,0,0,0,0,0,0,0,0,0,0,0,0,0,0,0,0,0,0,0,0,0,0,0,0,0,0,0,0,0,0,0,0,0,0,0,0,0,0,0,0,0,0,0,0,0,0,0,0,0,0,0,0,0,0,0,0
AF-O15391-F1-model_v4,ten_percent_graphs/graph_AF-O15391-F1-model_v4.pt,ten_percent_voxels/voxel_AF-O15391-F1-model_v4.pt,O15391,1,0,0,0,0,0,1,0,0,0,0,0,1,0,0,1,0,0,1,0,1,1,0,0,0,0,0,0,0,0,0,0,0,0,0,0,0,1,0,0,0,0,0,0,0,0,0,0,1,0,0,0,0,0,0,0,0,0,0,0,0,0,0,0,0,0,0,0,0,0,0,0,0,0,0,0,0,1,0,0,0,0,0,0,0,0,0,0,0,0,0,0,0,0,0,0,0,0,0,0
AF-O43688-F1-model_v4,ten_percent_graphs/graph_AF-O43688-F1-model_v4.pt,ten_percent_voxels/voxel_AF-O43688-F1-model_v4.pt,O43688,0,0,1,0,0,1,0,0,0,0,0,0,0,0,0,0,1,0,0,1,0,0,0,1,0,0,0,0,0,0,0,0,0,0,0,0,0,0,0,0,0,0,0,0,0,0,0,0,0,0,0,0,0,0,0,0,0,0,0,0,0,0,0,0,0,0,0,0,0,0,0,0,0,0,0,0,0,0,0,0,0,0,0,0,0,0,0,0,0,0,0,0,0,0,0,0,0,0,0,0
AF-O60829-F1-model_v4,ten_percent_graphs/graph_AF-O60829-F1-model_v4.pt,ten_percent_voxels/voxel_AF-O60829-F1-model_v4.pt,O60829,1,0,0,1,0,0,0,0,0,0,1,0,0,0,0,0,0,0,0,0,0,0,1,0,0,0,0,0,0,0,0,0,0,0,0,0,0,0,0,0,0,0,0,0,0,0,0,0,0,0,0,0,0,0,0,0,1,0,0,0,0,0,0,0,0,0,0,0,1,0,0,0,0,0,0,0,0,0,0,0,0,0,0,0,0,0,0,0,0,0,0,0,0,0,0,0,0,0,0,0
AF-P29401-F1-model_v4,ten_percent_graphs/graph_AF-P29401-F1-model_v4.pt,ten_percent_voxels/voxel_AF-P29401-F1-model_v4.pt,P29401,0,1,0,0,1,0,0,0,1,0,0,0,0,0,0,0,0,0,0,1,0,0,0,0,0,0,0,1,1,0,0,0,0,0,0,0,0,0,0,0,0,0,0,0,0,0,0,0,0,0,0,0,0,0,0,0,0,0,0,0,0,0,0,0,0,0,0,0,0,0,0,1,0,0,0,0,0,0,0,0,0,0,0,0,0,0,0,0,0,0,0,0,0,0,0,0,0,0,0,0
AF-Q8TDW4-F1-model_v4,ten_percent_graphs/graph_AF-Q8TDW4-F1-model_v4.pt,ten_percent_voxels/voxel_AF-Q8TDW4-F1-model_v4.pt,Q8TDW4,0,0,0,0,0,1,0,0,0,0,0,0,0,0,0,0,0,0,0,0,0,0,0,0,0,0,0,0,0,0,0,0,0,0,0,0,0,0,0,0,0,0,0,0,0,0,0,0,0,0,0,0,0,0,0,0,0,0,0,0,0,0,0,0,0,0,0,0,0,0,0,0,0,0,0,0,0,0,0,0,0,0,0,0,0,0,0,0,0,0,0,0,0,0,0,0,0,0,0,0
AF-Q8NEM7-F1-model_v4,ten_percent_graphs/graph_AF-Q8NEM7-F1-model_v4.pt,ten_percent_voxels/voxel_AF-Q8NEM7-F1-model_v4.pt,Q8NEM7,1,0,0,0,0,0,0,0,0,0,0,0,1,0,0,0,0,0,0,0,0,0,0,0,0,0,0,0,0,0,0,0,0,0,0,0,0,0,0,1,0,0,0,0,0,0,0,0,0,0,0,0,0,0,0,0,0,0,0,0,0,0,0,0,0,0,0,0,0,0,0,0,0,0,0,0,0,0,0,0,0,0,0,0,0,0,0,0,0,0,0,0,0,0,0,0,0,0,0,0
AF-P0CAP2-F1-model_v4,ten_percent_graphs/graph_AF-P0CAP2-F1-model_v4.pt,ten_percent_voxels/voxel_AF-P0CAP2-F1-model_v4.pt,P0CAP2,0,0,0,0,0,0,0,0,0,0,0,0,0,0,0,0,0,0,0,0,0,0,0,0,0,0,0,0,0,0,0,0,0,0,0,0,0,0,0,0,0,0,0,0,0,0,0,0,0,0,0,0,0,0,0,0,0,0,0,0,0,0,0,0,0,0,0,0,0,0,0,0,0,0,0,0,0,0,0,0,0,0,0,0,0,0,0,1,0,0,0,0,0,0,0,0,0,0,0,0
AF-B3KNK9-F1-model_v4,ten_percent_graphs/graph_AF-B3KNK9-F1-model_v4.pt,ten_percent_voxels/voxel_AF-B3KNK9-F1-model_v4.pt,B3KNK9,0,0,0,0,0,1,0,0,0,0,0,0,0,0,0,0,0,1,0,0,0,0,0,0,0,0,0,0,0,0,0,0,0,0,0,0,0,0,0,0,0,0,0,0,0,0,0,0,0,0,0,0,0,0,0,0,0,0,0,0,0,0,0,0,0,0,0,0,0,0,0,0,0,0,0,0,0,0,0,0,0,0,0,0,0,0,0,0,0,0,0,0,0,0,0,0,0,0,0,0
AF-Q8TAU3-F1-model_v4,ten_percent_graphs/graph_AF-Q8TAU3-F1-model_v4.pt,ten_percent_voxels/voxel_AF-Q8TAU3-F1-model_v4.pt,Q8TAU3,1,0,0,0,0,0,1,0,0,0,0,0,1,0,0,1,0,0,0,0,1,0,0,0,0,0,0,0,0,0,0,0,0,0,0,0,0,0,0,0,0,0,0,0,0,0,0,0,0,0,0,0,0,0,0,0,0,0,0,0,0,0,0,0,0,0,0,0,0,0,0,0,0,0,0,0,0,0,0,0,0,0,0,0,0,0,0,0,0,0,0,0,0,0,0,0,0,0,0,0
AF-O43825-F1-model_v4,ten_percent_graphs/graph_AF-O43825-F1-model_v4.pt,ten_percent_voxels/voxel_AF-O43825-F1-model_v4.pt,O43825,0,0,0,0,0,0,0,0,0,0,0,0,0,0,0,0,0,0,0,0,0,0,0,0,0,0,0,0,0,1,0,0,0,0,0,0,0,0,0,0,0,0,0,0,0,0,0,0,0,0,0,0,0,0,0,0,0,0,0,0,0,0,0,0,0,0,0,0,0,0,0,0,0,0,0,0,0,0,0,0,0,0,0,0,0,0,0,0,0,0,0,0,0,0,0,0,0,0,0,0
AF-O60684-F1-model_v4,ten_percent_graphs/graph_AF-O60684-F1-model_v4.pt,ten_percent_voxels/voxel_AF-O60684-F1-model_v4.pt,O60684,1,1,0,0,1,1,0,0,0,0,0,0,0,0,0,0,0,0,0,0,0,1,0,0,0,0,0,0,0,0,0,0,0,0,0,0,0,0,0,0,0,0,0,0,0,0,0,0,0,0,0,0,0,0,0,0,0,0,0,0,0,0,0,0,0,0,0,0,0,0,0,0,0,0,0,0,0,0,0,0,0,0,0,0,0,0,0,0,0,0,0,0,0,0,0,0,0,0,0,0
AF-Q86W67-F1-model_v4,ten_percent_graphs/graph_AF-Q86W67-F1-model_v4.pt,ten_percent_voxels/voxel_AF-Q86W67-F1-model_v4.pt,Q86W67,0,0,0,0,0,0,0,0,0,0,0,0,0,0,0,0,0,0,0,0,0,0,0,0,0,0,0,0,0,0,0,0,0,0,0,0,0,0,0,0,0,0,0,0,0,0,0,0,0,0,0,0,0,0,0,0,0,0,0,0,0,0,0,0,0,0,0,0,0,0,0,0,0,0,0,0,0,0,0,0,0,0,0,0,0,0,0,0,0,0,0,0,0,0,0,0,0,0,0,0
AF-Q70EL2-F1-model_v4,ten_percent_graphs/graph_AF-Q70EL2-F1-model_v4.pt,ten_percent_voxels/voxel_AF-Q70EL2-F1-model_v4.pt,Q70EL2,1,1,0,1,1,0,0,0,0,0,0,0,0,0,0,0,0,0,0,0,0,0,0,0,0,0,0,0,0,0,1,0,0,0,0,0,0,0,0,0,0,0,0,0,1,0,0,0,0,0,0,0,0,0,0,0,0,0,0,0,0,0,0,0,0,0,0,0,0,0,0,0,0,0,0,0,0,0,0,0,0,0,0,0,1,0,0,0,0,0,0,0,0,0,0,0,0,0,0,0
AF-Q9NRR1-F1-model_v4,ten_percent_graphs/graph_AF-Q9NRR1-F1-model_v4.pt,ten_percent_voxels/voxel_AF-Q9NRR1-F1-model_v4.pt,Q9NRR1,0,0,0,0,0,0,0,1,0,0,0,0,0,0,0,0,0,0,0,0,0,1,0,1,0,0,0,0,0,0,0,0,0,0,0,0,0,0,0,0,0,0,0,1,0,0,0,0,0,0,0,0,0,0,0,0,0,0,0,0,0,0,0,0,0,0,0,0,0,0,0,0,0,0,0,0,0,0,0,0,0,0,0,0,0,0,0,0,0,0,0,0,0,0,0,0,0,0,0,0
AF-P11217-F1-model_v4,ten_percent_graphs/graph_AF-P11217-F1-model_v4.pt,ten_percent_voxels/voxel_AF-P11217-F1-model_v4.pt,P11217,0,1,0,1,0,0,0,0,1,0,0,0,0,0,0,0,0,0,0,0,0,0,0,0,0,0,0,0,0,0,0,0,0,0,0,0,0,0,0,0,0,0,0,0,0,0,0,0,0,0,0,0,0,0,0,0,0,0,0,0,0,0,0,0,0,0,0,0,0,0,0,0,0,0,0,0,0,0,0,0,0,0,0,0,0,0,0,0,0,0,0,0,0,0,0,0,0,0,0,0
AF-Q9ULM3-F1-model_v4,ten_percent_graphs/graph_AF-Q9ULM3-F1-model_v4.pt,ten_percent_voxels/voxel_AF-Q9ULM3-F1-model_v4.pt,Q9ULM3,1,0,0,0,1,0,0,0,0,0,0,0,1,0,0,0,0,0,0,0,0,0,0,0,1,0,0,0,0,0,0,0,0,0,0,0,0,0,0,0,0,1,0,0,0,0,0,0,0,0,0,0,0,0,0,0,0,0,0,0,0,0,0,0,0,0,0,0,0,0,0,0,0,0,0,0,0,0,0,0,0,0,0,0,0,0,0,0,0,0,0,0,0,0,0,0,0,0,0,0
AF-Q9NXX6-F1-model_v4,ten_percent_graphs/graph_AF-Q9NXX6-F1-model_v4.pt,ten_percent_voxels/voxel_AF-Q9NXX6-F1-model_v4.pt,Q9NXX6,1,0,0,0,1,0,0,0,0,0,0,0,0,0,0,0,0,0,0,0,0,0,0,0,0,0,0,0,0,0,0,0,0,0,0,0,0,0,0,0,0,0,0,0,0,0,0,0,0,0,0,0,0,0,0,0,0,0,0,0,0,1,0,0,0,0,0,0,0,0,0,1,0,0,0,0,0,0,0,0,0,0,0,0,1,0,0,0,0,0,0,0,0,0,0,0,0,0,0,0
AF-P22681-F1-model_v4,ten_percent_graphs/graph_AF-P22681-F1-model_v4.pt,ten_percent_voxels/voxel_AF-P22681-F1-model_v4.pt,P22681,0,1,1,0,0,0,0,0,0,0,0,0,0,0,0,0,0,1,0,0,0,0,0,1,0,0,0,1,0,0,0,0,0,0,0,0,0,0,0,0,1,0,0,0,0,0,0,1,0,0,0,0,0,0,0,0,1,1,0,0,0,1,0,0,0,0,0,0,0,0,0,0,0,0,0,0,0,0,0,0,0,0,0,1,0,1,0,0,0,0,0,0,0,0,1,0,0,0,0,0
AF-Q7Z699-F1-model_v4,ten_percent_graphs/graph_AF-Q7Z699-F1-model_v4.pt,ten_percent_voxels/voxel_AF-Q7Z699-F1-model_v4.pt,Q7Z699,0,1,1,0,1,0,0,0,0,0,0,0,0,0,0,0,0,0,0,0,0,0,0,0,0,0,0,0,0,0,0,0,0,0,0,0,0,0,0,0,0,0,0,0,0,0,0,0,0,0,0,0,0,0,0,0,0,0,0,0,0,0,1,0,0,0,0,0,0,0,0,0,0,0,0,0,0,0,0,0,0,0,0,0,0,0,0,0,0,0,0,0,0,0,0,0,0,0,0,0
AF-P51787-F1-model_v4,ten_percent_graphs/graph_AF-P51787-F1-model_v4.pt,ten_percent_voxels/voxel_AF-P51787-F1-model_v4.pt,P51787,0,0,1,1,0,1,0,0,0,0,0,0,0,0,0,0,1,0,0,0,0,0,0,0,0,0,0,0,0,0,0,0,0,0,0,0,0,0,0,0,0,0,0,0,0,0,0,0,0,0,0,0,0,0,0,0,0,0,0,0,0,0,0,0,0,1,0,0,0,0,0,0,0,0,0,0,1,0,0,0,0,0,0,0,0,0,0,1,0,0,1,0,0,0,0,0,0,0,0,1
AF-Q9Y4C4-F1-model_v4,ten_percent_graphs/graph_AF-Q9Y4C4-F1-model_v4.pt,ten_percent_voxels/voxel_AF-Q9Y4C4-F1-model_v4.pt,Q9Y4C4,0,0,0,1,0,0,0,0,0,0,0,0,0,0,0,0,0,0,0,0,0,0,0,0,0,0,0,0,0,0,0,0,0,0,0,1,0,0,0,0,0,0,0,0,0,0,0,0,0,0,0,0,0,0,0,0,0,0,0,0,0,0,0,1,0,0,1,0,1,0,0,0,0,0,0,0,0,0,0,0,0,0,0,0,0,0,0,0,0,0,0,0,0,0,0,0,0,0,0,0
AF-Q68D42-F1-model_v4,ten_percent_graphs/graph_AF-Q68D42-F1-model_v4.pt,ten_percent_voxels/voxel_AF-Q68D42-F1-model_v4.pt,Q68D42,0,0,0,0,0,1,0,0,0,0,0,0,0,0,0,0,0,0,0,0,0,0,0,0,0,0,0,0,0,0,0,0,0,0,0,0,0,0,0,0,0,0,0,0,0,0,0,0,0,0,0,0,0,0,0,0,0,0,0,0,0,0,0,0,0,0,0,0,0,0,0,0,0,0,0,0,0,0,0,0,0,0,0,0,0,0,0,0,0,0,0,0,0,0,0,0,0,0,0,0
AF-Q9BZF3-F1-model_v4,ten_percent_graphs/graph_AF-Q9BZF3-F1-model_v4.pt,ten_percent_voxels/voxel_AF-Q9BZF3-F1-model_v4.pt,Q9BZF3,0,1,1,0,0,0,0,0,0,0,0,0,0,0,0,0,0,0,0,1,0,0,0,0,0,0,0,0,0,0,0,0,0,0,0,0,0,0,0,0,0,0,0,0,0,0,0,0,0,0,0,0,0,0,0,0,0,0,0,0,0,0,0,0,0,0,0,0,0,0,0,0,0,0,0,0,0,0,0,0,0,0,0,0,0,0,0,0,0,0,0,0,0,0,0,0,0,0,0,0
AF-Q9UNM6-F1-model_v4,ten_percent_graphs/graph_AF-Q9UNM6-F1-model_v4.pt,ten_percent_voxels/voxel_AF-Q9UNM6-F1-model_v4.pt,Q9UNM6,1,1,0,0,1,1,0,0,0,1,0,0,0,0,0,0,0,0,0,0,0,0,0,0,0,0,0,0,0,0,0,0,0,0,0,0,0,0,0,0,0,0,0,0,0,0,0,0,0,0,0,0,0,0,0,0,0,0,0,0,0,0,0,0,0,0,0,0,0,0,0,0,0,0,0,0,0,0,0,0,0,0,0,0,0,0,0,0,0,0,0,0,0,0,0,0,0,0,0,0
AF-Q9HCE1-F1-model_v4,ten_percent_graphs/graph_AF-Q9HCE1-F1-model_v4.pt,ten_percent_voxels/voxel_AF-Q9HCE1-F1-model_v4.pt,Q9HCE1,1,1,0,0,0,0,0,1,0,0,0,0,0,1,1,0,0,0,0,0,0,0,0,0,0,0,0,0,0,0,0,0,0,0,0,0,0,0,0,0,0,0,0,0,0,0,0,0,0,0,0,0,0,0,0,0,0,0,0,0,0,0,0,0,0,0,0,0,0,0,0,0,0,0,1,0,0,0,0,0,0,0,0,0,0,0,0,0,0,0,0,0,0,0,0,0,0,0,0,0
AF-P57055-F1-model_v4,ten_percent_graphs/graph_AF-P57055-F1-model_v4.pt,ten_percent_voxels/voxel_AF-P57055-F1-model_v4.pt,P57055,1,0,0,0,0,0,0,0,0,0,0,0,0,0,0,0,0,0,0,0,0,0,0,0,1,0,0,0,0,0,0,0,0,0,0,0,0,0,0,0,0,0,0,0,0,0,0,0,0,0,0,0,0,0,0,1,0,0,0,0,0,0,0,0,0,0,0,0,0,0,0,0,0,0,0,0,0,0,0,0,0,0,0,0,0,0,0,0,0,0,0,0,0,0,0,0,0,0,0,0
AF-Q9NS98-F1-model_v4,ten_percent_graphs/graph_AF-Q9NS98-F1-model_v4.pt,ten_percent_voxels/voxel_AF-Q9NS98-F1-model_v4.pt,Q9NS98,0,0,1,0,0,0,0,0,1,0,0,0,0,0,0,0,0,0,0,0,0,0,0,0,0,0,0,0,0,0,0,0,0,0,0,0,0,0,0,0,0,0,0,1,0,0,0,0,0,0,0,0,0,0,0,0,0,0,0,0,0,0,0,0,0,0,0,0,0,0,0,0,0,0,0,0,0,0,0,0,0,0,0,0,0,0,0,0,0,0,0,0,0,0,0,0,0,0,0,0
AF-Q9Y3A6-F1-model_v4,ten_percent_graphs/graph_AF-Q9Y3A6-F1-model_v4.pt,ten_percent_voxels/voxel_AF-Q9Y3A6-F1-model_v4.pt,Q9Y3A6,0,0,0,0,0,0,0,0,0,0,0,0,0,0,0,0,1,1,0,1,0,0,0,0,0,0,0,0,0,0,0,0,0,0,0,0,0,0,0,0,0,0,0,0,0,0,0,0,0,0,0,0,0,0,0,0,0,0,0,0,0,0,0,0,0,0,0,0,0,0,0,0,0,0,0,0,0,0,0,0,0,0,0,0,0,0,0,0,0,0,0,0,0,0,0,0,0,0,0,0
AF-P51582-F1-model_v4,ten_percent_graphs/graph_AF-P51582-F1-model_v4.pt,ten_percent_voxels/voxel_AF-P51582-F1-model_v4.pt,P51582,0,0,1,0,0,0,0,0,0,0,0,0,0,0,1,0,0,0,0,0,0,0,0,0,0,0,0,0,0,0,0,1,0,0,0,0,0,0,0,0,0,0,0,0,0,0,0,0,0,0,0,0,0,0,0,0,0,0,0,0,0,0,0,0,0,1,0,0,0,0,0,0,0,1,0,0,0,0,0,0,0,0,0,0,0,0,0,0,0,0,0,0,0,0,0,0,0,0,0,1
AF-Q6NXP6-F1-model_v4,ten_percent_graphs/graph_AF-Q6NXP6-F1-model_v4.pt,ten_percent_voxels/voxel_AF-Q6NXP6-F1-model_v4.pt,Q6NXP6,0,0,0,0,0,0,0,0,0,0,0,0,0,0,0,0,0,0,0,0,0,0,0,0,0,0,0,0,0,0,0,0,0,0,0,0,0,0,0,0,0,0,0,0,0,0,0,0,0,0,0,0,0,0,0,0,0,0,0,0,0,0,0,0,0,0,0,0,0,0,0,0,0,0,0,0,0,0,0,0,0,0,0,0,0,0,0,0,0,0,0,0,0,0,0,0,0,0,0,0
AF-O60481-F1-model_v4,ten_percent_graphs/graph_AF-O60481-F1-model_v4.pt,ten_percent_voxels/voxel_AF-O60481-F1-model_v4.pt,O60481,1,0,0,1,1,0,1,0,0,0,0,0,0,0,0,1,0,0,0,0,1,1,0,0,0,0,0,0,0,0,0,0,0,0,0,0,0,1,0,1,0,0,0,0,0,0,0,0,1,1,0,0,0,0,0,0,0,0,0,0,0,0,0,0,0,0,0,0,0,0,0,0,0,0,0,0,0,1,0,0,0,0,0,0,0,0,0,0,0,0,0,0,0,0,0,0,0,0,0,0
AF-Q9NV56-F1-model_v4,ten_percent_graphs/graph_AF-Q9NV56-F1-model_v4.pt,ten_percent_voxels/voxel_AF-Q9NV56-F1-model_v4.pt,Q9NV56,0,0,0,0,1,0,0,0,0,0,0,0,1,0,0,0,0,0,0,0,0,0,0,0,0,0,0,0,0,0,0,0,0,0,0,0,0,0,0,1,0,0,0,0,0,0,0,0,0,0,0,0,0,0,0,0,0,0,0,0,0,0,0,0,0,0,0,0,0,0,0,0,0,0,0,0,0,0,0,0,0,0,0,0,0,0,0,0,0,0,0,0,0,0,0,0,0,0,0,0
AF-Q14C87-F1-model_v4,ten_percent_graphs/graph_AF-Q14C87-F1-model_v4.pt,ten_percent_voxels/voxel_AF-Q14C87-F1-model_v4.pt,Q14C87,0,0,0,0,0,1,0,0,0,0,0,0,0,0,0,0,0,0,0,0,0,0,0,0,0,0,0,0,0,0,0,0,0,0,0,0,0,0,0,0,0,0,0,0,0,0,0,0,0,0,0,0,0,0,0,0,0,0,0,0,0,0,0,0,0,0,0,0,0,0,0,0,0,0,0,0,0,0,0,0,0,0,0,0,0,0,0,0,0,0,0,0,0,0,0,0,0,0,0,0
AF-Q13283-F1-model_v4,ten_percent_graphs/graph_AF-Q13283-F1-model_v4.pt,ten_percent_voxels/voxel_AF-Q13283-F1-model_v4.pt,Q13283,1,1,0,1,0,0,0,0,0,0,0,0,0,1,1,0,0,0,0,0,0,0,1,0,0,0,0,0,0,0,0,0,0,0,0,1,0,0,0,0,0,0,0,0,0,0,0,0,0,0,0,0,0,0,0,0,0,1,0,0,0,0,0,0,0,0,0,0,0,0,0,0,0,0,1,0,0,0,0,0,0,0,0,0,0,0,0,0,0,0,0,0,0,0,0,0,0,0,0,0
AF-Q86SQ0-F1-model_v4,ten_percent_graphs/graph_AF-Q86SQ0-F1-model_v4.pt,ten_percent_voxels/voxel_AF-Q86SQ0-F1-model_v4.pt,Q86SQ0,0,1,1,0,0,0,0,0,0,0,0,0,0,0,0,0,0,0,0,0,0,0,0,0,0,0,0,0,0,0,0,0,0,0,0,0,0,0,0,0,0,0,0,0,0,0,0,0,0,0,0,0,0,0,0,0,0,0,0,0,0,0,0,0,0,0,0,0,0,0,0,0,0,0,0,0,0,0,0,0,0,0,0,0,0,1,0,0,0,0,0,0,0,0,0,0,0,0,0,0
AF-Q9HCK8-F1-model_v4,ten_percent_graphs/graph_AF-Q9HCK8-F1-model_v4.pt,ten_percent_voxels/voxel_AF-Q9HCK8-F1-model_v4.pt,Q9HCK8,1,0,0,0,1,0,0,0,0,0,0,0,0,0,1,0,0,0,1,0,0,1,1,0,1,0,0,0,0,0,0,0,0,0,1,0,0,0,0,1,0,0,0,0,0,1,1,0,0,0,0,0,0,0,0,0,0,0,0,0,0,0,0,0,0,0,0,0,0,0,0,0,0,0,1,0,0,0,0,0,0,0,0,0,0,0,0,0,1,0,0,0,0,0,0,0,0,0,0,0
AF-Q6NUN7-F1-model_v4,ten_percent_graphs/graph_AF-Q6NUN7-F1-model_v4.pt,ten_percent_voxels/voxel_AF-Q6NUN7-F1-model_v4.pt,Q6NUN7,0,0,0,0,0,0,0,0,0,1,0,0,0,0,0,0,0,0,0,0,0,0,0,0,0,0,0,0,0,0,0,0,0,1,0,0,0,0,0,0,0,0,0,0,0,0,0,0,0,0,0,0,0,0,0,0,0,0,0,0,0,0,0,0,0,0,0,0,0,0,0,0,0,0,0,0,0,0,0,0,0,0,0,0,0,0,0,0,1,0,0,0,0,0,0,0,0,0,0,0
AF-Q9Y222-F1-model_v4,ten_percent_graphs/graph_AF-Q9Y222-F1-model_v4.pt,ten_percent_voxels/voxel_AF-Q9Y222-F1-model_v4.pt,Q9Y222,1,1,0,0,1,0,0,0,0,0,0,0,1,0,0,1,0,0,0,0,1,0,0,0,0,0,0,0,0,0,0,0,0,0,0,0,0,0,0,0,0,1,0,0,0,0,0,0,0,1,0,0,0,0,0,0,0,0,0,0,0,0,0,0,0,0,0,0,0,0,0,0,0,0,0,0,0,0,0,0,0,0,0,0,0,0,0,0,0,0,0,0,0,0,0,0,0,0,0,0
AF-Q9HB65-F1-model_v4,ten_percent_graphs/graph_AF-Q9HB65-F1-model_v4.pt,ten_percent_voxels/voxel_AF-Q9HB65-F1-model_v4.pt,Q9HB65,1,1,0,0,1,0,0,0,0,0,0,0,0,0,0,0,0,0,0,0,0,1,0,0,0,1,0,0,0,0,0,0,0,0,0,0,0,0,0,0,0,0,0,0,0,0,0,0,0,0,0,0,0,0,0,0,0,0,0,0,0,0,0,0,0,0,0,0,0,1,0,0,0,0,0,0,0,0,0,0,0,0,1,0,0,0,0,0,0,0,0,0,0,0,0,0,0,0,0,0
AF-Q9HAS0-F1-model_v4,ten_percent_graphs/graph_AF-Q9HAS0-F1-model_v4.pt,ten_percent_voxels/voxel_AF-Q9HAS0-F1-model_v4.pt,Q9HAS0,0,1,0,0,0,0,0,0,0,0,0,0,0,0,0,0,0,1,0,0,0,0,0,0,0,0,0,0,0,0,0,0,0,0,0,0,0,0,0,0,0,0,0,0,0,0,0,0,0,0,0,0,0,0,0,0,0,0,0,0,0,0,0,0,0,0,0,0,0,0,0,0,0,0,0,0,0,0,0,0,0,0,0,0,0,0,0,0,0,0,0,0,0,0,0,0,0,0,0,0
AF-A8MV24-F1-model_v4,ten_percent_graphs/graph_AF-A8MV24-F1-model_v4.pt,ten_percent_voxels/voxel_AF-A8MV24-F1-model_v4.pt,A8MV24,0,0,0,0,0,0,0,0,0,0,0,0,0,0,0,0,0,0,0,0,0,0,0,0,0,0,0,0,0,0,0,0,0,0,0,0,0,0,0,0,0,0,0,0,0,0,0,0,0,0,0,0,0,0,0,0,0,0,0,0,0,0,0,0,0,0,0,0,0,0,0,0,0,0,0,0,0,0,0,0,0,0,0,0,0,0,0,0,0,0,0,0,0,0,0,0,0,0,0,0
AF-Q7Z5J8-F1-model_v4,ten_percent_graphs/graph_AF-Q7Z5J8-F1-model_v4.pt,ten_percent_voxels/voxel_AF-Q7Z5J8-F1-model_v4.pt,Q7Z5J8,0,0,0,0,0,1,0,0,0,0,0,0,0,0,0,0,0,0,0,0,0,0,0,0,0,0,0,0,0,0,0,0,0,0,0,0,0,0,0,0,0,0,0,0,0,0,0,0,0,0,0,0,0,0,0,0,0,0,0,0,0,0,0,0,0,0,0,0,0,0,0,0,0,0,0,0,0,0,0,0,0,0,0,0,0,0,0,0,0,0,0,0,0,0,0,0,0,0,0,0
AF-Q9BXP2-F1-model_v4,ten_percent_graphs/graph_AF-Q9BXP2-F1-model_v4.pt,ten_percent_voxels/voxel_AF-Q9BXP2-F1-model_v4.pt,Q9BXP2,0,0,1,0,0,1,0,0,1,0,0,0,0,0,0,0,0,0,0,0,0,0,0,0,0,0,0,0,0,0,0,0,0,0,0,0,0,0,0,0,0,0,0,0,0,0,0,0,0,0,0,0,0,0,0,0,0,0,0,0,0,0,0,0,0,0,0,0,0,0,0,0,0,0,0,0,0,0,1,0,0,0,0,0,0,0,0,0,0,0,0,0,0,0,0,0,0,0,0,0
AF-Q96N58-F1-model_v4,ten_percent_graphs/graph_AF-Q96N58-F1-model_v4.pt,ten_percent_voxels/voxel_AF-Q96N58-F1-model_v4.pt,Q96N58,1,0,0,0,0,0,1,0,0,0,0,0,1,0,0,1,0,0,0,0,1,0,0,0,0,0,0,0,0,0,0,0,0,0,0,0,0,0,0,0,0,0,0,0,0,0,0,0,0,0,0,0,0,0,0,0,0,0,0,0,0,0,0,0,0,0,0,0,0,0,0,0,0,0,0,0,0,0,0,0,0,0,0,0,0,0,0,0,0,0,0,0,0,0,0,0,0,0,0,0
AF-Q5T7M4-F1-model_v4,ten_percent_graphs/graph_AF-Q5T7M4-F1-model_v4.pt,ten_percent_voxels/voxel_AF-Q5T7M4-F1-model_v4.pt,Q5T7M4,0,0,0,0,0,0,0,1,0,1,0,0,0,0,0,0,0,0,0,0,0,0,0,0,0,0,0,0,0,0,0,0,0,0,0,0,0,0,0,0,0,0,0,0,0,0,0,0,0,0,0,0,0,0,0,0,0,0,0,0,0,0,0,0,0,0,0,0,0,0,0,0,0,0,0,0,0,0,0,0,0,0,0,0,0,0,0,0,0,0,0,0,0,0,0,0,0,0,0,0
AF-Q5SY80-F1-model_v4,ten_percent_graphs/graph_AF-Q5SY80-F1-model_v4.pt,ten_percent_voxels/voxel_AF-Q5SY80-F1-model_v4.pt,Q5SY80,0,0,0,0,0,0,0,0,0,0,0,0,0,0,0,0,0,0,0,0,0,0,0,0,0,0,0,0,0,0,0,0,0,0,0,0,0,0,0,0,0,0,0,0,0,0,0,0,0,0,0,0,0,0,0,0,0,0,0,0,0,0,0,0,0,0,0,0,0,0,0,0,0,0,0,0,0,0,0,0,0,0,0,0,0,0,0,0,0,0,0,0,0,0,0,0,0,0,0,0
AF-Q8IW03-F1-model_v4,ten_percent_graphs/graph_AF-Q8IW03-F1-model_v4.pt,ten_percent_voxels/voxel_AF-Q8IW03-F1-model_v4.pt,Q8IW03,0,0,0,1,1,0,1,0,0,0,1,0,0,0,0,0,0,0,0,0,0,0,0,0,0,0,0,0,0,0,0,0,0,0,0,0,0,0,0,0,0,0,0,0,0,0,0,0,0,0,0,0,0,0,0,0,0,0,0,0,0,0,0,0,0,0,0,0,0,0,0,0,0,0,0,0,0,0,0,0,0,0,0,1,0,0,0,0,0,0,0,0,0,0,0,0,0,0,0,0
AF-O00472-F1-model_v4,ten_percent_graphs/graph_AF-O00472-F1-model_v4.pt,ten_percent_voxels/voxel_AF-O00472-F1-model_v4.pt,O00472,0,0,0,0,1,0,0,0,0,0,0,0,0,0,0,0,0,0,0,0,0,0,0,0,0,0,0,0,0,0,0,0,0,0,0,0,0,0,0,0,0,0,0,0,0,0,0,0,0,0,0,0,0,0,0,0,0,0,0,0,0,0,0,0,0,0,0,0,0,0,0,0,0,0,0,0,0,0,0,0,0,0,0,0,0,0,0,0,0,0,0,0,0,0,0,0,0,0,0,0
AF-Q8WUE5-F1-model_v4,ten_percent_graphs/graph_AF-Q8WUE5-F1-model_v4.pt,ten_percent_voxels/voxel_AF-Q8WUE5-F1-model_v4.pt,Q8WUE5,0,0,0,1,0,0,0,0,0,0,0,0,0,0,0,0,0,0,0,0,0,0,0,0,0,0,0,0,0,0,0,0,0,0,0,0,0,0,0,0,0,0,0,0,0,0,0,0,0,0,0,0,0,0,0,0,0,0,0,0,0,0,0,0,0,0,0,0,0,0,0,0,0,0,0,0,0,0,0,0,0,0,1,0,0,0,0,0,0,0,0,0,0,0,0,0,0,0,0,0
AF-O00155-F1-model_v4,ten_percent_graphs/graph_AF-O00155-F1-model_v4.pt,ten_percent_voxels/voxel_AF-O00155-F1-model_v4.pt,O00155,0,0,1,0,0,0,0,0,0,0,0,0,0,0,0,0,0,0,0,0,0,0,0,0,0,0,0,0,0,0,0,0,0,0,0,0,0,0,0,0,0,0,0,0,0,0,0,0,0,0,0,0,0,0,0,0,0,0,1,0,0,0,0,0,0,0,0,0,0,0,0,0,0,1,0,0,0,0,0,0,0,0,0,0,0,0,0,0,0,0,0,0,0,0,0,0,0,0,0,0
AF-P50395-F1-model_v4,ten_percent_graphs/graph_AF-P50395-F1-model_v4.pt,ten_percent_voxels/voxel_AF-P50395-F1-model_v4.pt,P50395,0,1,0,1,0,1,0,0,1,1,0,0,0,1,0,0,0,1,0,0,0,0,0,1,0,0,0,0,0,0,0,0,0,0,0,0,0,0,0,0,0,0,0,0,0,0,0,0,0,0,0,0,0,0,0,0,0,1,0,0,0,0,0,0,0,0,0,0,0,0,0,0,1,0,0,0,0,0,0,1,0,0,0,0,0,0,0,0,0,1,0,0,0,0,0,0,0,0,0,0
AF-Q86VE3-F1-model_v4,ten_percent_graphs/graph_AF-Q86VE3-F1-model_v4.pt,ten_percent_voxels/voxel_AF-Q86VE3-F1-model_v4.pt,Q86VE3,0,0,0,0,0,0,0,0,0,0,0,0,0,0,0,0,0,0,0,0,0,0,0,0,0,0,0,0,0,0,0,0,0,0,0,0,0,0,0,0,0,0,0,0,0,0,0,0,0,0,0,0,0,0,0,0,0,0,0,0,0,0,0,0,0,0,0,0,0,0,0,0,0,0,0,0,0,0,0,0,0,0,0,0,0,0,0,0,0,0,0,0,0,0,0,0,0,0,0,0
AF-P46952-F1-model_v4,ten_percent_graphs/graph_AF-P46952-F1-model_v4.pt,ten_percent_voxels/voxel_AF-P46952-F1-model_v4.pt,P46952,0,1,0,1,0,0,0,0,0,0,0,0,0,0,0,0,0,0,0,0,0,0,0,0,0,0,0,0,0,0,0,0,0,0,0,0,0,0,0,0,0,0,0,0,0,0,0,0,0,0,0,0,0,0,0,0,0,0,0,0,0,0,0,0,0,0,0,0,0,0,0,0,0,0,0,0,0,0,0,0,0,0,0,0,0,0,0,0,0,0,0,0,0,0,0,0,0,0,0,0
AF-Q8IVU3-F1-model_v4,ten_percent_graphs/graph_AF-Q8IVU3-F1-model_v4.pt,ten_percent_voxels/voxel_AF-Q8IVU3-F1-model_v4.pt,Q8IVU3,0,1,0,1,1,0,0,0,0,0,0,0,0,0,0,0,0,0,0,0,0,0,0,0,0,0,0,0,0,0,0,0,0,0,0,0,0,0,0,0,0,0,0,0,0,0,0,1,0,0,0,0,0,0,0,0,0,0,0,0,0,0,0,0,0,0,0,0,0,0,0,0,0,0,0,0,0,0,0,0,0,0,0,1,0,0,0,0,0,0,0,0,0,0,0,0,0,0,0,0
AF-P00915-F1-model_v4,ten_percent_graphs/graph_AF-P00915-F1-model_v4.pt,ten_percent_voxels/voxel_AF-P00915-F1-model_v4.pt,P00915,0,1,0,0,0,0,0,0,1,0,0,0,0,0,0,0,0,0,0,0,0,0,0,0,0,0,0,0,0,0,1,0,0,0,0,0,0,0,0,0,0,0,0,0,0,0,0,0,0,0,0,0,0,0,0,0,0,0,0,0,0,0,0,0,0,0,0,0,0,0,0,0,0,0,0,0,0,0,0,0,0,0,0,0,0,0,0,0,0,0,0,0,0,0,0,0,0,0,0,0
AF-A6H8M9-F1-model_v4,ten_percent_graphs/graph_AF-A6H8M9-F1-model_v4.pt,ten_percent_voxels/voxel_AF-A6H8M9-F1-model_v4.pt,A6H8M9,0,0,1,0,0,0,0,0,0,0,0,0,0,0,0,0,0,0,0,0,0,0,0,0,0,0,0,1,0,0,0,0,0,0,0,0,0,0,0,0,0,0,0,0,0,0,0,0,0,0,1,0,0,0,0,0,0,0,0,0,0,0,0,0,0,0,0,0,0,0,0,0,0,0,0,0,0,0,0,0,0,0,0,0,0,0,0,0,0,0,0,0,0,0,0,0,0,0,0,0
AF-Q96C34-F1-model_v4,ten_percent_graphs/graph_AF-Q96C34-F1-model_v4.pt,ten_percent_voxels/voxel_AF-Q96C34-F1-model_v4.pt,Q96C34,0,0,0,0,0,0,0,0,0,0,0,0,0,0,0,0,0,0,0,0,0,0,0,0,0,0,0,0,0,0,0,0,0,0,0,0,0,0,0,0,0,0,0,0,0,0,0,0,0,0,0,0,0,0,0,0,0,0,0,0,0,0,0,0,0,0,0,0,0,0,0,0,0,0,0,0,0,0,0,0,0,0,0,0,0,0,0,0,0,0,0,0,0,0,0,0,0,0,0,0
AF-Q9HCS5-F1-model_v4,ten_percent_graphs/graph_AF-Q9HCS5-F1-model_v4.pt,ten_percent_voxels/voxel_AF-Q9HCS5-F1-model_v4.pt,Q9HCS5,0,0,0,1,0,0,0,0,0,0,0,0,0,0,0,0,0,0,0,0,0,0,0,0,0,0,0,0,0,0,0,0,0,0,0,0,0,0,0,0,0,0,0,0,0,0,0,0,0,0,0,0,0,0,0,0,0,0,0,0,1,0,0,0,0,0,0,0,0,0,0,0,0,0,0,0,0,0,0,0,0,0,0,0,0,0,0,0,0,0,0,0,0,0,0,0,0,0,0,0
AF-O14647-F1-model_v4,ten_percent_graphs/graph_AF-O14647-F1-model_v4.pt,ten_percent_voxels/voxel_AF-O14647-F1-model_v4.pt,O14647,1,0,0,0,0,0,0,0,0,0,0,0,0,1,1,0,0,0,1,0,1,0,1,0,0,0,0,0,0,0,0,0,0,0,0,0,0,0,0,0,0,0,0,0,0,1,0,0,0,0,0,0,0,0,0,0,0,0,0,0,0,1,0,0,0,0,0,0,0,0,0,0,0,0,1,0,0,0,0,0,0,0,0,0,0,0,0,0,0,0,0,0,0,0,0,0,0,0,0,0
AF-Q5S007-F1-model_v4,ten_percent_graphs/graph_AF-Q5S007-F1-model_v4.pt,ten_percent_voxels/voxel_AF-Q5S007-F1-model_v4.pt,Q5S007,0,1,1,1,0,0,0,1,1,0,1,1,0,0,1,0,1,1,0,1,0,0,0,0,0,0,1,0,1,1,0,1,0,0,0,0,0,0,1,0,0,0,0,0,0,0,0,0,0,0,0,1,0,0,0,0,0,0,0,0,1,0,0,0,0,0,1,1,1,0,0,0,0,0,0,0,1,0,0,1,0,0,1,0,0,0,0,1,0,1,1,1,0,0,0,1,1,0,0,0
AF-C5H3H2-F1-model_v4,ten_percent_graphs/graph_AF-C5H3H2-F1-model_v4.pt,ten_percent_voxels/voxel_AF-C5H3H2-F1-model_v4.pt,C5H3H2,0,1,0,0,0,0,0,0,0,0,0,0,0,0,0,0,0,0,0,0,0,0,0,0,0,0,0,0,0,0,0,0,0,0,0,0,0,0,0,0,0,0,0,0,0,0,0,1,0,0,0,0,0,0,0,0,0,0,0,1,0,0,0,0,0,0,0,0,0,0,0,0,0,0,0,0,0,0,0,0,0,0,0,0,0,0,0,0,0,0,0,0,0,0,0,0,0,0,0,0
AF-P35610-F1-model_v4,ten_percent_graphs/graph_AF-P35610-F1-model_v4.pt,ten_percent_voxels/voxel_AF-P35610-F1-model_v4.pt,P35610,0,0,0,0,0,1,0,0,0,0,0,1,0,0,0,0,1,0,0,1,0,0,0,0,0,0,0,0,0,0,0,0,0,0,0,0,0,0,0,0,0,0,0,0,0,0,0,0,0,0,0,0,0,0,0,0,0,0,0,0,0,0,0,0,0,0,0,0,0,0,0,0,0,0,0,0,0,0,0,0,0,0,0,0,0,0,0,0,0,0,0,0,0,0,0,0,0,0,0,0
AF-Q6ICB0-F1-model_v4,ten_percent_graphs/graph_AF-Q6ICB0-F1-model_v4.pt,ten_percent_voxels/voxel_AF-Q6ICB0-F1-model_v4.pt,Q6ICB0,1,1,0,0,0,0,0,0,0,0,0,1,0,0,0,0,0,0,0,0,0,0,0,0,0,0,0,0,0,0,0,0,0,0,1,0,0,0,0,0,0,0,0,0,1,0,0,0,0,0,0,0,0,0,0,0,0,0,0,0,0,0,0,0,0,0,0,0,0,0,0,0,0,0,0,0,0,0,0,0,0,0,0,0,0,0,0,0,0,0,0,0,0,0,0,0,0,0,0,0
AF-A3KME0-F1-model_v4,ten_percent_graphs/graph_AF-A3KME0-F1-model_v4.pt,ten_percent_voxels/voxel_AF-A3KME0-F1-model_v4.pt,A3KME0,0,0,0,0,1,0,0,0,0,0,0,0,0,0,0,0,0,0,0,0,0,0,0,0,0,0,0,0,0,0,0,0,0,0,0,0,0,0,0,0,0,0,0,0,0,0,0,0,0,0,0,0,0,0,0,0,0,0,0,0,0,0,0,0,0,0,0,0,0,0,0,0,0,0,0,0,0,0,0,0,0,0,0,0,0,0,0,0,0,0,0,0,0,0,0,0,0,0,0,0
AF-O95450-F1-model_v4,ten_percent_graphs/graph_AF-O95450-F1-model_v4.pt,ten_percent_voxels/voxel_AF-O95450-F1-model_v4.pt,O95450,0,0,0,0,0,0,0,0,0,1,0,0,0,0,0,0,0,0,0,0,0,0,0,0,0,0,0,0,0,0,1,0,0,0,0,0,0,0,0,0,0,0,0,0,0,0,0,0,0,0,0,0,0,0,0,0,0,0,0,0,0,0,0,0,0,0,0,0,0,0,0,0,0,0,0,0,0,0,0,0,0,0,1,0,0,0,0,0,0,0,0,0,0,0,0,0,0,0,0,0
AF-O00294-F1-model_v4,ten_percent_graphs/graph_AF-O00294-F1-model_v4.pt,ten_percent_voxels/voxel_AF-O00294-F1-model_v4.pt,O00294,0,1,1,0,0,0,0,0,0,1,0,0,0,0,0,0,0,0,0,0,0,0,0,0,0,0,0,0,0,0,0,0,0,0,0,0,0,0,0,0,0,0,0,0,0,0,0,0,0,0,0,0,0,0,0,0,0,0,0,0,0,0,0,0,0,0,0,0,0,0,0,0,1,0,0,0,0,0,0,0,0,0,0,0,0,0,0,0,0,0,0,0,0,0,1,0,0,0,0,0
AF-P31930-F1-model_v4,ten_percent_graphs/graph_AF-P31930-F1-model_v4.pt,ten_percent_voxels/voxel_AF-P31930-F1-model_v4.pt,P31930,0,0,0,0,0,0,1,0,0,0,1,0,0,0,0,0,0,0,0,0,0,0,0,0,0,0,0,0,0,0,0,0,0,0,0,0,0,0,0,0,0,0,0,0,0,0,0,0,0,0,0,1,1,0,0,0,0,0,0,0,0,0,0,0,0,0,0,0,0,0,0,0,0,0,0,0,0,0,0,0,0,0,0,0,0,0,0,0,0,0,0,0,0,0,0,0,0,0,0,0
AF-O75362-F1-model_v4,ten_percent_graphs/graph_AF-O75362-F1-model_v4.pt,ten_percent_voxels/voxel_AF-O75362-F1-model_v4.pt,O75362,1,0,0,0,1,0,1,0,0,0,1,0,0,0,0,1,0,0,0,0,1,0,0,0,1,0,0,0,0,0,0,0,0,0,0,0,0,0,0,0,0,1,0,0,0,0,1,0,0,1,0,0,0,0,0,0,0,0,0,0,0,0,0,0,0,0,0,0,0,1,0,0,0,0,0,0,0,0,0,0,0,0,0,0,0,0,0,0,0,0,0,0,1,0,0,0,0,0,0,0
AF-Q9NTJ3-F1-model_v4,ten_percent_graphs/graph_AF-Q9NTJ3-F1-model_v4.pt,ten_percent_voxels/voxel_AF-Q9NTJ3-F1-model_v4.pt,Q9NTJ3,1,1,0,0,1,0,0,0,0,0,0,0,0,0,1,0,0,0,0,0,0,0,0,0,0,0,0,0,0,0,0,0,0,0,0,0,0,0,0,0,0,0,0,0,0,1,0,0,0,0,0,0,0,0,0,0,0,0,0,1,0,0,0,0,0,0,0,0,0,1,0,0,0,0,1,0,0,0,0,0,0,0,0,0,0,0,0,0,0,0,0,0,0,0,0,0,0,0,0,0
AF-P0DL12-F1-model_v4,ten_percent_graphs/graph_AF-P0DL12-F1-model_v4.pt,ten_percent_voxels/voxel_AF-P0DL12-F1-model_v4.pt,P0DL12,0,0,0,0,0,1,0,0,0,0,0,0,0,0,0,0,0,0,0,0,0,0,0,0,0,0,0,0,0,0,0,0,0,0,0,0,0,0,0,0,0,0,0,0,0,0,0,0,0,0,0,0,0,0,0,0,0,0,0,0,0,0,0,0,0,0,0,0,0,0,0,0,0,0,0,0,0,0,0,0,0,0,0,0,0,0,0,0,0,0,0,0,0,0,0,0,0,0,0,0
AF-P23919-F1-model_v4,ten_percent_graphs/graph_AF-P23919-F1-model_v4.pt,ten_percent_voxels/voxel_AF-P23919-F1-model_v4.pt,P23919,1,1,0,1,0,0,0,0,0,0,1,0,0,0,1,0,0,0,0,0,0,0,0,0,0,0,0,0,0,0,0,0,0,0,0,0,0,0,1,0,0,0,0,0,0,0,0,0,0,0,0,0,0,0,0,0,0,0,0,0,0,0,0,0,0,0,0,0,0,0,0,0,0,0,0,0,0,0,0,0,0,0,0,0,0,0,0,0,0,0,0,0,0,0,0,0,0,0,0,0
AF-Q14549-F1-model_v4,ten_percent_graphs/graph_AF-Q14549-F1-model_v4.pt,ten_percent_voxels/voxel_AF-Q14549-F1-model_v4.pt,Q14549,1,0,0,0,0,0,0,0,0,0,0,0,1,0,0,1,0,0,1,0,0,0,0,0,0,0,0,0,0,0,0,0,0,0,0,0,0,0,0,0,0,0,0,0,0,0,0,0,0,0,0,0,0,1,0,0,0,0,0,0,0,0,0,0,0,0,0,0,0,0,0,0,0,0,0,0,0,0,0,0,0,0,0,0,0,0,0,0,0,0,0,0,0,0,0,0,0,0,0,0
AF-Q16875-F1-model_v4,ten_percent_graphs/graph_AF-Q16875-F1-model_v4.pt,ten_percent_voxels/voxel_AF-Q16875-F1-model_v4.pt,Q16875,0,1,0,0,1,0,0,0,0,0,0,0,0,0,1,0,0,0,0,0,0,0,0,0,0,0,0,0,0,0,0,0,0,0,0,0,0,0,0,0,0,0,0,0,0,0,0,0,0,0,0,0,0,0,0,0,0,0,0,0,0,0,0,0,0,0,0,0,0,0,1,0,0,0,0,0,0,0,0,0,0,0,0,0,0,0,0,0,0,0,0,0,0,0,0,0,0,0,0,0
AF-B3KNS4-F1-model_v4,ten_percent_graphs/graph_AF-B3KNS4-F1-model_v4.pt,ten_percent_voxels/voxel_AF-B3KNS4-F1-model_v4.pt,B3KNS4,0,0,0,0,0,0,0,0,0,0,0,0,0,0,0,0,0,0,0,0,0,0,0,0,0,0,0,0,0,0,0,0,0,0,0,0,0,0,0,0,0,0,0,0,0,0,0,0,0,0,0,0,0,0,0,0,0,0,0,0,0,0,0,0,0,0,0,0,0,0,0,0,0,0,0,0,0,0,0,0,0,0,0,0,0,0,0,0,0,0,0,0,0,0,0,0,0,0,0,0
AF-Q9Y5Y4-F1-model_v4,ten_percent_graphs/graph_AF-Q9Y5Y4-F1-model_v4.pt,ten_percent_voxels/voxel_AF-Q9Y5Y4-F1-model_v4.pt,Q9Y5Y4,0,0,1,0,0,0,0,0,0,0,0,0,0,0,0,0,0,0,0,0,0,0,0,0,0,0,0,0,0,0,0,0,0,0,0,0,0,0,0,0,0,0,0,0,0,0,0,0,0,0,0,0,0,0,1,0,0,0,1,0,0,0,0,0,0,0,0,0,0,0,0,0,0,1,0,0,1,0,0,0,0,0,0,0,0,0,0,0,0,0,0,0,0,0,0,0,0,0,0,0
AF-P56750-F1-model_v4,ten_percent_graphs/graph_AF-P56750-F1-model_v4.pt,ten_percent_voxels/voxel_AF-P56750-F1-model_v4.pt,P56750,0,0,1,0,0,0,0,0,0,0,0,1,0,0,0,0,0,0,0,0,0,0,0,0,0,0,0,0,0,0,0,0,0,0,0,0,0,0,0,0,0,0,0,0,0,0,0,0,0,0,1,0,0,0,0,0,0,0,0,0,0,0,0,0,0,0,0,0,0,0,0,0,0,0,0,0,0,0,0,0,0,0,0,0,0,0,0,0,0,0,0,0,0,0,0,0,0,0,0,1
AF-Q9Y2X9-F1-model_v4,ten_percent_graphs/graph_AF-Q9Y2X9-F1-model_v4.pt,ten_percent_voxels/voxel_AF-Q9Y2X9-F1-model_v4.pt,Q9Y2X9,1,0,0,0,1,0,1,0,0,0,0,0,0,0,0,1,0,0,0,0,1,0,0,0,1,0,0,0,0,0,0,0,0,0,0,0,0,1,0,1,0,1,0,0,0,0,1,0,0,1,0,0,0,0,0,0,0,0,0,0,0,0,0,0,0,0,0,0,0,0,0,0,0,0,0,0,0,1,0,0,0,0,0,0,0,0,0,0,0,0,0,0,1,0,0,0,0,1,0,0
AF-P56277-F1-model_v4,ten_percent_graphs/graph_AF-P56277-F1-model_v4.pt,ten_percent_voxels/voxel_AF-P56277-F1-model_v4.pt,P56277,0,0,0,0,0,0,0,0,0,0,1,0,0,0,0,0,0,0,0,0,0,0,0,0,0,0,0,0,0,0,0,0,0,0,0,0,0,0,0,0,0,0,0,0,0,0,0,0,0,0,0,0,0,0,0,0,0,0,0,0,0,0,0,0,0,0,0,0,0,0,0,0,0,0,0,0,0,0,0,0,0,0,0,0,0,0,0,0,0,0,0,0,0,0,0,0,0,0,0,0
AF-P61366-F1-model_v4,ten_percent_graphs/graph_AF-P61366-F1-model_v4.pt,ten_percent_voxels/voxel_AF-P61366-F1-model_v4.pt,P61366,0,0,0,0,0,0,0,1,0,0,0,0,0,0,0,0,0,0,0,0,0,0,0,0,0,0,0,0,0,0,0,0,0,1,0,0,0,0,0,0,0,0,0,1,0,0,0,0,0,0,0,0,0,0,0,0,0,0,0,0,0,0,0,0,0,0,0,0,0,0,0,0,0,0,0,0,0,0,0,0,0,0,0,0,0,0,0,0,0,0,0,0,0,0,0,0,0,0,0,0
AF-Q96B26-F1-model_v4,ten_percent_graphs/graph_AF-Q96B26-F1-model_v4.pt,ten_percent_voxels/voxel_AF-Q96B26-F1-model_v4.pt,Q96B26,1,1,0,1,1,0,0,0,0,0,0,1,0,0,0,0,0,0,0,0,0,0,0,0,0,1,1,0,0,0,0,0,0,0,0,0,0,0,0,0,0,0,0,0,0,0,0,0,0,0,0,0,0,0,0,0,0,0,0,0,0,0,0,0,0,0,0,0,0,0,0,0,0,0,0,0,0,0,0,0,0,0,0,0,0,0,0,0,0,0,0,0,0,0,0,0,0,0,0,0
AF-O95486-F1-model_v4,ten_percent_graphs/graph_AF-O95486-F1-model_v4.pt,ten_percent_voxels/voxel_AF-O95486-F1-model_v4.pt,O95486,0,1,0,0,0,0,0,0,0,0,0,0,0,0,0,0,0,0,0,1,0,0,0,0,0,0,0,0,0,0,1,0,0,0,0,0,0,0,0,0,0,0,0,0,0,0,0,0,0,0,0,0,0,0,0,0,0,0,0,0,0,0,0,0,0,0,0,0,0,0,0,0,0,0,0,0,0,0,0,0,0,0,0,0,0,0,0,0,0,0,0,0,0,0,0,0,0,0,0,0
AF-A4D1D0-F1-model_v4,ten_percent_graphs/graph_AF-A4D1D0-F1-model_v4.pt,ten_percent_voxels/voxel_AF-A4D1D0-F1-model_v4.pt,A4D1D0,0,0,0,0,0,0,0,0,0,0,0,0,0,0,0,0,0,0,0,0,0,0,0,0,0,0,0,0,0,0,0,1,0,0,0,0,0,0,0,0,0,0,0,0,0,0,0,0,0,0,0,0,0,0,0,0,0,0,0,0,0,0,0,0,0,0,0,0,0,0,0,0,0,0,0,0,0,0,0,0,0,0,0,0,0,0,0,0,0,0,0,0,0,0,0,1,0,0,0,0
AF-Q8NGV0-F1-model_v4,ten_percent_graphs/graph_AF-Q8NGV0-F1-model_v4.pt,ten_percent_voxels/voxel_AF-Q8NGV0-F1-model_v4.pt,Q8NGV0,0,0,1,0,0,0,0,0,0,0,0,0,0,0,0,0,0,0,0,0,0,0,0,0,0,0,0,0,0,0,0,0,0,0,0,0,0,0,0,0,0,0,0,0,0,0,0,0,0,0,0,0,0,0,0,0,0,0,1,0,0,0,0,0,0,0,0,0,0,0,0,0,0,0,0,0,0,0,0,0,0,0,0,0,0,0,0,0,0,0,0,0,0,0,0,0,0,0,0,0
AF-Q96G01-F1-model_v4,ten_percent_graphs/graph_AF-Q96G01-F1-model_v4.pt,ten_percent_voxels/voxel_AF-Q96G01-F1-model_v4.pt,Q96G01,0,1,0,0,0,1,0,0,0,0,0,0,0,0,0,0,0,1,0,0,0,0,0,0,0,0,0,0,0,0,0,0,0,0,0,0,1,0,0,0,1,0,0,0,0,0,0,0,0,0,0,0,0,0,0,0,0,0,0,0,1,0,1,0,0,0,0,0,0,0,0,0,0,0,0,0,0,0,0,1,0,0,0,0,0,0,0,0,0,0,0,0,0,0,0,0,0,0,0,0
AF-Q14576-F1-model_v4,ten_percent_graphs/graph_AF-Q14576-F1-model_v4.pt,ten_percent_voxels/voxel_AF-Q14576-F1-model_v4.pt,Q14576,0,0,0,0,0,0,0,0,0,0,0,0,0,0,0,0,0,0,0,0,0,0,0,0,0,0,0,0,0,0,0,0,0,1,0,0,0,0,0,0,0,0,0,0,0,0,0,0,0,0,0,0,0,0,0,0,0,0,0,0,0,0,0,0,0,0,0,0,0,0,0,0,0,0,0,1,0,0,0,0,0,0,0,0,0,0,0,0,0,0,0,0,0,0,0,0,1,0,0,0
AF-Q9HA72-F1-model_v4,ten_percent_graphs/graph_AF-Q9HA72-F1-model_v4.pt,ten_percent_voxels/voxel_AF-Q9HA72-F1-model_v4.pt,Q9HA72,0,0,1,0,0,0,0,0,0,0,0,0,0,0,0,0,0,0,0,0,0,0,0,0,0,0,0,0,0,0,0,0,0,0,0,0,0,0,0,0,0,0,0,0,0,0,0,0,0,0,0,0,0,0,0,0,0,0,0,0,0,0,0,0,0,0,0,0,0,0,0,0,0,0,0,0,0,0,0,0,0,0,0,0,0,0,0,0,0,0,0,0,0,0,0,0,0,0,1,0
AF-P50749-F1-model_v4,ten_percent_graphs/graph_AF-P50749-F1-model_v4.pt,ten_percent_voxels/voxel_AF-P50749-F1-model_v4.pt,P50749,1,1,1,1,1,0,0,0,0,0,0,0,0,0,0,0,0,1,0,0,0,0,0,1,0,0,0,0,0,0,0,0,0,0,1,0,0,0,0,0,0,0,0,0,0,0,0,0,0,0,0,0,0,0,0,0,0,0,0,0,0,0,0,0,0,0,0,0,0,0,0,0,0,0,0,0,0,0,0,0,0,0,0,0,0,0,0,0,0,0,0,0,0,0,0,0,0,0,1,0
AF-Q9Y2V0-F1-model_v4,ten_percent_graphs/graph_AF-Q9Y2V0-F1-model_v4.pt,ten_percent_voxels/voxel_AF-Q9Y2V0-F1-model_v4.pt,Q9Y2V0,1,0,0,1,0,0,0,0,0,0,0,0,0,0,0,0,0,0,0,0,0,0,0,0,0,0,0,0,0,0,0,0,0,0,0,0,0,0,0,0,0,0,0,0,0,0,0,0,0,0,0,0,0,0,0,0,0,0,0,0,0,0,0,0,0,0,0,0,0,0,0,0,0,0,0,0,0,0,0,0,0,0,0,0,0,0,0,0,0,0,0,0,0,0,0,0,0,0,0,0
AF-Q9BX40-F1-model_v4,ten_percent_graphs/graph_AF-Q9BX40-F1-model_v4.pt,ten_percent_voxels/voxel_AF-Q9BX40-F1-model_v4.pt,Q9BX40,0,0,0,0,0,0,0,0,0,0,0,0,0,1,0,0,0,0,0,0,0,0,0,0,0,0,0,0,0,0,0,0,0,0,0,0,0,0,0,0,0,0,0,0,0,0,0,0,0,0,0,0,0,0,0,0,0,0,0,0,0,0,0,0,0,0,0,0,0,0,0,0,0,0,0,0,0,0,0,0,0,0,0,0,0,0,0,0,0,0,0,0,0,0,0,0,1,0,0,0
AF-Q8IWZ8-F1-model_v4,ten_percent_graphs/graph_AF-Q8IWZ8-F1-model_v4.pt,ten_percent_voxels/voxel_AF-Q8IWZ8-F1-model_v4.pt,Q8IWZ8,0,0,0,0,1,0,0,0,0,0,0,0,0,1,0,0,0,0,0,0,0,0,0,0,0,0,0,0,0,0,0,0,0,0,0,0,0,0,0,0,0,0,0,0,0,0,0,0,0,0,0,0,0,0,0,0,0,0,0,0,0,0,0,0,0,0,0,0,0,0,0,0,0,0,0,0,0,0,0,0,0,0,0,0,0,0,0,0,0,0,0,0,0,0,0,0,0,0,0,0
AF-P25398-F1-model_v4,ten_percent_graphs/graph_AF-P25398-F1-model_v4.pt,ten_percent_voxels/voxel_AF-P25398-F1-model_v4.pt,P25398,0,1,0,1,1,1,0,0,0,0,0,0,0,1,0,0,0,1,0,0,0,0,0,0,0,1,1,0,0,0,0,0,0,0,0,0,0,0,0,0,0,0,0,0,0,0,0,0,0,0,0,0,0,0,0,0,0,0,0,0,0,0,0,0,0,0,0,0,0,0,0,0,0,0,0,0,0,0,0,0,0,0,0,0,0,0,0,0,0,0,0,0,0,0,0,0,0,0,0,0
AF-P23368-F1-model_v4,ten_percent_graphs/graph_AF-P23368-F1-model_v4.pt,ten_percent_voxels/voxel_AF-P23368-F1-model_v4.pt,P23368,0,0,0,0,0,0,1,0,0,0,1,0,0,0,0,0,0,0,0,0,0,0,0,0,0,0,1,0,0,0,0,0,0,0,0,0,0,0,1,0,0,0,0,0,0,0,0,0,0,0,0,0,0,0,0,0,0,0,0,0,0,0,0,0,0,0,0,0,0,0,0,0,0,0,0,0,0,0,0,0,0,0,0,0,0,0,0,0,0,0,0,0,0,0,0,0,0,0,0,0
AF-Q16204-F1-model_v4,ten_percent_graphs/graph_AF-Q16204-F1-model_v4.pt,ten_percent_voxels/voxel_AF-Q16204-F1-model_v4.pt,Q16204,0,1,0,0,0,0,0,0,0,0,0,1,0,0,0,0,0,0,0,0,0,0,0,0,0,0,0,0,0,0,0,0,0,0,0,0,0,0,0,0,0,0,0,0,0,0,0,0,0,0,0,0,0,0,0,0,0,0,0,0,1,0,0,0,0,0,0,0,0,0,0,0,0,0,0,0,0,0,0,0,0,0,0,0,0,0,0,0,0,0,0,0,0,0,0,0,0,0,0,0
AF-Q96J84-F1-model_v4,ten_percent_graphs/graph_AF-Q96J84-F1-model_v4.pt,ten_percent_voxels/voxel_AF-Q96J84-F1-model_v4.pt,Q96J84,0,0,1,0,0,0,0,0,0,0,0,0,0,0,0,0,0,0,0,0,0,0,0,0,0,0,0,0,0,0,0,0,0,0,0,0,0,0,0,0,1,0,0,0,0,0,0,0,0,0,0,0,0,0,0,0,0,0,0,0,0,0,0,0,0,0,0,0,0,0,0,0,0,0,0,0,0,0,0,0,0,0,0,0,0,0,0,0,0,0,0,0,0,0,0,0,0,0,0,0
AF-Q9HC77-F1-model_v4,ten_percent_graphs/graph_AF-Q9HC77-F1-model_v4.pt,ten_percent_voxels/voxel_AF-Q9HC77-F1-model_v4.pt,Q9HC77,0,1,0,1,0,0,0,0,0,0,0,1,0,0,0,0,0,0,0,0,0,0,0,0,0,0,0,0,0,0,0,0,0,0,0,0,1,0,0,0,0,0,0,0,0,0,0,0,0,0,0,0,0,0,0,0,0,0,0,1,0,0,1,0,0,0,0,0,0,0,0,0,0,0,0,0,0,0,0,0,0,0,0,0,0,0,0,0,0,0,0,0,0,1,0,0,0,0,0,0
AF-Q9Y330-F1-model_v4,ten_percent_graphs/graph_AF-Q9Y330-F1-model_v4.pt,ten_percent_voxels/voxel_AF-Q9Y330-F1-model_v4.pt,Q9Y330,0,0,0,0,1,0,1,0,0,0,0,0,0,0,0,0,0,0,0,0,1,0,0,0,1,0,0,0,0,0,0,0,0,0,0,0,0,1,0,0,0,0,0,0,0,0,0,0,0,0,0,0,0,0,0,0,0,0,0,0,0,0,0,0,0,0,0,0,0,0,0,0,0,0,0,0,0,0,0,0,0,0,0,0,0,0,0,0,0,0,0,0,1,0,0,0,0,0,0,0
AF-Q14773-F1-model_v4,ten_percent_graphs/graph_AF-Q14773-F1-model_v4.pt,ten_percent_voxels/voxel_AF-Q14773-F1-model_v4.pt,Q14773,0,0,1,0,0,1,0,0,0,1,0,0,0,0,0,0,0,0,0,0,0,0,0,0,0,0,0,0,0,0,0,0,0,0,0,0,0,0,0,0,0,0,0,0,0,0,0,0,0,0,1,0,0,0,0,0,0,0,0,0,0,0,0,0,0,0,0,0,0,0,0,0,0,0,0,0,0,0,0,0,0,0,0,0,0,0,0,0,0,0,0,0,0,0,0,0,0,0,0,0
AF-D6RBQ6-F1-model_v4,ten_percent_graphs/graph_AF-D6RBQ6-F1-model_v4.pt,ten_percent_voxels/voxel_AF-D6RBQ6-F1-model_v4.pt,D6RBQ6,1,1,0,0,0,0,0,0,0,0,0,0,0,0,0,0,1,0,0,0,0,0,0,0,0,0,0,0,0,0,0,0,0,0,0,0,0,0,0,0,0,0,0,0,1,0,0,0,0,0,0,0,0,0,0,0,0,0,0,0,0,0,0,0,0,0,0,0,0,0,0,0,0,0,0,0,0,0,0,0,0,0,0,0,0,0,0,0,0,0,0,0,0,0,0,0,0,0,0,0
AF-Q9BYQ0-F1-model_v4,ten_percent_graphs/graph_AF-Q9BYQ0-F1-model_v4.pt,ten_percent_voxels/voxel_AF-Q9BYQ0-F1-model_v4.pt,Q9BYQ0,0,1,0,0,0,0,0,0,0,0,0,0,0,0,0,0,0,0,0,0,0,0,0,0,0,0,0,0,0,0,0,0,0,0,0,0,0,0,0,0,0,0,0,0,0,0,0,0,0,0,0,0,0,0,0,0,0,0,0,0,0,0,0,0,0,0,0,0,0,0,0,0,0,0,0,0,0,0,0,0,0,0,0,0,0,0,0,0,0,0,0,0,0,0,0,0,0,0,0,0
AF-Q9UBR5-F1-model_v4,ten_percent_graphs/graph_AF-Q9UBR5-F1-model_v4.pt,ten_percent_voxels/voxel_AF-Q9UBR5-F1-model_v4.pt,Q9UBR5,0,0,0,0,0,1,0,1,0,1,0,0,0,0,0,0,0,0,0,0,0,0,0,0,0,0,0,0,0,0,0,0,0,0,0,0,0,0,0,0,0,0,0,0,0,0,0,0,0,0,0,0,0,0,0,0,0,0,0,0,0,0,0,0,0,0,0,0,0,0,0,0,0,0,0,0,0,0,0,0,0,0,0,0,0,0,0,0,0,0,0,0,0,0,0,0,0,0,0,0
AF-Q9UD57-F1-model_v4,ten_percent_graphs/graph_AF-Q9UD57-F1-model_v4.pt,ten_percent_voxels/voxel_AF-Q9UD57-F1-model_v4.pt,Q9UD57,1,0,0,0,0,0,0,0,0,0,0,0,1,0,0,1,0,0,1,0,1,0,0,0,0,0,0,0,0,0,0,0,0,1,0,0,0,0,0,0,0,0,0,0,0,0,0,0,0,0,0,0,0,0,0,0,0,0,0,0,0,0,0,0,0,0,0,0,0,0,0,0,0,0,0,0,0,0,0,0,0,0,0,0,0,0,0,0,0,0,0,0,0,0,0,0,0,0,0,0
AF-Q08J23-F1-model_v4,ten_percent_graphs/graph_AF-Q08J23-F1-model_v4.pt,ten_percent_voxels/voxel_AF-Q08J23-F1-model_v4.pt,Q08J23,1,0,0,1,1,0,0,0,1,0,1,0,0,1,0,0,0,0,0,0,0,0,0,0,0,1,0,0,0,0,0,0,0,0,0,0,0,0,0,0,0,0,0,0,0,0,0,0,0,0,0,0,0,0,0,0,0,0,0,1,0,0,0,0,0,0,0,0,0,0,0,0,0,0,0,0,0,0,0,0,0,0,0,0,0,0,0,0,0,0,0,0,0,0,0,0,0,0,0,0
AF-Q9GZN4-F1-model_v4,ten_percent_graphs/graph_AF-Q9GZN4-F1-model_v4.pt,ten_percent_voxels/voxel_AF-Q9GZN4-F1-model_v4.pt,Q9GZN4,0,0,0,0,0,0,0,1,0,0,0,0,0,0,0,0,0,0,0,0,0,0,0,0,0,0,0,0,0,0,0,0,0,0,0,0,0,0,0,0,0,0,0,0,1,0,0,0,0,0,0,0,0,0,0,0,0,0,0,0,0,0,0,0,0,0,0,0,0,0,0,0,0,0,0,0,0,0,0,0,0,0,0,0,0,0,0,0,0,0,0,0,0,0,0,0,0,0,0,0
AF-Q96CW6-F1-model_v4,ten_percent_graphs/graph_AF-Q96CW6-F1-model_v4.pt,ten_percent_voxels/voxel_AF-Q96CW6-F1-model_v4.pt,Q96CW6,1,0,0,1,0,0,0,0,0,0,0,0,0,0,0,0,0,0,0,0,0,0,0,0,0,0,0,0,0,0,0,0,0,0,0,0,0,0,0,0,0,0,0,0,0,0,0,0,0,0,0,0,0,0,0,0,0,0,0,0,0,0,0,0,0,0,0,0,0,0,0,0,0,0,0,0,0,0,0,0,0,0,0,0,0,0,0,0,0,0,0,0,0,0,0,0,0,0,0,0
AF-Q9UN19-F1-model_v4,ten_percent_graphs/graph_AF-Q9UN19-F1-model_v4.pt,ten_percent_voxels/voxel_AF-Q9UN19-F1-model_v4.pt,Q9UN19,0,1,1,0,0,0,0,0,0,0,0,0,0,0,0,0,0,0,0,0,0,0,0,1,0,0,0,0,0,0,0,0,0,0,0,0,0,0,0,0,0,0,0,0,0,0,0,0,0,0,0,0,0,0,0,0,0,0,0,0,0,0,0,0,0,0,0,0,0,0,0,0,0,0,0,0,0,0,0,0,0,0,0,0,0,0,0,0,0,0,0,0,0,0,0,0,0,0,0,0
AF-A6NLU0-F1-model_v4,ten_percent_graphs/graph_AF-A6NLU0-F1-model_v4.pt,ten_percent_voxels/voxel_AF-A6NLU0-F1-model_v4.pt,A6NLU0,0,1,0,1,1,0,1,0,0,0,0,0,0,0,0,0,0,0,0,0,0,0,0,0,0,0,0,0,1,0,0,0,0,0,0,1,0,0,0,0,0,0,0,0,0,0,0,0,0,0,0,0,0,0,0,0,0,0,0,0,0,0,1,0,0,0,0,0,0,0,0,0,0,0,0,0,0,0,0,0,0,0,0,1,0,0,0,0,0,0,0,0,0,0,0,0,0,0,0,0
AF-P14151-F1-model_v4,ten_percent_graphs/graph_AF-P14151-F1-model_v4.pt,ten_percent_voxels/voxel_AF-P14151-F1-model_v4.pt,P14151,0,0,1,0,0,0,0,1,0,0,0,0,0,0,0,0,0,0,0,0,0,0,0,0,0,0,0,1,0,0,0,0,0,0,0,0,0,0,0,0,0,0,1,0,0,0,0,0,0,0,1,0,0,0,0,0,0,0,0,0,0,0,0,0,0,0,0,0,0,0,0,0,0,0,0,0,0,0,0,0,0,0,0,0,0,0,0,0,0,0,0,0,0,0,0,0,0,0,0,0
AF-O95747-F1-model_v4,ten_percent_graphs/graph_AF-O95747-F1-model_v4.pt,ten_percent_voxels/voxel_AF-O95747-F1-model_v4.pt,O95747,0,1,0,1,0,0,0,0,1,0,0,1,0,0,1,0,0,0,0,0,0,0,0,1,0,0,0,0,0,0,0,0,0,0,0,0,0,0,0,0,0,0,0,0,0,0,0,0,0,0,0,0,0,0,0,0,0,0,0,0,0,0,1,0,0,0,0,0,1,0,0,0,0,0,0,0,0,0,0,0,0,0,0,0,0,0,0,0,0,0,0,0,0,0,0,0,0,0,0,0
AF-O95260-F1-model_v4,ten_percent_graphs/graph_AF-O95260-F1-model_v4.pt,ten_percent_voxels/voxel_AF-O95260-F1-model_v4.pt,O95260,1,0,0,1,0,0,0,0,0,0,0,0,0,0,0,0,0,0,0,0,0,0,0,0,0,0,0,0,0,0,0,0,0,0,0,0,0,0,0,0,0,0,0,0,0,0,0,0,0,0,0,0,0,0,0,0,0,0,0,0,0,0,0,0,0,0,0,0,0,0,0,0,0,0,0,0,0,0,0,0,0,0,0,0,0,0,0,0,0,0,0,0,0,0,0,0,0,0,0,0
AF-A8K727-F1-model_v4,ten_percent_graphs/graph_AF-A8K727-F1-model_v4.pt,ten_percent_voxels/voxel_AF-A8K727-F1-model_v4.pt,A8K727,1,0,1,1,0,1,0,0,0,0,0,0,0,0,0,0,0,0,0,0,0,0,0,0,0,0,0,0,0,0,0,0,0,0,1,0,0,0,0,0,0,0,0,0,0,0,0,0,0,0,0,0,0,0,0,0,0,0,0,0,0,0,0,0,0,0,0,0,0,0,0,0,0,0,0,0,0,0,0,0,0,0,0,0,0,0,0,0,0,0,0,0,0,0,0,0,0,0,0,0
AF-Q6ZMP0-F1-model_v4,ten_percent_graphs/graph_AF-Q6ZMP0-F1-model_v4.pt,ten_percent_voxels/voxel_AF-Q6ZMP0-F1-model_v4.pt,Q6ZMP0,0,0,0,0,0,0,0,0,1,0,0,0,0,0,0,0,0,0,0,0,0,0,0,0,0,0,0,0,0,0,0,0,0,0,0,0,0,0,0,0,0,0,0,0,0,0,0,0,0,0,0,0,0,0,0,0,0,0,0,0,0,0,0,0,0,0,0,0,0,0,0,0,0,0,0,0,0,0,0,0,0,0,0,0,0,0,0,0,0,0,0,0,0,0,0,0,0,0,0,0
AF-Q5BKX8-F1-model_v4,ten_percent_graphs/graph_AF-Q5BKX8-F1-model_v4.pt,ten_percent_voxels/voxel_AF-Q5BKX8-F1-model_v4.pt,Q5BKX8,0,1,1,1,0,0,0,0,0,0,0,0,0,0,0,0,0,0,0,0,0,1,0,0,0,0,0,0,0,0,0,0,0,1,0,0,0,0,0,0,0,0,0,0,0,0,0,0,0,0,0,0,0,0,0,0,0,0,0,0,0,0,0,0,0,0,0,0,0,0,0,0,0,0,0,0,0,0,0,0,0,0,0,0,0,0,0,0,0,0,0,0,0,0,0,0,0,0,0,0
AF-Q9ULV1-F1-model_v4,ten_percent_graphs/graph_AF-Q9ULV1-F1-model_v4.pt,ten_percent_voxels/voxel_AF-Q9ULV1-F1-model_v4.pt,Q9ULV1,0,0,1,0,0,0,0,0,0,0,0,0,0,0,0,0,0,0,0,0,0,0,0,0,0,0,0,0,1,0,0,1,1,0,0,0,0,0,0,1,0,0,0,0,0,0,0,0,0,0,0,0,1,0,0,0,0,0,1,0,0,0,0,0,0,0,0,1,0,0,0,0,0,0,0,0,0,0,0,0,1,0,0,0,0,0,0,0,0,0,0,0,0,0,0,0,0,0,0,0
AF-Q6ZN55-F1-model_v4,ten_percent_graphs/graph_AF-Q6ZN55-F1-model_v4.pt,ten_percent_voxels/voxel_AF-Q6ZN55-F1-model_v4.pt,Q6ZN55,1,0,0,0,0,0,1,0,0,0,0,0,1,0,0,0,0,0,0,0,1,0,0,0,0,0,0,0,0,0,0,0,0,0,0,0,0,0,0,0,0,0,0,0,0,0,0,0,1,0,0,0,0,0,0,0,0,0,0,0,0,0,0,0,0,0,0,0,0,0,0,0,0,0,0,0,0,0,0,0,0,0,0,0,0,0,0,0,0,0,0,0,0,0,0,0,0,0,0,0
AF-Q8N9F8-F1-model_v4,ten_percent_graphs/graph_AF-Q8N9F8-F1-model_v4.pt,ten_percent_voxels/voxel_AF-Q8N9F8-F1-model_v4.pt,Q8N9F8,1,0,0,0,0,0,1,0,0,0,0,0,1,0,0,1,0,0,0,0,1,0,0,0,0,0,0,0,0,0,0,0,0,0,0,0,0,1,0,0,0,0,0,0,0,0,0,0,0,0,0,0,0,0,0,0,0,0,0,0,0,0,0,0,0,0,0,0,0,0,0,0,0,0,0,0,0,0,0,0,0,0,0,0,0,0,0,0,0,0,0,0,0,0,0,0,0,0,0,0
AF-Q14390-F1-model_v4,ten_percent_graphs/graph_AF-Q14390-F1-model_v4.pt,ten_percent_voxels/voxel_AF-Q14390-F1-model_v4.pt,Q14390,0,0,0,0,0,0,0,0,1,0,0,0,0,0,0,0,0,0,0,0,0,0,0,0,0,0,0,0,0,0,0,0,0,0,0,0,0,0,0,0,0,0,0,0,0,0,0,0,0,0,0,0,0,0,0,0,0,0,0,0,0,0,0,0,0,0,0,0,0,0,0,0,0,0,0,0,0,0,0,0,0,0,0,0,0,0,0,0,0,0,0,0,0,0,0,0,0,0,0,0
AF-Q96N67-F1-model_v4,ten_percent_graphs/graph_AF-Q96N67-F1-model_v4.pt,ten_percent_voxels/voxel_AF-Q96N67-F1-model_v4.pt,Q96N67,0,0,0,0,0,0,0,0,0,0,0,0,0,0,0,0,0,0,0,0,0,0,0,0,0,0,0,0,0,0,0,0,0,0,0,0,0,0,0,0,0,0,0,0,0,0,0,0,0,0,0,0,0,0,0,0,0,1,0,0,0,0,0,0,0,0,0,0,0,0,0,0,0,0,0,0,1,0,0,1,0,0,0,0,0,0,0,0,0,0,0,0,0,0,0,1,0,0,0,0
AF-Q9P109-F1-model_v4,ten_percent_graphs/graph_AF-Q9P109-F1-model_v4.pt,ten_percent_voxels/voxel_AF-Q9P109-F1-model_v4.pt,Q9P109,0,0,0,0,0,0,0,0,0,0,0,0,0,0,0,0,0,0,0,0,0,0,0,0,0,0,0,0,0,1,0,0,0,0,0,0,0,0,0,0,0,0,0,0,0,0,0,0,0,0,0,0,0,0,0,0,0,0,0,0,0,0,0,0,0,0,0,0,0,0,0,0,0,0,0,0,0,0,0,0,0,0,0,0,0,0,0,0,0,0,0,0,0,0,0,0,0,0,0,0
AF-Q8NE18-F1-model_v4,ten_percent_graphs/graph_AF-Q8NE18-F1-model_v4.pt,ten_percent_voxels/voxel_AF-Q8NE18-F1-model_v4.pt,Q8NE18,0,0,0,0,0,0,0,0,0,0,0,0,0,1,0,0,0,0,0,0,0,0,0,0,0,0,0,0,0,0,0,0,0,0,0,0,0,0,0,0,0,0,0,0,0,0,0,0,0,0,0,0,0,0,0,0,0,0,0,0,0,0,0,0,0,0,0,0,0,0,0,0,0,0,0,0,0,0,0,0,0,0,0,0,0,0,0,0,0,0,0,0,0,0,0,0,0,0,0,0
AF-Q8N1B3-F1-model_v4,ten_percent_graphs/graph_AF-Q8N1B3-F1-model_v4.pt,ten_percent_voxels/voxel_AF-Q8N1B3-F1-model_v4.pt,Q8N1B3,1,0,0,0,0,0,0,0,0,0,0,0,1,0,0,0,0,0,0,0,0,0,0,0,0,0,0,0,0,0,0,0,0,0,0,0,0,0,0,0,0,0,0,0,0,0,0,0,0,0,0,0,0,0,0,0,0,0,0,0,0,0,0,0,0,0,0,0,0,0,0,0,0,0,0,0,0,0,0,0,0,0,0,0,0,0,0,0,0,0,0,0,0,0,0,0,0,0,0,0
AF-Q9Y6X3-F1-model_v4,ten_percent_graphs/graph_AF-Q9Y6X3-F1-model_v4.pt,ten_percent_voxels/voxel_AF-Q9Y6X3-F1-model_v4.pt,Q9Y6X3,1,0,0,0,1,0,0,0,0,0,0,0,0,0,0,0,0,0,1,0,0,0,0,0,0,0,0,0,0,0,0,0,0,0,0,0,0,0,0,0,0,0,0,0,0,0,0,0,0,0,0,0,0,0,0,0,0,0,0,1,0,0,0,0,0,0,0,0,0,0,0,1,0,0,0,0,0,0,0,0,0,0,0,0,0,0,0,0,0,0,0,0,0,0,0,0,0,0,0,0
AF-Q96I45-F1-model_v4,ten_percent_graphs/graph_AF-Q96I45-F1-model_v4.pt,ten_percent_voxels/voxel_AF-Q96I45-F1-model_v4.pt,Q96I45,0,0,0,0,0,1,0,0,0,0,1,0,0,0,0,0,0,0,0,0,0,0,0,0,0,0,0,0,0,0,0,0,0,0,0,0,0,0,0,0,0,0,0,0,0,0,0,0,0,0,0,0,0,0,0,0,0,0,0,0,0,0,0,0,0,0,0,0,0,0,0,0,0,0,0,0,0,0,0,0,0,0,0,0,0,0,0,0,0,0,0,0,0,0,0,0,0,0,0,0
AF-Q8NFZ4-F1-model_v4,ten_percent_graphs/graph_AF-Q8NFZ4-F1-model_v4.pt,ten_percent_voxels/voxel_AF-Q8NFZ4-F1-model_v4.pt,Q8NFZ4,0,0,1,0,0,1,0,0,0,0,0,1,0,0,0,0,0,0,0,0,0,0,0,0,0,0,0,0,0,0,0,0,1,0,0,0,0,0,0,0,0,0,0,0,0,0,0,0,0,0,0,0,0,0,0,0,0,0,0,0,0,0,0,0,1,0,0,0,0,0,0,0,1,0,0,0,0,0,0,0,0,0,0,0,0,0,0,0,0,0,0,0,0,0,0,1,0,0,0,0
AF-Q86VH5-F1-model_v4,ten_percent_graphs/graph_AF-Q86VH5-F1-model_v4.pt,ten_percent_voxels/voxel_AF-Q86VH5-F1-model_v4.pt,Q86VH5,0,0,0,0,0,0,0,1,0,0,0,0,0,0,0,0,0,0,0,0,0,0,0,0,0,0,0,0,0,0,0,1,0,0,0,0,0,0,0,0,0,0,0,0,0,0,0,0,0,0,0,0,0,0,0,0,0,0,0,0,0,0,0,0,0,0,0,0,0,0,0,0,0,0,0,0,0,0,0,0,0,0,0,0,0,0,0,0,0,0,0,0,0,0,0,0,0,0,0,0
AF-Q9NPI6-F1-model_v4,ten_percent_graphs/graph_AF-Q9NPI6-F1-model_v4.pt,ten_percent_voxels/voxel_AF-Q9NPI6-F1-model_v4.pt,Q9NPI6,1,1,0,1,0,1,0,0,0,0,0,1,0,0,0,0,0,0,0,0,0,0,0,0,0,0,0,0,0,0,0,0,0,0,0,0,0,0,0,0,0,0,0,0,0,0,0,0,0,0,0,0,0,0,0,0,0,0,0,0,0,0,0,0,0,0,0,1,0,0,0,0,0,0,0,0,0,0,0,0,0,0,0,0,0,0,0,0,0,0,0,0,0,0,0,0,0,0,0,0
AF-A6NGE7-F1-model_v4,ten_percent_graphs/graph_AF-A6NGE7-F1-model_v4.pt,ten_percent_voxels/voxel_AF-A6NGE7-F1-model_v4.pt,A6NGE7,0,0,0,0,0,0,0,0,0,0,0,0,0,0,0,0,0,0,0,0,0,0,0,0,0,0,0,0,0,0,0,0,0,0,0,0,0,0,0,0,0,0,0,0,0,0,0,0,0,0,0,0,0,0,0,0,0,0,0,0,0,0,0,0,0,0,0,0,0,0,0,0,0,0,0,0,0,0,0,0,0,0,0,0,0,0,0,0,0,0,0,0,0,0,0,0,0,0,0,0
AF-Q9NWS9-F1-model_v4,ten_percent_graphs/graph_AF-Q9NWS9-F1-model_v4.pt,ten_percent_voxels/voxel_AF-Q9NWS9-F1-model_v4.pt,Q9NWS9,1,0,0,0,0,0,1,1,0,0,0,1,1,0,0,1,0,0,1,0,1,0,0,0,0,0,0,0,0,0,0,0,0,0,0,0,0,0,0,0,0,0,0,0,0,0,0,0,0,0,0,0,0,0,0,0,0,0,0,0,0,0,0,0,0,0,0,0,0,0,0,0,0,0,0,0,0,0,0,0,0,0,0,0,0,0,0,0,0,0,0,0,0,0,0,0,0,0,0,0
AF-Q6ZW13-F1-model_v4,ten_percent_graphs/graph_AF-Q6ZW13-F1-model_v4.pt,ten_percent_voxels/voxel_AF-Q6ZW13-F1-model_v4.pt,Q6ZW13,0,0,0,0,0,0,0,0,0,0,0,0,0,0,0,0,0,0,0,0,0,0,0,0,0,0,0,0,0,0,0,0,0,0,0,0,0,0,0,0,0,0,0,0,0,0,0,0,0,0,0,0,0,0,0,0,0,0,0,0,0,0,0,0,0,0,0,0,0,0,0,0,0,0,0,0,0,0,0,0,0,0,0,0,0,0,0,0,0,0,0,0,0,0,0,0,0,0,0,0
AF-Q96HG1-F1-model_v4,ten_percent_graphs/graph_AF-Q96HG1-F1-model_v4.pt,ten_percent_voxels/voxel_AF-Q96HG1-F1-model_v4.pt,Q96HG1,0,0,0,0,0,1,0,0,0,0,0,0,0,0,0,0,0,0,0,0,0,0,0,0,0,0,0,0,0,0,0,0,0,0,0,0,0,0,0,0,0,0,0,0,0,0,0,0,0,0,0,0,0,0,0,0,0,0,0,0,0,0,0,0,0,0,0,0,0,0,0,0,0,0,0,0,0,0,0,0,0,0,0,0,0,0,0,0,0,0,0,0,0,0,0,0,0,0,0,0
AF-Q96R06-F1-model_v4,ten_percent_graphs/graph_AF-Q96R06-F1-model_v4.pt,ten_percent_voxels/voxel_AF-Q96R06-F1-model_v4.pt,Q96R06,0,1,0,1,0,0,0,0,0,0,0,0,0,0,0,0,0,0,0,0,0,0,0,0,0,0,0,0,0,0,0,0,0,0,0,0,0,0,0,0,0,0,0,0,0,0,0,0,0,0,0,0,0,0,0,0,0,0,0,1,0,0,0,0,0,0,0,0,0,0,0,1,0,0,0,0,0,0,0,0,0,0,0,0,0,0,0,0,0,0,0,0,0,0,0,0,0,0,0,0
AF-Q68VJ8-F1-model_v4,ten_percent_graphs/graph_AF-Q68VJ8-F1-model_v4.pt,ten_percent_voxels/voxel_AF-Q68VJ8-F1-model_v4.pt,Q68VJ8,0,0,0,0,0,0,0,0,0,0,0,0,0,0,0,0,0,0,0,0,0,0,0,0,0,0,0,0,0,1,0,0,0,0,0,0,0,0,0,0,0,0,0,0,0,0,0,0,0,0,0,0,0,0,0,0,0,0,0,0,0,0,0,0,0,0,0,0,0,0,0,0,0,0,0,0,0,0,0,0,0,0,0,0,0,0,0,0,0,0,0,0,0,0,0,0,0,0,0,0
AF-Q9H6P5-F1-model_v4,ten_percent_graphs/graph_AF-Q9H6P5-F1-model_v4.pt,ten_percent_voxels/voxel_AF-Q9H6P5-F1-model_v4.pt,Q9H6P5,0,1,0,1,0,0,0,0,0,0,0,1,0,0,0,0,0,0,0,0,0,0,0,0,0,0,0,0,0,0,0,0,0,0,0,0,0,0,0,1,0,0,0,0,1,0,0,0,0,0,0,0,0,0,0,0,0,0,0,0,0,0,0,0,0,0,0,0,0,0,0,0,0,0,0,0,0,0,0,0,0,0,0,0,0,0,0,0,0,0,0,0,0,0,0,0,0,0,0,0
AF-Q9P2M1-F1-model_v4,ten_percent_graphs/graph_AF-Q9P2M1-F1-model_v4.pt,ten_percent_voxels/voxel_AF-Q9P2M1-F1-model_v4.pt,Q9P2M1,0,0,0,1,0,0,0,0,0,0,0,0,0,0,0,0,0,0,0,0,0,0,0,0,0,0,0,0,0,0,0,0,0,0,0,0,0,0,0,0,0,0,0,0,0,0,0,0,0,0,0,0,0,0,0,0,0,0,0,0,0,0,0,0,0,0,0,0,0,0,0,0,0,0,0,0,0,0,0,0,0,0,0,0,0,0,0,0,0,0,0,0,0,0,0,0,0,0,0,0
AF-Q5T2T1-F1-model_v4,ten_percent_graphs/graph_AF-Q5T2T1-F1-model_v4.pt,ten_percent_voxels/voxel_AF-Q5T2T1-F1-model_v4.pt,Q5T2T1,0,0,1,0,1,0,0,0,0,0,0,0,0,0,0,0,0,0,0,0,0,0,0,0,0,0,0,0,0,0,0,0,0,0,0,0,0,0,0,0,0,0,0,0,0,0,0,0,0,0,0,0,0,0,0,0,0,0,0,0,0,0,0,0,0,0,0,0,0,0,0,0,0,0,0,0,0,0,0,0,0,0,0,0,0,1,0,0,0,0,0,0,0,0,0,0,0,0,0,0
AF-Q9H3R2-F1-model_v4,ten_percent_graphs/graph_AF-Q9H3R2-F1-model_v4.pt,ten_percent_voxels/voxel_AF-Q9H3R2-F1-model_v4.pt,Q9H3R2,0,1,1,0,0,0,0,1,0,0,0,0,0,0,0,0,0,0,0,0,0,0,0,0,0,0,0,0,1,0,0,0,0,0,0,0,0,0,0,0,0,0,0,0,0,0,0,0,0,0,0,0,0,0,0,0,0,0,0,0,0,0,0,0,0,1,0,0,0,0,0,0,0,0,0,0,0,0,0,0,0,0,0,0,0,0,0,0,0,0,0,0,0,0,0,0,0,0,0,0
AF-P29034-F1-model_v4,ten_percent_graphs/graph_AF-P29034-F1-model_v4.pt,ten_percent_voxels/voxel_AF-P29034-F1-model_v4.pt,P29034,0,0,0,0,0,0,0,0,0,0,0,1,0,0,0,0,0,0,0,0,0,0,0,0,0,0,0,1,0,0,0,0,0,0,0,0,0,0,0,0,0,0,0,0,0,0,0,0,0,0,0,0,0,0,0,0,0,0,0,0,0,0,0,0,0,0,0,0,0,0,0,0,0,0,0,0,0,0,0,0,0,0,0,0,0,0,0,0,0,0,0,0,0,0,0,0,0,0,0,0
AF-Q8NAN2-F1-model_v4,ten_percent_graphs/graph_AF-Q8NAN2-F1-model_v4.pt,ten_percent_voxels/voxel_AF-Q8NAN2-F1-model_v4.pt,Q8NAN2,0,0,1,0,0,0,0,0,0,0,1,0,0,0,0,0,0,0,0,0,0,0,0,0,0,0,0,0,1,0,0,0,0,0,0,0,0,0,0,0,0,0,0,0,0,0,0,0,0,0,0,0,0,0,0,0,0,0,0,0,0,0,0,0,0,0,0,0,0,0,0,0,0,0,0,0,0,0,0,0,1,0,0,0,0,0,0,0,0,0,0,0,0,0,0,0,0,0,0,0
AF-Q13255-F1-model_v4,ten_percent_graphs/graph_AF-Q13255-F1-model_v4.pt,ten_percent_voxels/voxel_AF-Q13255-F1-model_v4.pt,Q13255,1,0,1,0,0,0,0,0,0,0,0,0,0,0,0,0,0,0,0,0,0,0,0,0,0,0,0,0,0,0,0,1,0,0,0,0,0,0,0,0,0,0,0,0,0,0,0,0,0,0,0,0,0,0,0,0,0,0,1,0,0,0,0,0,0,0,0,1,0,0,0,0,0,1,0,0,0,0,0,0,0,0,0,0,0,0,0,0,0,0,0,0,0,0,0,0,0,0,0,0
AF-Q9P0M4-F1-model_v4,ten_percent_graphs/graph_AF-Q9P0M4-F1-model_v4.pt,ten_percent_voxels/voxel_AF-Q9P0M4-F1-model_v4.pt,Q9P0M4,0,0,0,0,0,0,0,1,0,1,0,0,0,0,0,0,0,0,0,0,0,0,0,0,0,0,0,0,0,0,0,0,0,0,0,0,0,0,0,0,0,0,0,0,0,0,0,0,0,0,0,0,0,0,0,0,0,0,0,0,0,0,0,1,0,0,0,0,0,0,0,0,0,0,0,0,0,0,0,0,0,0,0,0,0,0,0,0,0,0,0,0,0,0,0,0,0,0,0,0
AF-Q9Y3B9-F1-model_v4,ten_percent_graphs/graph_AF-Q9Y3B9-F1-model_v4.pt,ten_percent_voxels/voxel_AF-Q9Y3B9-F1-model_v4.pt,Q9Y3B9,0,0,0,0,0,0,0,0,0,0,0,0,0,0,0,0,0,0,0,0,0,0,0,0,0,0,0,0,0,0,0,0,0,0,0,0,0,0,0,0,0,0,0,0,0,0,0,0,0,0,0,0,0,0,0,0,0,0,0,0,0,0,0,0,0,0,0,0,0,0,0,0,0,0,0,0,0,0,0,0,0,0,0,0,0,0,0,0,0,0,0,0,0,0,0,0,0,0,0,0
AF-Q15782-F1-model_v4,ten_percent_graphs/graph_AF-Q15782-F1-model_v4.pt,ten_percent_voxels/voxel_AF-Q15782-F1-model_v4.pt,Q15782,0,0,0,0,0,0,0,1,0,1,0,0,0,0,0,0,0,0,0,0,0,0,0,0,0,0,0,0,0,0,0,0,0,0,0,0,0,0,0,0,0,0,0,0,0,0,0,0,0,0,0,0,0,0,0,0,0,0,0,0,0,0,0,0,0,0,0,0,0,0,0,0,0,0,0,0,0,0,0,0,0,0,0,0,0,0,0,0,0,0,0,0,0,0,0,0,0,0,0,0
AF-P82970-F1-model_v4,ten_percent_graphs/graph_AF-P82970-F1-model_v4.pt,ten_percent_voxels/voxel_AF-P82970-F1-model_v4.pt,P82970,1,0,0,0,1,0,0,0,0,0,1,0,0,1,0,0,0,0,1,0,0,0,0,0,0,0,0,0,0,0,0,0,0,0,0,0,0,0,0,1,0,1,0,0,0,1,0,0,0,0,0,0,0,0,0,0,1,0,0,0,0,0,0,0,1,0,0,0,0,0,0,0,0,0,0,0,0,0,0,0,0,1,0,0,0,0,0,0,0,0,0,0,0,0,0,0,0,0,0,0
AF-Q8NFL0-F1-model_v4,ten_percent_graphs/graph_AF-Q8NFL0-F1-model_v4.pt,ten_percent_voxels/voxel_AF-Q8NFL0-F1-model_v4.pt,Q8NFL0,0,0,0,0,0,0,0,0,0,0,0,0,0,0,0,0,0,0,0,0,0,0,0,0,0,0,0,0,0,1,0,0,0,0,0,0,0,0,0,0,0,0,0,0,0,0,0,0,0,0,0,0,0,0,0,0,0,0,0,0,0,0,0,0,0,0,0,0,0,0,0,0,0,0,0,0,0,0,0,0,0,0,0,0,0,0,0,0,0,0,0,0,0,0,0,0,0,0,0,0
AF-Q9Y6N7-F1-model_v4,ten_percent_graphs/graph_AF-Q9Y6N7-F1-model_v4.pt,ten_percent_voxels/voxel_AF-Q9Y6N7-F1-model_v4.pt,Q9Y6N7,0,0,1,1,0,0,0,0,0,0,0,1,0,0,0,0,0,0,0,0,0,0,0,0,0,0,0,0,0,0,0,0,1,0,0,0,0,0,0,0,0,0,0,0,0,0,0,0,0,0,1,0,0,0,0,0,0,0,0,0,0,0,0,0,0,0,0,0,0,0,0,0,0,0,0,1,1,0,0,0,0,1,0,0,0,0,0,0,0,0,0,0,0,0,0,1,0,1,0,0
AF-Q8IYF1-F1-model_v4,ten_percent_graphs/graph_AF-Q8IYF1-F1-model_v4.pt,ten_percent_voxels/voxel_AF-Q8IYF1-F1-model_v4.pt,Q8IYF1,0,0,0,0,1,0,0,0,0,0,0,0,0,0,0,0,0,0,0,0,0,0,0,0,0,0,0,0,0,0,0,0,0,0,0,0,0,0,0,0,0,0,0,0,0,0,0,0,0,0,0,0,0,0,0,0,0,0,0,0,0,0,0,0,0,0,0,0,0,0,0,0,0,0,0,0,0,0,0,0,0,0,0,0,0,0,0,0,0,0,0,0,0,0,0,0,0,0,0,0
AF-Q6PL24-F1-model_v4,ten_percent_graphs/graph_AF-Q6PL24-F1-model_v4.pt,ten_percent_voxels/voxel_AF-Q6PL24-F1-model_v4.pt,Q6PL24,0,0,0,0,0,0,0,0,0,0,0,0,0,0,0,0,0,0,0,0,0,0,0,0,0,0,0,0,0,0,0,0,0,0,0,0,0,0,0,0,0,0,0,0,0,0,0,0,0,0,0,0,0,0,0,0,0,0,0,0,0,0,0,0,0,0,0,0,0,0,0,0,0,0,0,0,0,0,0,0,0,0,0,0,0,0,0,0,0,0,0,0,0,0,0,0,0,0,0,0
AF-Q9NZU5-F1-model_v4,ten_percent_graphs/graph_AF-Q9NZU5-F1-model_v4.pt,ten_percent_voxels/voxel_AF-Q9NZU5-F1-model_v4.pt,Q9NZU5,1,0,0,1,1,0,0,0,0,0,0,0,0,0,0,0,0,0,0,0,0,0,0,0,1,0,0,0,0,0,1,0,0,0,0,0,0,0,0,0,0,0,0,0,0,0,0,0,0,0,0,0,0,0,0,0,0,0,0,0,0,0,0,0,0,0,0,0,0,0,0,0,0,0,0,0,0,0,0,0,0,0,0,0,0,0,0,0,0,0,0,0,0,0,0,0,0,0,0,0
AF-Q8N998-F1-model_v4,ten_percent_graphs/graph_AF-Q8N998-F1-model_v4.pt,ten_percent_voxels/voxel_AF-Q8N998-F1-model_v4.pt,Q8N998,1,0,0,1,0,0,0,0,0,0,0,0,0,0,0,0,0,0,0,0,0,0,0,0,0,0,0,0,0,0,0,0,0,0,0,0,0,0,0,0,0,0,0,0,0,0,0,0,0,0,0,0,0,0,0,0,0,0,0,0,0,0,0,0,0,0,0,0,0,0,0,0,0,0,0,0,0,0,0,0,0,0,0,0,0,0,0,0,0,0,0,0,0,0,0,0,0,0,0,0
AF-Q9NR63-F1-model_v4,ten_percent_graphs/graph_AF-Q9NR63-F1-model_v4.pt,ten_percent_voxels/voxel_AF-Q9NR63-F1-model_v4.pt,Q9NR63,0,0,0,1,0,0,0,0,0,0,0,0,0,0,0,0,0,0,0,1,0,0,0,0,0,0,0,0,0,0,0,0,0,0,0,0,0,0,0,0,0,0,0,0,0,0,0,0,0,0,0,0,0,0,0,0,0,0,0,0,0,0,0,1,0,0,0,0,0,0,0,0,0,0,0,0,0,0,0,0,0,1,1,0,0,0,0,0,0,0,0,0,0,0,0,0,0,0,0,0
AF-P30556-F1-model_v4,ten_percent_graphs/graph_AF-P30556-F1-model_v4.pt,ten_percent_voxels/voxel_AF-P30556-F1-model_v4.pt,P30556,0,0,1,0,0,1,0,0,0,0,0,0,0,0,0,0,0,0,0,0,0,0,0,0,0,0,0,0,0,0,0,0,0,0,0,0,0,0,0,0,0,0,0,0,0,0,0,0,0,0,0,0,0,0,0,0,0,0,0,0,0,0,0,1,0,0,0,0,0,0,0,0,0,1,0,0,0,0,0,0,1,0,0,0,0,0,0,0,0,0,0,0,0,0,0,0,0,0,0,0
AF-Q15646-F1-model_v4,ten_percent_graphs/graph_AF-Q15646-F1-model_v4.pt,ten_percent_voxels/voxel_AF-Q15646-F1-model_v4.pt,Q15646,0,1,0,1,1,1,0,0,0,0,0,0,0,1,0,0,0,0,0,0,0,0,1,0,0,1,0,0,0,0,0,0,0,0,0,0,0,0,0,0,0,0,0,0,0,0,0,0,0,0,0,0,0,0,0,0,0,0,0,0,0,0,0,0,0,0,0,0,0,0,0,0,0,0,0,0,0,0,0,0,0,0,0,0,0,0,0,0,0,0,0,0,0,0,0,0,0,0,0,0
AF-Q969Q0-F1-model_v4,ten_percent_graphs/graph_AF-Q969Q0-F1-model_v4.pt,ten_percent_voxels/voxel_AF-Q969Q0-F1-model_v4.pt,Q969Q0,1,1,1,0,0,0,0,0,0,0,0,0,0,0,0,0,1,0,0,0,0,0,0,0,0,0,0,0,0,0,0,0,0,0,0,0,0,0,0,0,0,0,0,0,0,0,0,0,0,0,0,0,0,0,0,0,0,0,0,0,0,0,0,0,0,0,0,0,0,0,0,0,0,0,0,0,0,0,0,0,0,0,0,0,0,0,0,0,0,0,0,0,0,0,0,0,0,0,0,0
AF-Q155Q3-F1-model_v4,ten_percent_graphs/graph_AF-Q155Q3-F1-model_v4.pt,ten_percent_voxels/voxel_AF-Q155Q3-F1-model_v4.pt,Q155Q3,0,1,0,0,0,0,0,0,0,0,0,0,0,0,0,0,0,0,0,0,0,0,0,0,0,0,0,0,0,0,0,1,0,0,0,0,0,0,0,0,0,0,0,0,0,0,0,0,0,0,0,0,0,0,0,0,0,1,0,0,0,0,0,0,0,0,0,0,0,0,0,0,0,0,0,0,0,0,0,0,0,0,0,0,0,0,0,0,0,0,0,0,0,0,0,0,0,0,0,0
AF-Q99424-F1-model_v4,ten_percent_graphs/graph_AF-Q99424-F1-model_v4.pt,ten_percent_voxels/voxel_AF-Q99424-F1-model_v4.pt,Q99424,0,1,0,0,0,0,0,0,0,0,0,0,0,0,0,0,0,0,0,0,0,0,0,0,0,0,1,0,1,0,0,0,0,0,0,0,0,0,0,0,0,0,0,0,0,0,0,0,0,0,0,0,0,0,0,0,0,0,0,0,0,0,0,0,0,0,0,0,0,0,0,0,0,0,0,0,0,0,0,0,0,0,0,0,0,0,0,0,0,0,0,0,0,0,0,0,0,0,0,0
AF-Q8TDZ2-F1-model_v4,ten_percent_graphs/graph_AF-Q8TDZ2-F1-model_v4.pt,ten_percent_voxels/voxel_AF-Q8TDZ2-F1-model_v4.pt,Q8TDZ2,0,1,1,1,0,0,1,0,0,0,0,0,0,0,0,0,0,0,0,0,0,0,0,1,0,0,0,0,0,0,0,0,0,0,0,0,0,0,0,0,0,0,0,0,0,0,0,0,0,0,0,0,0,0,0,0,1,0,0,0,0,0,1,0,0,0,0,0,0,0,0,0,0,0,0,0,0,0,0,1,0,0,0,0,0,0,0,0,0,0,0,0,0,0,0,0,0,0,0,0
AF-Q8IZD9-F1-model_v4,ten_percent_graphs/graph_AF-Q8IZD9-F1-model_v4.pt,ten_percent_voxels/voxel_AF-Q8IZD9-F1-model_v4.pt,Q8IZD9,0,1,1,1,0,0,0,0,0,0,0,0,0,0,0,0,0,0,0,0,0,0,0,0,0,0,0,0,0,0,0,0,0,0,0,0,0,0,0,0,0,0,0,0,0,0,0,0,0,0,0,0,0,0,0,0,0,0,0,0,0,0,0,0,0,0,0,0,0,0,0,0,0,0,0,0,0,0,0,1,0,0,0,0,0,0,0,0,0,1,0,0,0,0,0,0,0,0,0,0
AF-Q9NP66-F1-model_v4,ten_percent_graphs/graph_AF-Q9NP66-F1-model_v4.pt,ten_percent_voxels/voxel_AF-Q9NP66-F1-model_v4.pt,Q9NP66,1,0,0,0,0,0,0,0,0,0,0,1,0,0,0,0,0,0,0,0,0,0,1,0,1,0,0,0,0,0,0,0,0,0,0,0,0,0,0,0,0,1,0,0,0,0,0,0,0,0,0,0,0,0,0,0,0,0,0,0,0,0,0,0,0,0,0,0,0,0,0,0,0,0,0,0,0,0,0,0,0,0,0,0,0,0,0,0,0,0,0,0,0,0,0,0,0,0,0,0
AF-O15347-F1-model_v4,ten_percent_graphs/graph_AF-O15347-F1-model_v4.pt,ten_percent_voxels/voxel_AF-O15347-F1-model_v4.pt,O15347,1,0,0,1,0,0,0,0,0,0,0,0,1,1,0,0,0,0,0,0,0,0,0,0,0,0,0,0,0,0,0,0,0,0,0,1,0,0,0,0,0,0,0,0,0,0,0,0,0,0,0,0,0,0,0,0,0,0,0,0,0,0,0,0,0,0,0,0,0,0,0,0,0,0,0,0,0,0,0,0,0,0,0,0,0,0,0,0,0,0,0,0,0,0,0,0,0,0,0,0
AF-Q401N2-F1-model_v4,ten_percent_graphs/graph_AF-Q401N2-F1-model_v4.pt,ten_percent_voxels/voxel_AF-Q401N2-F1-model_v4.pt,Q401N2,0,0,1,0,0,0,0,0,0,0,0,0,0,0,0,0,0,0,0,0,0,0,0,0,0,0,0,0,0,0,1,0,0,0,0,0,0,0,0,0,0,0,0,0,0,0,0,0,0,0,0,0,0,0,0,0,0,0,0,0,0,0,0,0,0,0,0,0,0,0,0,0,0,0,0,0,0,0,0,0,0,0,0,0,0,0,0,0,0,0,0,0,0,0,0,0,0,0,0,0
AF-Q9UHN6-F1-model_v4,ten_percent_graphs/graph_AF-Q9UHN6-F1-model_v4.pt,ten_percent_voxels/voxel_AF-Q9UHN6-F1-model_v4.pt,Q9UHN6,0,1,1,0,0,1,0,0,1,0,0,0,0,0,0,0,0,0,0,0,0,0,0,0,0,1,1,1,0,0,0,0,0,0,0,0,0,0,0,0,0,0,0,0,0,0,0,0,0,0,0,0,0,0,0,0,0,0,0,0,0,0,0,0,0,0,0,0,0,0,0,0,0,0,0,0,0,0,0,0,0,0,0,0,0,1,0,0,0,0,0,0,0,0,0,0,0,0,0,0
AF-Q9BYG4-F1-model_v4,ten_percent_graphs/graph_AF-Q9BYG4-F1-model_v4.pt,ten_percent_voxels/voxel_AF-Q9BYG4-F1-model_v4.pt,Q9BYG4,1,1,1,0,0,0,0,0,0,0,0,0,0,0,0,0,0,0,0,0,0,0,0,0,0,0,0,0,0,0,0,0,0,0,0,0,0,0,0,0,0,0,0,0,0,0,0,0,0,0,0,0,0,0,0,0,0,0,0,1,0,0,0,0,0,1,0,0,0,0,0,0,0,0,0,0,0,0,0,0,0,0,0,0,0,0,0,0,0,0,0,0,0,0,0,0,0,0,0,0
AF-Q6PIY7-F1-model_v4,ten_percent_graphs/graph_AF-Q6PIY7-F1-model_v4.pt,ten_percent_voxels/voxel_AF-Q6PIY7-F1-model_v4.pt,Q6PIY7,0,0,0,1,0,0,1,0,0,0,0,0,0,0,1,0,0,0,0,0,0,0,0,0,0,0,0,0,0,0,0,0,0,0,0,0,0,0,0,0,0,0,0,0,0,0,0,0,0,0,0,0,0,0,0,0,0,0,0,0,0,0,0,0,0,0,0,0,0,0,0,0,0,0,0,0,0,0,0,0,0,0,0,0,0,0,0,0,0,0,0,0,0,0,0,0,0,0,0,0
AF-Q9GZV9-F1-model_v4,ten_percent_graphs/graph_AF-Q9GZV9-F1-model_v4.pt,ten_percent_voxels/voxel_AF-Q9GZV9-F1-model_v4.pt,Q9GZV9,0,0,0,1,0,0,0,1,0,1,0,0,0,0,0,0,0,0,0,0,0,0,0,0,0,0,0,0,0,0,0,0,0,0,0,0,0,0,0,1,0,0,0,0,0,0,0,0,0,0,0,0,0,0,0,0,0,0,0,0,0,0,0,0,1,0,0,0,0,0,0,0,0,0,0,0,0,0,0,0,0,0,0,0,0,0,0,0,0,0,0,0,0,0,0,0,0,0,0,0
AF-O60258-F1-model_v4,ten_percent_graphs/graph_AF-O60258-F1-model_v4.pt,ten_percent_voxels/voxel_AF-O60258-F1-model_v4.pt,O60258,0,0,0,1,0,0,0,1,0,1,0,0,0,0,0,0,0,0,0,0,0,0,0,1,0,0,0,0,0,0,0,0,0,0,0,0,0,0,0,0,0,0,0,0,0,0,0,0,0,0,0,0,0,0,0,0,0,0,0,0,0,0,0,0,1,0,0,0,0,0,0,0,0,0,0,1,0,0,0,0,0,0,0,0,0,0,0,0,0,0,0,0,0,0,0,0,0,0,0,0
AF-Q9Y5B6-F1-model_v4,ten_percent_graphs/graph_AF-Q9Y5B6-F1-model_v4.pt,ten_percent_voxels/voxel_AF-Q9Y5B6-F1-model_v4.pt,Q9Y5B6,1,1,0,0,0,0,0,0,0,0,0,0,0,0,0,0,0,0,0,0,0,1,1,0,0,0,0,0,0,0,0,0,0,0,0,0,0,0,0,0,0,0,0,0,0,0,0,0,0,0,0,0,0,0,0,0,0,0,0,0,0,0,0,0,0,0,0,0,0,0,0,0,0,0,0,0,0,0,0,0,0,0,0,0,0,0,0,0,0,0,0,0,0,0,0,0,0,0,0,0
AF-A6NFI3-F1-model_v4,ten_percent_graphs/graph_AF-A6NFI3-F1-model_v4.pt,ten_percent_voxels/voxel_AF-A6NFI3-F1-model_v4.pt,A6NFI3,1,0,0,0,0,0,1,0,0,0,0,0,1,0,0,1,0,0,0,0,0,0,0,0,0,0,0,0,0,0,0,0,0,0,0,0,0,0,0,0,0,0,0,0,0,0,0,0,0,0,0,0,0,0,0,0,0,0,0,0,0,0,0,0,0,0,0,0,0,0,0,0,0,0,0,0,0,1,0,0,0,0,0,0,0,0,0,0,0,0,0,0,0,0,0,0,0,0,0,0
AF-Q8IZJ0-F1-model_v4,ten_percent_graphs/graph_AF-Q8IZJ0-F1-model_v4.pt,ten_percent_voxels/voxel_AF-Q8IZJ0-F1-model_v4.pt,Q8IZJ0,0,0,0,0,0,0,0,1,0,1,0,0,0,0,0,0,0,0,0,0,0,0,0,0,0,0,0,0,0,0,0,0,0,0,0,1,0,0,0,0,0,0,0,1,0,0,0,0,0,0,0,0,0,0,0,0,0,0,0,0,0,0,0,0,0,0,0,0,0,0,0,0,0,0,0,0,0,0,0,0,0,0,0,0,0,0,0,0,0,0,0,0,0,0,0,0,0,0,0,0
AF-O43390-F1-model_v4,ten_percent_graphs/graph_AF-O43390-F1-model_v4.pt,ten_percent_voxels/voxel_AF-O43390-F1-model_v4.pt,O43390,1,0,0,0,1,0,0,0,0,0,0,0,0,1,0,0,1,0,0,0,0,0,0,0,0,0,0,0,0,0,0,0,0,0,0,0,0,0,0,0,0,0,0,0,0,0,0,0,0,0,0,0,0,0,0,0,0,0,0,0,0,0,0,0,0,0,0,0,0,0,0,0,0,0,0,0,0,0,0,0,0,0,0,0,0,0,0,0,0,0,0,0,0,0,0,0,1,0,0,0
AF-A0N0P2-F1-model_v4,ten_percent_graphs/graph_AF-A0N0P2-F1-model_v4.pt,ten_percent_voxels/voxel_AF-A0N0P2-F1-model_v4.pt,A0N0P2,0,0,1,0,0,0,0,0,0,0,0,0,0,0,0,0,0,0,0,0,0,0,0,0,0,0,0,0,0,0,0,0,0,0,0,0,0,0,0,0,0,0,0,0,0,0,0,0,0,0,0,0,0,0,0,0,0,0,0,0,0,0,0,0,0,0,0,0,0,0,0,0,0,0,0,0,0,0,0,0,0,0,0,0,0,0,0,0,0,0,0,0,0,0,0,0,0,0,0,0
AF-Q9H4D5-F1-model_v4,ten_percent_graphs/graph_AF-Q9H4D5-F1-model_v4.pt,ten_percent_voxels/voxel_AF-Q9H4D5-F1-model_v4.pt,Q9H4D5,1,0,0,1,1,0,0,0,0,0,0,0,0,1,0,0,0,0,0,0,0,0,0,0,0,0,0,0,0,0,0,0,0,0,0,0,0,0,0,0,0,0,0,0,0,0,0,0,0,0,0,0,0,0,0,0,0,0,0,0,0,0,0,0,0,0,0,0,0,0,0,0,0,0,0,0,0,0,0,0,0,0,0,0,0,0,0,0,0,0,0,0,0,0,0,0,0,0,0,0
AF-O75251-F1-model_v4,ten_percent_graphs/graph_AF-O75251-F1-model_v4.pt,ten_percent_voxels/voxel_AF-O75251-F1-model_v4.pt,O75251,0,0,0,0,0,0,1,0,0,0,1,0,0,0,0,0,0,0,0,0,0,0,0,0,0,0,0,0,0,0,0,0,0,0,0,0,0,0,1,0,0,0,0,0,0,0,0,0,0,0,0,1,0,0,0,0,0,0,0,0,0,0,0,0,0,0,0,0,0,0,0,0,0,0,0,0,0,0,0,0,0,0,0,0,0,0,0,1,0,0,0,0,0,0,0,0,0,0,0,0
AF-P14652-F1-model_v4,ten_percent_graphs/graph_AF-P14652-F1-model_v4.pt,ten_percent_voxels/voxel_AF-P14652-F1-model_v4.pt,P14652,0,0,0,0,1,0,0,0,0,0,0,0,0,0,0,1,0,0,1,0,0,1,0,0,0,0,0,0,0,0,0,0,0,0,0,0,0,1,0,0,0,0,0,0,0,0,0,0,1,0,0,0,0,0,0,0,0,0,0,0,0,0,0,0,0,0,0,0,0,0,0,0,0,0,0,1,0,1,0,0,0,0,0,0,0,0,0,0,0,0,0,0,0,0,0,0,0,0,0,0
AF-Q6BDI9-F1-model_v4,ten_percent_graphs/graph_AF-Q6BDI9-F1-model_v4.pt,ten_percent_voxels/voxel_AF-Q6BDI9-F1-model_v4.pt,Q6BDI9,0,0,0,0,0,0,0,0,0,0,0,0,0,0,0,0,0,0,0,0,0,0,0,0,0,0,0,0,0,0,0,0,0,0,0,0,0,0,0,0,1,0,0,0,0,0,0,0,0,0,0,0,0,0,0,0,0,0,0,0,0,0,0,0,0,0,0,0,0,0,0,0,0,0,0,0,0,0,0,0,0,0,0,0,0,0,0,0,0,0,0,0,0,0,0,0,0,0,0,0
AF-Q14493-F1-model_v4,ten_percent_graphs/graph_AF-Q14493-F1-model_v4.pt,ten_percent_voxels/voxel_AF-Q14493-F1-model_v4.pt,Q14493,1,1,0,1,1,0,0,0,0,0,0,1,0,1,0,0,0,0,0,0,0,0,0,0,0,1,0,0,0,0,0,0,0,0,0,0,0,0,0,0,0,0,0,0,0,0,0,0,0,0,0,0,0,0,0,0,0,0,0,0,0,0,0,0,0,0,0,0,0,0,0,0,0,0,0,0,0,0,0,0,0,0,0,0,0,0,0,0,0,0,0,0,0,0,0,0,1,0,0,0
AF-P38159-F1-model_v4,ten_percent_graphs/graph_AF-P38159-F1-model_v4.pt,ten_percent_voxels/voxel_AF-P38159-F1-model_v4.pt,P38159,1,0,0,0,1,1,0,1,1,0,0,1,0,1,0,0,0,0,0,0,1,1,0,0,0,0,0,0,0,0,0,0,0,0,1,0,0,0,0,0,0,0,0,0,0,1,0,0,0,0,0,0,0,0,0,0,0,0,0,0,0,0,0,0,0,0,0,0,0,0,0,0,0,0,0,0,0,0,0,0,0,0,0,0,0,0,0,0,0,0,0,0,0,0,0,0,1,0,0,0
AF-Q9P0W8-F1-model_v4,ten_percent_graphs/graph_AF-Q9P0W8-F1-model_v4.pt,ten_percent_voxels/voxel_AF-Q9P0W8-F1-model_v4.pt,Q9P0W8,0,1,0,0,0,0,0,0,0,0,0,0,0,0,0,0,0,0,0,0,0,0,0,0,0,0,0,0,0,0,0,0,0,0,0,0,0,0,0,0,0,0,0,0,0,0,0,0,0,0,0,0,0,0,0,0,0,0,0,0,0,0,0,0,0,0,0,0,0,0,0,0,0,0,0,0,0,0,0,0,0,0,0,0,0,0,0,0,0,0,0,0,0,0,0,0,0,0,0,0
AF-P59551-F1-model_v4,ten_percent_graphs/graph_AF-P59551-F1-model_v4.pt,ten_percent_voxels/voxel_AF-P59551-F1-model_v4.pt,P59551,0,0,1,0,0,1,0,0,0,0,0,0,0,0,0,0,0,0,0,0,0,0,0,0,0,0,0,0,0,0,0,0,0,0,0,0,0,0,0,0,0,0,0,0,0,0,0,0,0,0,0,0,0,0,0,0,0,0,1,0,0,0,0,0,0,0,0,0,0,0,0,0,0,0,0,0,0,0,0,0,0,0,0,0,0,0,0,0,0,0,0,0,0,0,0,0,0,0,0,0
AF-P42685-F1-model_v4,ten_percent_graphs/graph_AF-P42685-F1-model_v4.pt,ten_percent_voxels/voxel_AF-P42685-F1-model_v4.pt,P42685,1,1,1,1,1,0,0,0,1,1,0,0,0,0,1,0,0,0,0,0,0,0,0,0,1,0,0,0,0,0,0,0,0,1,0,1,0,0,0,0,0,0,0,1,0,0,0,0,0,0,0,0,0,0,0,0,0,0,0,0,0,0,0,0,0,0,0,0,0,0,0,0,0,0,0,0,0,0,0,0,0,0,0,0,0,0,0,0,0,0,0,0,0,0,0,0,0,0,0,0
AF-Q8N4B5-F1-model_v4,ten_percent_graphs/graph_AF-Q8N4B5-F1-model_v4.pt,ten_percent_voxels/voxel_AF-Q8N4B5-F1-model_v4.pt,Q8N4B5,0,0,0,0,0,0,0,0,0,0,0,0,0,0,0,0,0,0,0,0,0,0,0,0,0,0,0,0,0,0,0,0,0,0,0,0,0,0,0,0,0,0,0,0,0,0,0,0,0,0,0,0,0,0,0,0,0,0,0,0,0,0,0,0,0,0,0,0,0,0,0,0,0,0,0,0,0,0,0,0,0,0,0,0,0,0,0,0,0,0,0,0,0,0,0,0,0,0,0,0
AF-A6NGQ2-F1-model_v4,ten_percent_graphs/graph_AF-A6NGQ2-F1-model_v4.pt,ten_percent_voxels/voxel_AF-A6NGQ2-F1-model_v4.pt,A6NGQ2,1,0,0,1,0,0,0,0,0,0,0,0,0,1,0,0,0,0,0,0,0,0,0,0,0,0,0,0,0,0,0,0,0,0,1,0,0,0,0,0,0,0,0,0,0,0,0,0,0,0,0,0,0,0,0,0,0,0,0,0,0,0,0,0,0,0,0,0,0,0,0,0,0,0,0,0,0,0,0,0,0,0,0,0,0,0,0,0,0,0,0,0,0,0,0,0,0,0,0,0
AF-Q14696-F1-model_v4,ten_percent_graphs/graph_AF-Q14696-F1-model_v4.pt,ten_percent_voxels/voxel_AF-Q14696-F1-model_v4.pt,Q14696,0,0,1,0,0,0,0,0,0,0,0,1,0,0,0,0,1,0,0,0,0,0,0,0,0,0,0,0,0,0,0,0,0,0,0,0,0,0,0,0,0,0,0,0,0,0,0,0,0,0,0,0,0,0,0,0,0,0,0,0,0,0,0,0,0,0,0,0,0,0,0,0,0,0,0,0,0,0,0,0,0,0,0,0,0,0,0,0,0,0,0,0,0,0,0,0,0,0,0,0
AF-Q96N46-F1-model_v4,ten_percent_graphs/graph_AF-Q96N46-F1-model_v4.pt,ten_percent_voxels/voxel_AF-Q96N46-F1-model_v4.pt,Q96N46,0,0,0,0,0,0,0,0,0,0,0,0,0,0,0,0,0,0,0,0,0,0,0,0,0,0,0,0,0,0,0,0,0,0,0,0,0,0,0,0,0,0,0,0,0,0,0,0,0,0,0,0,0,0,0,0,0,0,0,0,0,0,0,0,0,0,0,0,0,0,0,0,0,0,0,0,0,0,0,0,0,0,0,0,0,0,0,0,0,0,0,0,0,0,0,0,0,0,0,0
AF-Q8NH55-F1-model_v4,ten_percent_graphs/graph_AF-Q8NH55-F1-model_v4.pt,ten_percent_voxels/voxel_AF-Q8NH55-F1-model_v4.pt,Q8NH55,0,0,1,0,0,0,0,0,0,0,0,0,0,0,0,0,0,0,0,0,0,0,0,0,0,0,0,0,0,0,0,0,0,0,0,0,0,0,0,0,0,0,0,0,0,0,0,0,0,0,0,0,0,0,0,0,0,0,1,0,0,0,0,0,0,0,0,0,0,0,0,0,0,0,0,0,0,0,0,0,0,0,0,0,0,0,0,0,0,0,0,0,0,0,0,0,0,0,0,0
AF-A2A3L6-F1-model_v4,ten_percent_graphs/graph_AF-A2A3L6-F1-model_v4.pt,ten_percent_voxels/voxel_AF-A2A3L6-F1-model_v4.pt,A2A3L6,0,0,0,0,0,0,0,0,0,0,0,0,0,0,0,0,0,0,0,0,0,0,0,0,0,0,0,0,0,0,0,0,0,0,0,0,0,0,0,0,0,0,0,0,0,0,0,0,0,0,0,0,0,0,0,0,0,0,0,0,0,0,0,0,0,0,0,0,0,0,0,0,0,0,0,0,0,0,0,0,0,0,0,0,0,0,0,0,0,0,0,0,0,0,0,0,0,0,0,0
AF-P28325-F1-model_v4,ten_percent_graphs/graph_AF-P28325-F1-model_v4.pt,ten_percent_voxels/voxel_AF-P28325-F1-model_v4.pt,P28325,0,0,0,1,0,0,0,1,1,1,0,0,0,0,0,0,0,0,0,0,0,0,0,0,0,0,0,0,0,0,0,0,0,0,0,0,0,0,0,0,0,0,0,0,0,0,0,0,0,0,0,0,0,0,0,0,0,0,0,0,0,0,0,0,0,0,0,0,0,0,0,0,0,0,0,0,0,0,0,0,0,0,0,0,0,0,0,0,0,0,0,0,0,0,0,0,0,0,0,0
AF-Q9ULT0-F1-model_v4,ten_percent_graphs/graph_AF-Q9ULT0-F1-model_v4.pt,ten_percent_voxels/voxel_AF-Q9ULT0-F1-model_v4.pt,Q9ULT0,0,0,1,1,0,0,0,0,0,0,0,0,0,0,0,0,0,0,0,0,0,0,0,0,0,0,0,0,0,0,0,0,0,0,0,0,0,0,0,0,0,0,0,0,0,0,0,0,0,0,0,0,0,0,0,0,0,0,0,0,0,0,0,0,0,0,0,0,0,0,0,0,0,0,0,0,0,0,0,0,0,0,0,0,0,0,0,0,0,0,0,0,0,0,0,0,0,0,0,0
AF-Q96QA6-F1-model_v4,ten_percent_graphs/graph_AF-Q96QA6-F1-model_v4.pt,ten_percent_voxels/voxel_AF-Q96QA6-F1-model_v4.pt,Q96QA6,0,0,0,0,0,0,1,0,0,0,0,0,0,0,0,0,0,0,0,0,0,0,0,0,0,1,0,0,0,0,0,0,0,0,0,0,0,0,0,0,0,0,0,0,0,0,0,0,0,0,0,0,0,0,0,0,0,0,0,0,0,0,0,0,0,0,0,0,0,0,0,0,0,0,0,0,0,0,0,0,0,0,0,0,0,0,0,0,0,0,0,0,0,0,0,0,0,0,0,0
AF-O75054-F1-model_v4,ten_percent_graphs/graph_AF-O75054-F1-model_v4.pt,ten_percent_voxels/voxel_AF-O75054-F1-model_v4.pt,O75054,0,0,0,0,0,1,0,0,0,0,0,0,0,0,0,0,0,0,0,0,0,0,0,0,0,0,0,0,0,0,0,0,1,0,0,0,0,0,0,0,0,0,0,0,0,0,0,0,0,0,0,0,0,0,0,0,0,0,0,0,0,0,0,0,0,0,0,0,0,0,0,0,0,0,0,0,0,0,0,0,0,0,0,0,0,0,0,0,0,0,0,0,0,0,0,0,0,0,0,0
AF-Q9BRU2-F1-model_v4,ten_percent_graphs/graph_AF-Q9BRU2-F1-model_v4.pt,ten_percent_voxels/voxel_AF-Q9BRU2-F1-model_v4.pt,Q9BRU2,1,0,0,0,1,0,0,0,0,0,0,0,0,0,0,0,0,0,0,0,0,0,0,0,0,0,0,0,0,0,0,0,0,0,0,0,0,0,0,0,0,0,0,0,0,0,1,0,0,0,0,0,0,0,0,0,0,0,0,0,0,0,0,0,0,0,0,0,0,0,0,0,0,0,0,0,0,0,0,0,0,0,0,0,0,0,0,0,0,0,0,0,0,0,0,0,0,0,0,0
AF-Q6WRI0-F1-model_v4,ten_percent_graphs/graph_AF-Q6WRI0-F1-model_v4.pt,ten_percent_voxels/voxel_AF-Q6WRI0-F1-model_v4.pt,Q6WRI0,0,0,0,0,0,0,0,0,0,1,0,0,0,0,0,0,0,0,0,0,0,0,0,0,0,0,0,0,0,0,0,0,0,1,0,0,0,0,0,0,0,0,0,0,0,0,0,0,0,0,0,0,0,0,0,0,0,0,0,0,0,0,0,0,0,0,0,0,0,0,0,0,0,0,0,0,0,0,0,0,0,0,0,0,0,0,0,0,0,0,0,0,0,0,0,0,0,0,0,0
AF-Q9P2Y4-F1-model_v4,ten_percent_graphs/graph_AF-Q9P2Y4-F1-model_v4.pt,ten_percent_voxels/voxel_AF-Q9P2Y4-F1-model_v4.pt,Q9P2Y4,1,0,0,0,1,1,1,0,0,0,0,0,0,0,0,1,0,0,0,0,1,1,1,0,1,0,0,0,0,0,0,0,0,0,0,0,0,0,0,0,0,1,0,0,0,0,1,0,0,1,0,0,0,0,0,0,0,0,0,0,0,0,0,0,0,0,0,0,0,0,0,0,0,0,0,0,0,0,0,0,0,0,0,0,0,0,0,0,0,0,0,0,1,0,0,0,0,0,0,0
AF-P61086-F1-model_v4,ten_percent_graphs/graph_AF-P61086-F1-model_v4.pt,ten_percent_voxels/voxel_AF-P61086-F1-model_v4.pt,P61086,1,1,0,1,0,0,0,0,0,0,0,0,0,0,1,0,0,0,0,0,0,0,0,0,0,0,0,0,0,0,0,0,0,0,0,0,0,0,0,0,0,0,0,0,0,0,0,0,0,0,0,0,0,0,0,0,0,0,0,0,0,0,0,0,0,0,0,0,0,0,0,0,0,0,0,0,0,0,0,0,0,0,0,0,0,0,0,0,0,0,0,0,0,0,0,0,0,0,0,0
AF-A4D2J0-F1-model_v4,ten_percent_graphs/graph_AF-A4D2J0-F1-model_v4.pt,ten_percent_voxels/voxel_AF-A4D2J0-F1-model_v4.pt,A4D2J0,0,1,0,0,0,0,0,0,0,0,1,0,0,0,0,0,0,0,0,0,0,0,0,0,0,0,0,0,0,1,0,0,0,0,0,0,0,0,0,0,0,0,0,0,0,0,0,0,0,0,0,0,0,0,0,0,0,0,0,0,0,0,0,0,0,0,0,0,0,0,0,0,0,0,0,0,0,0,0,0,0,0,0,0,0,0,0,1,0,0,0,0,0,0,0,0,0,0,0,0
AF-Q4VC31-F1-model_v4,ten_percent_graphs/graph_AF-Q4VC31-F1-model_v4.pt,ten_percent_voxels/voxel_AF-Q4VC31-F1-model_v4.pt,Q4VC31,0,0,0,0,0,0,0,0,0,0,1,0,0,0,0,0,0,0,0,0,0,0,0,0,0,0,0,0,0,0,0,0,0,0,0,0,0,0,0,0,0,0,0,0,0,0,0,0,0,0,0,0,0,0,0,0,0,0,0,0,0,0,0,0,0,0,0,0,0,0,0,0,0,0,0,0,0,0,0,0,0,0,0,0,0,0,0,0,0,0,0,0,0,0,0,0,0,0,0,0
AF-A6NHY2-F1-model_v4,ten_percent_graphs/graph_AF-A6NHY2-F1-model_v4.pt,ten_percent_voxels/voxel_AF-A6NHY2-F1-model_v4.pt,A6NHY2,0,0,0,0,0,0,0,0,0,0,0,0,0,0,0,0,0,0,0,0,0,0,0,1,0,0,0,0,0,0,0,0,0,0,0,0,0,0,0,0,0,0,0,0,0,0,0,0,0,0,0,0,0,0,0,0,0,0,0,0,0,0,0,0,0,0,0,0,0,0,0,0,0,0,0,0,0,0,0,0,0,0,0,0,0,0,0,0,0,0,0,0,0,0,0,0,0,0,0,0
AF-Q9ULZ9-F1-model_v4,ten_percent_graphs/graph_AF-Q9ULZ9-F1-model_v4.pt,ten_percent_voxels/voxel_AF-Q9ULZ9-F1-model_v4.pt,Q9ULZ9,0,0,1,0,0,0,0,1,0,0,0,0,0,0,0,0,0,0,0,0,0,0,0,0,0,0,0,0,0,0,1,0,0,0,0,0,0,0,0,0,0,0,0,0,1,0,0,0,0,0,0,0,0,0,0,0,0,0,0,0,0,0,0,0,0,0,0,0,0,0,0,0,0,0,0,0,0,0,0,0,0,0,0,0,0,0,0,0,0,0,0,0,0,0,0,0,0,0,0,0
AF-Q14916-F1-model_v4,ten_percent_graphs/graph_AF-Q14916-F1-model_v4.pt,ten_percent_voxels/voxel_AF-Q14916-F1-model_v4.pt,Q14916,0,0,1,0,0,1,0,0,0,0,0,0,0,0,0,0,0,0,0,0,0,0,0,0,0,0,0,0,0,0,0,0,0,0,0,0,0,0,0,0,0,0,0,0,0,0,0,0,0,0,0,0,0,0,0,0,0,0,0,0,0,0,0,0,0,1,0,0,0,0,0,0,0,0,0,0,0,0,0,0,0,0,0,0,0,0,0,0,0,0,0,0,0,0,0,0,0,0,0,0
AF-P59910-F1-model_v4,ten_percent_graphs/graph_AF-P59910-F1-model_v4.pt,ten_percent_voxels/voxel_AF-P59910-F1-model_v4.pt,P59910,0,1,0,0,0,0,0,0,0,0,0,0,0,0,0,0,0,0,0,0,0,0,0,0,0,0,0,0,0,0,0,0,0,0,0,0,0,0,0,0,0,0,0,0,0,0,0,0,0,0,0,0,0,0,0,0,0,0,0,0,0,0,0,0,0,0,0,0,0,0,0,0,0,0,0,0,0,0,0,0,0,0,0,0,0,0,0,0,0,0,0,0,0,0,0,0,0,0,0,0
AF-Q8NET4-F1-model_v4,ten_percent_graphs/graph_AF-Q8NET4-F1-model_v4.pt,ten_percent_voxels/voxel_AF-Q8NET4-F1-model_v4.pt,Q8NET4,0,0,0,0,0,0,0,0,0,0,0,0,0,0,0,0,0,0,0,0,0,0,0,0,0,0,0,0,0,0,0,0,0,0,0,0,0,0,0,0,0,0,0,0,0,0,0,0,0,0,0,0,0,0,0,0,0,0,0,0,0,0,0,0,0,0,0,0,0,0,0,0,0,0,0,0,0,0,0,0,0,0,0,0,0,0,0,0,0,0,0,0,0,0,0,0,0,0,0,0
AF-Q8TDN7-F1-model_v4,ten_percent_graphs/graph_AF-Q8TDN7-F1-model_v4.pt,ten_percent_voxels/voxel_AF-Q8TDN7-F1-model_v4.pt,Q8TDN7,0,0,0,0,0,0,1,0,0,0,0,0,0,0,0,0,1,0,0,1,0,0,0,0,0,0,0,0,0,0,0,0,0,1,0,0,0,0,0,0,0,0,0,0,0,0,0,0,0,0,0,0,0,0,0,0,0,0,0,0,0,0,0,0,0,0,0,0,0,0,0,0,0,0,0,0,0,0,0,0,0,0,0,0,0,0,0,0,0,0,0,0,0,0,0,0,0,0,0,0
AF-P49327-F1-model_v4,ten_percent_graphs/graph_AF-P49327-F1-model_v4.pt,ten_percent_voxels/voxel_AF-P49327-F1-model_v4.pt,P49327,0,1,1,1,0,1,0,0,1,0,0,0,0,1,0,0,0,1,0,0,0,0,0,0,0,0,0,0,0,0,0,0,0,0,0,0,0,0,0,0,0,0,0,0,0,0,0,0,0,0,0,0,0,0,0,0,0,0,0,0,0,0,0,1,0,0,0,0,0,0,0,0,0,0,0,0,0,0,0,0,0,0,0,0,0,1,0,0,0,0,0,0,0,0,0,0,0,0,0,0
AF-Q0P6H9-F1-model_v4,ten_percent_graphs/graph_AF-Q0P6H9-F1-model_v4.pt,ten_percent_voxels/voxel_AF-Q0P6H9-F1-model_v4.pt,Q0P6H9,0,0,0,0,0,1,0,0,0,0,0,0,0,0,0,0,0,0,0,0,0,0,0,0,0,0,0,0,0,0,0,0,0,0,0,0,0,0,0,0,0,0,0,0,0,0,0,0,0,0,0,0,0,0,0,0,0,0,0,0,0,0,0,0,0,0,0,0,0,0,0,0,0,0,0,0,0,0,0,0,0,0,0,0,0,0,0,0,0,0,0,0,0,0,0,0,0,0,0,0
AF-Q9UBP4-F1-model_v4,ten_percent_graphs/graph_AF-Q9UBP4-F1-model_v4.pt,ten_percent_voxels/voxel_AF-Q9UBP4-F1-model_v4.pt,Q9UBP4,0,0,0,0,0,0,0,1,0,0,0,0,0,0,0,0,0,0,0,0,0,0,0,0,0,0,0,0,0,0,0,0,0,0,0,0,0,0,0,0,0,0,0,0,0,0,1,0,0,0,0,0,0,0,0,0,0,0,0,0,0,0,0,0,0,0,0,0,0,0,0,0,0,0,0,0,0,0,0,0,0,0,0,0,0,0,0,0,0,0,0,0,0,0,0,0,0,0,0,0
AF-O75190-F1-model_v4,ten_percent_graphs/graph_AF-O75190-F1-model_v4.pt,ten_percent_voxels/voxel_AF-O75190-F1-model_v4.pt,O75190,1,1,0,1,1,1,0,0,0,0,0,1,0,0,0,0,0,0,0,0,0,0,1,0,0,0,0,0,0,0,0,0,0,0,0,0,0,0,0,0,1,0,0,0,0,0,1,0,0,0,0,0,0,0,0,0,0,0,0,0,0,0,0,0,0,0,0,0,0,0,0,0,0,0,0,0,0,0,0,0,0,0,0,0,0,0,0,0,0,0,0,0,0,0,0,0,0,0,0,0
AF-O14598-F1-model_v4,ten_percent_graphs/graph_AF-O14598-F1-model_v4.pt,ten_percent_voxels/voxel_AF-O14598-F1-model_v4.pt,O14598,0,0,0,0,0,0,0,0,0,0,0,0,0,0,0,0,0,0,0,0,0,0,0,0,0,0,0,0,0,0,0,0,0,0,0,0,0,0,0,0,0,0,0,0,0,0,0,0,0,0,0,0,0,0,0,0,0,0,0,0,0,0,0,0,0,0,0,0,0,0,0,0,0,0,0,0,0,0,0,0,0,0,0,0,0,0,0,0,1,0,0,0,0,0,0,0,0,0,0,0
AF-O14598-F1-model_v4,ten_percent_graphs/graph_AF-O14598-F1-model_v4.pt,ten_percent_voxels/voxel_AF-O14598-F1-model_v4.pt,O14598,0,0,0,0,0,0,0,0,0,0,0,0,0,0,0,0,0,0,0,0,0,0,0,0,0,0,0,0,0,0,0,0,0,0,0,0,0,0,0,0,0,0,0,0,0,0,0,0,0,0,0,0,0,0,0,0,0,0,0,0,0,0,0,0,0,0,0,0,0,0,0,0,0,0,0,0,0,0,0,0,0,0,0,0,0,0,0,0,1,0,0,0,0,0,0,0,0,0,0,0
AF-Q9BYS1-F1-model_v4,ten_percent_graphs/graph_AF-Q9BYS1-F1-model_v4.pt,ten_percent_voxels/voxel_AF-Q9BYS1-F1-model_v4.pt,Q9BYS1,0,1,0,0,0,0,0,0,0,0,0,0,0,0,0,0,0,0,0,0,0,0,0,0,0,0,0,0,0,0,0,0,0,0,0,0,0,0,0,0,0,0,0,0,0,0,0,0,0,0,0,0,0,0,0,0,0,0,0,0,0,0,0,0,0,0,0,0,0,0,0,0,0,0,0,0,0,0,0,0,0,0,0,0,0,0,0,0,0,0,0,0,0,0,0,0,0,0,0,0
AF-O75179-F1-model_v4,ten_percent_graphs/graph_AF-O75179-F1-model_v4.pt,ten_percent_voxels/voxel_AF-O75179-F1-model_v4.pt,O75179,1,0,0,1,1,1,0,0,0,0,0,0,0,1,0,0,0,0,1,0,0,0,0,0,0,0,0,0,0,0,0,0,0,0,0,1,0,0,0,0,0,0,0,0,0,1,0,0,0,0,0,0,0,0,0,0,0,0,0,0,0,0,0,0,0,0,0,0,0,0,0,0,0,0,0,0,0,0,0,0,0,0,0,0,0,0,0,0,0,0,0,0,0,0,0,0,0,0,0,0
AF-Q9Y5V3-F1-model_v4,ten_percent_graphs/graph_AF-Q9Y5V3-F1-model_v4.pt,ten_percent_voxels/voxel_AF-Q9Y5V3-F1-model_v4.pt,Q9Y5V3,1,1,1,0,0,0,0,0,0,0,0,1,0,0,0,0,0,0,1,0,0,0,0,0,1,0,0,0,0,0,0,0,0,0,1,0,0,0,0,0,0,1,0,0,0,0,0,0,0,0,0,0,0,0,0,0,0,0,0,0,0,0,0,0,0,0,0,0,0,0,0,0,0,0,0,0,0,0,0,0,0,0,0,0,0,0,0,0,0,0,0,0,0,0,0,0,0,0,0,0
AF-Q9HC56-F1-model_v4,ten_percent_graphs/graph_AF-Q9HC56-F1-model_v4.pt,ten_percent_voxels/voxel_AF-Q9HC56-F1-model_v4.pt,Q9HC56,0,0,1,0,0,0,0,0,0,0,0,0,0,0,0,0,0,0,0,0,0,0,0,0,0,0,0,1,0,0,0,1,0,0,0,0,0,0,0,0,0,0,0,0,0,0,0,0,0,0,1,0,0,0,0,0,0,0,0,0,0,0,0,0,0,0,0,0,0,0,0,0,0,0,0,0,0,0,0,0,0,0,0,0,0,0,0,0,0,0,0,0,0,0,0,0,0,0,0,0
AF-H6SG15-F1-model_v4,ten_percent_graphs/graph_AF-H6SG15-F1-model_v4.pt,ten_percent_voxels/voxel_AF-H6SG15-F1-model_v4.pt,H6SG15,0,0,0,0,0,0,0,0,0,0,1,0,0,0,0,0,0,0,0,0,0,0,0,0,0,0,0,0,0,0,0,0,0,0,0,0,0,0,0,0,0,0,0,0,0,0,0,0,0,0,0,1,0,0,0,0,0,0,0,0,0,0,0,0,0,0,0,0,0,0,0,0,0,0,0,0,0,0,0,0,0,0,0,0,0,0,0,0,0,0,0,0,0,0,0,0,0,0,0,0
AF-Q6P280-F1-model_v4,ten_percent_graphs/graph_AF-Q6P280-F1-model_v4.pt,ten_percent_voxels/voxel_AF-Q6P280-F1-model_v4.pt,Q6P280,1,0,0,0,0,0,1,0,0,0,0,0,1,0,0,1,0,0,0,0,0,0,0,0,0,0,0,0,0,0,0,0,0,0,0,0,0,0,0,0,0,0,0,0,0,0,0,0,0,0,0,0,0,1,0,0,0,0,0,0,0,0,0,0,0,0,0,0,0,0,0,0,0,0,0,0,0,0,0,0,0,0,0,0,0,0,0,0,0,0,0,0,0,0,0,0,0,0,0,0
AF-P19105-F1-model_v4,ten_percent_graphs/graph_AF-P19105-F1-model_v4.pt,ten_percent_voxels/voxel_AF-P19105-F1-model_v4.pt,P19105,0,1,0,1,0,0,0,0,1,0,0,0,0,0,0,0,0,0,0,0,0,0,0,0,0,0,0,1,0,0,0,0,0,0,0,0,0,0,0,0,0,0,0,0,0,0,0,0,0,0,0,0,0,0,0,0,0,0,0,0,0,0,0,0,0,0,0,0,0,0,0,0,0,0,0,0,0,0,0,0,0,0,0,0,0,0,0,0,0,0,0,0,0,0,0,0,0,0,0,0
AF-O95169-F1-model_v4,ten_percent_graphs/graph_AF-O95169-F1-model_v4.pt,ten_percent_voxels/voxel_AF-O95169-F1-model_v4.pt,O95169,0,0,0,0,0,0,0,0,0,0,1,0,0,0,0,0,0,0,0,0,0,0,0,0,0,0,0,0,0,0,0,0,0,0,0,0,0,0,1,0,0,0,0,0,0,0,0,0,0,0,0,1,0,0,0,0,0,0,0,0,0,0,0,0,0,0,0,0,0,0,0,0,0,0,0,0,0,0,0,0,0,0,0,0,0,0,0,0,0,0,0,0,0,0,0,0,0,0,0,0
AF-Q8WYN3-F1-model_v4,ten_percent_graphs/graph_AF-Q8WYN3-F1-model_v4.pt,ten_percent_voxels/voxel_AF-Q8WYN3-F1-model_v4.pt,Q8WYN3,1,0,0,0,0,0,0,0,0,0,0,0,1,0,0,1,0,0,1,0,0,1,0,0,0,0,0,0,0,0,0,0,0,0,0,0,0,0,0,0,0,0,0,0,0,0,0,0,1,1,0,0,0,0,0,0,0,0,0,0,0,0,0,0,0,0,0,0,0,0,1,0,0,0,0,0,0,1,0,0,0,0,0,0,0,0,0,0,0,0,0,0,0,0,0,0,0,0,1,0
AF-P52738-F1-model_v4,ten_percent_graphs/graph_AF-P52738-F1-model_v4.pt,ten_percent_voxels/voxel_AF-P52738-F1-model_v4.pt,P52738,1,0,0,0,0,0,1,0,0,0,0,0,1,0,0,1,0,0,0,0,1,0,0,0,1,0,0,0,0,0,0,0,0,0,0,0,0,1,0,0,0,0,0,0,0,0,0,0,0,0,0,0,0,0,0,0,0,0,0,0,0,0,0,0,0,0,0,0,0,0,0,0,0,0,0,0,0,1,0,0,0,0,0,0,0,0,0,0,0,0,0,0,1,0,0,0,0,0,0,0
AF-B2RDU6-F1-model_v4,ten_percent_graphs/graph_AF-B2RDU6-F1-model_v4.pt,ten_percent_voxels/voxel_AF-B2RDU6-F1-model_v4.pt,B2RDU6,0,1,0,0,0,0,0,0,0,0,0,0,0,0,1,0,0,0,0,0,0,0,0,0,0,0,1,0,0,0,0,0,0,0,0,0,0,0,0,0,0,0,0,0,0,0,0,0,0,0,0,0,0,0,0,0,0,0,0,0,0,0,0,0,0,0,0,0,0,0,0,0,0,0,0,0,0,0,0,0,0,0,0,0,0,0,0,0,0,0,0,0,0,0,0,0,0,0,0,0
AF-O00744-F1-model_v4,ten_percent_graphs/graph_AF-O00744-F1-model_v4.pt,ten_percent_voxels/voxel_AF-O00744-F1-model_v4.pt,O00744,0,0,0,0,0,0,0,1,0,1,0,0,0,0,0,0,0,0,0,0,0,0,0,0,1,0,0,0,0,0,0,0,0,0,0,0,0,0,0,0,0,0,0,0,0,0,0,0,0,0,0,0,0,0,0,0,0,0,0,0,0,0,0,0,0,0,0,0,0,0,0,0,0,0,0,0,0,0,0,0,0,0,0,0,0,0,0,0,0,0,0,0,0,0,0,0,0,0,1,0
AF-Q2M1V0-F1-model_v4,ten_percent_graphs/graph_AF-Q2M1V0-F1-model_v4.pt,ten_percent_voxels/voxel_AF-Q2M1V0-F1-model_v4.pt,Q2M1V0,1,0,0,0,0,0,0,0,0,0,0,0,1,0,0,1,0,0,1,0,0,0,0,0,0,0,0,0,0,0,0,0,0,0,0,0,0,1,0,0,0,0,0,0,0,0,0,0,0,0,0,0,0,1,0,0,0,0,0,0,0,0,0,0,0,0,0,0,0,0,0,0,0,0,0,0,0,0,0,0,0,0,0,0,0,0,0,0,0,0,0,0,0,0,0,0,0,0,0,0
AF-O95180-F1-model_v4,ten_percent_graphs/graph_AF-O95180-F1-model_v4.pt,ten_percent_voxels/voxel_AF-O95180-F1-model_v4.pt,O95180,0,0,1,0,0,1,1,0,0,0,0,0,0,0,0,0,0,0,0,0,0,0,0,0,0,0,0,0,0,0,0,0,0,0,0,0,0,0,0,0,0,0,0,0,0,0,0,0,0,0,0,0,0,0,0,0,0,0,0,0,0,0,0,0,0,0,0,0,0,0,0,0,0,0,0,0,0,0,0,0,0,0,0,0,0,0,0,0,0,0,0,0,0,0,0,0,0,0,0,0
AF-Q9H7P9-F1-model_v4,ten_percent_graphs/graph_AF-Q9H7P9-F1-model_v4.pt,ten_percent_voxels/voxel_AF-Q9H7P9-F1-model_v4.pt,Q9H7P9,0,1,0,0,0,0,0,0,0,0,0,0,0,0,0,0,0,0,0,0,0,0,0,0,0,0,0,0,0,0,0,0,0,0,0,0,0,0,0,0,0,0,0,0,0,0,0,0,0,0,0,0,0,0,0,0,0,0,0,0,0,0,0,0,0,0,0,0,0,0,0,0,0,0,0,0,0,0,0,1,0,0,0,0,0,0,0,0,0,0,0,0,0,0,0,0,0,0,0,0
AF-Q6P1K1-F1-model_v4,ten_percent_graphs/graph_AF-Q6P1K1-F1-model_v4.pt,ten_percent_voxels/voxel_AF-Q6P1K1-F1-model_v4.pt,Q6P1K1,0,0,1,0,0,0,0,0,0,0,0,0,0,0,0,0,0,0,0,0,0,0,0,0,0,0,0,0,0,0,0,0,0,0,0,0,0,0,0,0,0,0,0,0,0,0,0,0,0,0,0,0,0,0,0,0,0,0,0,0,0,0,0,0,0,0,0,0,0,0,0,0,0,0,0,0,0,0,1,0,0,0,0,0,0,0,0,0,0,0,0,0,0,0,0,0,0,0,0,0
AF-P58549-F1-model_v4,ten_percent_graphs/graph_AF-P58549-F1-model_v4.pt,ten_percent_voxels/voxel_AF-P58549-F1-model_v4.pt,P58549,0,0,1,0,0,0,0,0,0,0,0,0,0,0,0,0,0,0,0,0,0,0,0,0,0,0,0,0,0,0,0,0,0,0,0,0,0,0,0,0,0,0,0,0,0,0,0,0,0,0,0,0,0,0,0,0,0,0,0,0,0,0,0,0,0,0,0,0,0,0,0,0,0,0,0,0,0,0,0,0,0,0,0,0,0,0,0,0,0,0,0,0,0,0,0,0,0,0,0,0
AF-A6NFK2-F1-model_v4,ten_percent_graphs/graph_AF-A6NFK2-F1-model_v4.pt,ten_percent_voxels/voxel_AF-A6NFK2-F1-model_v4.pt,A6NFK2,0,0,0,0,0,0,0,0,0,0,0,0,0,0,0,0,0,0,0,0,0,0,0,0,0,0,0,0,0,0,0,0,0,0,0,0,0,0,0,0,0,0,0,0,0,0,0,0,0,0,0,0,0,0,0,0,0,0,0,0,0,0,0,0,0,0,0,0,0,0,0,0,0,0,0,0,0,0,0,0,0,0,0,0,0,0,0,0,0,0,0,0,0,0,0,0,0,0,0,0
AF-D6R901-F1-model_v4,ten_percent_graphs/graph_AF-D6R901-F1-model_v4.pt,ten_percent_voxels/voxel_AF-D6R901-F1-model_v4.pt,D6R901,1,1,0,0,0,0,0,0,0,0,0,0,0,0,0,0,1,0,0,0,0,0,0,0,0,0,0,0,0,0,0,0,0,0,0,0,0,0,0,0,0,0,0,0,1,0,0,0,0,0,0,0,0,0,0,0,0,0,0,0,0,0,0,0,0,0,0,0,0,0,0,0,0,0,0,0,0,0,0,0,0,0,0,0,0,0,0,0,0,0,0,0,0,0,0,0,0,0,0,0
AF-Q8N7X0-F1-model_v4,ten_percent_graphs/graph_AF-Q8N7X0-F1-model_v4.pt,ten_percent_voxels/voxel_AF-Q8N7X0-F1-model_v4.pt,Q8N7X0,0,0,0,0,0,0,1,0,0,0,0,0,0,0,0,0,0,0,0,0,0,0,0,0,0,0,0,0,0,0,0,0,0,0,0,0,0,0,0,0,0,0,0,0,1,0,0,0,0,0,0,0,0,0,0,0,0,0,0,0,0,0,0,0,0,0,0,0,0,0,0,0,0,0,0,0,0,0,0,0,0,0,0,0,0,0,0,0,0,0,0,0,0,0,0,0,0,0,0,0
AF-Q8NEL9-F1-model_v4,ten_percent_graphs/graph_AF-Q8NEL9-F1-model_v4.pt,ten_percent_voxels/voxel_AF-Q8NEL9-F1-model_v4.pt,Q8NEL9,0,1,0,1,0,0,1,0,0,0,0,0,0,0,0,0,0,0,0,0,0,0,0,0,0,0,0,0,0,0,0,0,0,0,0,0,0,0,0,0,0,0,0,0,0,0,0,0,0,0,0,0,0,0,0,0,0,0,0,0,0,0,0,0,0,0,0,0,0,0,0,0,0,0,0,0,0,0,0,0,0,0,0,0,0,0,0,0,0,0,0,0,0,0,0,0,0,0,0,0
AF-O60279-F1-model_v4,ten_percent_graphs/graph_AF-O60279-F1-model_v4.pt,ten_percent_voxels/voxel_AF-O60279-F1-model_v4.pt,O60279,0,0,0,0,0,1,0,0,0,0,0,0,0,0,0,0,0,0,0,0,0,0,0,0,0,0,0,0,0,0,0,0,0,0,0,0,0,0,0,0,0,0,0,0,0,0,0,0,0,0,1,0,0,0,0,0,0,0,0,0,0,0,0,0,0,0,0,0,0,0,0,0,0,0,0,0,0,0,0,0,0,0,0,0,0,0,0,0,0,0,0,0,0,0,0,0,0,0,0,0
AF-P15923-F1-model_v4,ten_percent_graphs/graph_AF-P15923-F1-model_v4.pt,ten_percent_voxels/voxel_AF-P15923-F1-model_v4.pt,P15923,1,0,0,1,1,0,0,0,0,0,0,0,1,0,0,1,0,0,1,0,1,1,1,0,1,0,0,0,1,0,0,0,0,0,1,0,0,0,0,1,0,1,0,0,0,0,0,0,1,1,0,0,0,0,0,0,0,0,0,0,0,0,0,0,0,0,0,0,0,0,0,0,0,0,0,1,0,0,0,0,1,0,0,0,0,0,0,0,0,0,0,0,1,0,0,0,0,0,0,0
AF-D9YZU9-F1-model_v4,ten_percent_graphs/graph_AF-D9YZU9-F1-model_v4.pt,ten_percent_voxels/voxel_AF-D9YZU9-F1-model_v4.pt,D9YZU9,0,0,0,0,0,0,1,0,0,0,0,0,0,0,0,0,0,0,0,0,0,0,0,0,0,0,0,0,0,0,0,0,0,0,0,0,0,0,0,0,0,0,0,0,0,0,0,0,0,0,0,0,0,0,0,0,0,0,0,0,0,0,0,0,0,0,0,0,0,0,0,0,0,0,0,0,0,0,0,0,0,0,0,0,0,0,0,0,0,0,0,0,0,0,0,0,0,0,0,0
AF-Q9GZZ1-F1-model_v4,ten_percent_graphs/graph_AF-Q9GZZ1-F1-model_v4.pt,ten_percent_voxels/voxel_AF-Q9GZZ1-F1-model_v4.pt,Q9GZZ1,1,1,0,1,0,0,0,0,1,0,0,0,0,0,0,0,0,0,0,0,0,0,0,0,0,1,0,0,0,0,0,0,0,0,0,0,0,0,0,0,0,0,0,0,0,0,0,0,0,0,0,0,0,0,0,0,0,0,0,0,0,0,0,0,0,0,0,0,0,0,0,0,0,0,0,0,0,0,0,0,0,0,0,0,0,0,0,0,0,0,0,0,0,0,0,0,0,0,0,0
AF-O60290-F1-model_v4,ten_percent_graphs/graph_AF-O60290-F1-model_v4.pt,ten_percent_voxels/voxel_AF-O60290-F1-model_v4.pt,O60290,1,0,0,0,0,0,1,0,0,0,0,0,0,0,0,0,0,0,0,0,0,0,0,0,0,0,0,0,0,0,0,0,0,0,0,0,0,0,0,0,0,1,0,0,0,0,0,0,0,0,0,0,0,0,0,0,0,0,0,0,0,0,0,0,0,0,0,0,0,0,0,0,0,0,0,0,0,0,0,0,0,0,0,0,0,0,0,0,0,0,0,0,0,0,0,0,0,0,0,0
AF-Q9H8X9-F1-model_v4,ten_percent_graphs/graph_AF-Q9H8X9-F1-model_v4.pt,ten_percent_voxels/voxel_AF-Q9H8X9-F1-model_v4.pt,Q9H8X9,0,0,0,0,0,0,0,0,0,0,0,0,0,0,0,0,1,1,0,1,0,0,0,0,0,0,0,0,0,1,0,0,0,0,0,0,0,0,0,0,0,0,0,0,0,0,0,0,0,0,0,0,0,0,0,0,0,0,0,0,0,0,0,0,0,0,0,0,0,0,0,0,0,0,0,0,0,0,0,0,0,0,0,0,0,0,0,0,0,0,0,0,0,0,0,0,0,0,0,0
AF-O43916-F1-model_v4,ten_percent_graphs/graph_AF-O43916-F1-model_v4.pt,ten_percent_voxels/voxel_AF-O43916-F1-model_v4.pt,O43916,0,0,0,0,0,1,0,0,0,0,0,0,0,0,0,0,0,0,0,0,0,0,0,0,0,0,0,0,0,1,0,0,0,0,0,0,0,0,0,0,0,0,0,0,0,0,0,0,0,0,0,0,0,0,0,0,0,0,0,0,0,0,0,1,0,0,0,0,0,0,0,0,0,0,0,0,0,0,0,0,0,0,0,0,0,0,0,0,0,0,0,0,0,0,0,0,0,0,0,0
AF-A8K8G6-F1-model_v4,ten_percent_graphs/graph_AF-A8K8G6-F1-model_v4.pt,ten_percent_voxels/voxel_AF-A8K8G6-F1-model_v4.pt,A8K8G6,0,0,0,0,0,0,0,0,0,0,0,0,0,0,0,0,0,0,0,0,0,0,0,0,0,0,0,0,0,0,0,0,0,0,0,0,0,0,0,0,0,0,0,0,0,0,0,0,0,0,0,0,0,0,0,0,0,0,0,0,0,0,0,0,0,0,0,0,0,0,0,0,0,0,0,0,0,0,0,0,0,0,0,0,0,0,0,0,0,0,0,0,0,0,0,0,0,0,0,0
AF-P05111-F1-model_v4,ten_percent_graphs/graph_AF-P05111-F1-model_v4.pt,ten_percent_voxels/voxel_AF-P05111-F1-model_v4.pt,P05111,0,0,0,0,0,0,0,1,0,1,0,0,0,0,0,0,0,0,0,0,0,0,0,1,0,0,0,0,0,0,0,0,0,1,0,0,0,0,0,0,0,0,0,1,0,0,0,0,0,0,0,0,1,0,0,0,0,0,0,0,0,0,0,0,0,0,0,0,0,0,0,0,0,0,0,0,0,0,0,0,0,0,0,0,0,0,0,1,0,0,0,0,0,0,0,0,0,0,0,0
AF-P30050-F1-model_v4,ten_percent_graphs/graph_AF-P30050-F1-model_v4.pt,ten_percent_voxels/voxel_AF-P30050-F1-model_v4.pt,P30050,0,1,0,1,0,1,0,0,1,0,0,0,0,1,0,0,0,0,0,0,0,0,0,0,0,1,0,0,0,0,0,0,0,0,0,0,0,0,0,0,0,0,0,0,0,0,0,0,0,0,0,0,0,0,0,0,0,1,0,0,0,0,0,0,0,0,0,0,0,0,0,0,0,0,0,0,0,0,0,0,0,0,0,0,0,0,0,0,0,0,0,0,0,0,0,0,0,0,0,0
AF-Q9NQQ7-F1-model_v4,ten_percent_graphs/graph_AF-Q9NQQ7-F1-model_v4.pt,ten_percent_voxels/voxel_AF-Q9NQQ7-F1-model_v4.pt,Q9NQQ7,0,0,0,0,1,0,0,0,0,0,0,0,0,0,0,0,0,1,0,0,0,0,0,0,0,0,0,0,0,0,0,0,0,0,0,0,0,0,0,0,0,0,0,0,0,0,0,0,0,0,0,0,0,0,0,0,0,0,0,0,0,0,0,0,0,0,0,0,0,0,0,0,0,0,0,0,0,0,0,0,0,0,0,0,0,0,0,0,0,0,0,0,0,0,0,0,0,1,0,0
AF-O94817-F1-model_v4,ten_percent_graphs/graph_AF-O94817-F1-model_v4.pt,ten_percent_voxels/voxel_AF-O94817-F1-model_v4.pt,O94817,0,1,0,0,1,0,0,0,0,0,0,0,0,0,0,0,0,0,0,0,0,0,0,0,0,0,1,0,0,0,0,0,0,0,1,0,0,0,0,0,0,0,0,0,0,0,0,0,0,0,0,0,0,0,0,0,0,0,0,0,0,0,0,0,0,0,0,0,0,0,0,0,0,0,0,0,0,0,0,0,0,0,0,0,0,0,0,0,0,0,0,0,0,0,0,0,0,0,0,0
AF-O15444-F1-model_v4,ten_percent_graphs/graph_AF-O15444-F1-model_v4.pt,ten_percent_voxels/voxel_AF-O15444-F1-model_v4.pt,O15444,0,0,0,0,0,0,0,1,0,1,0,0,0,0,0,0,0,0,0,0,0,0,0,0,0,0,0,0,0,0,0,0,0,0,0,0,0,0,0,0,0,0,0,0,0,0,0,0,0,0,0,0,0,0,1,0,0,0,0,0,0,0,0,1,0,0,0,0,0,0,0,0,0,1,0,0,0,0,0,0,0,0,0,0,0,0,0,0,0,0,0,0,0,0,0,0,0,0,0,0
AF-P22079-F1-model_v4,ten_percent_graphs/graph_AF-P22079-F1-model_v4.pt,ten_percent_voxels/voxel_AF-P22079-F1-model_v4.pt,P22079,0,0,0,1,0,0,1,1,1,1,0,0,0,0,0,0,0,0,0,0,0,0,0,0,0,0,0,0,0,0,0,0,0,0,0,0,0,0,0,0,0,0,0,0,0,0,0,0,0,0,0,0,0,0,0,0,0,0,0,0,0,0,0,0,0,0,0,0,0,0,0,0,0,0,0,0,0,0,0,0,0,0,0,0,0,0,0,0,0,0,0,0,0,0,0,0,0,0,0,1
AF-Q6P9A3-F1-model_v4,ten_percent_graphs/graph_AF-Q6P9A3-F1-model_v4.pt,ten_percent_voxels/voxel_AF-Q6P9A3-F1-model_v4.pt,Q6P9A3,1,0,0,0,0,0,1,0,0,0,0,0,1,0,0,1,0,0,0,0,1,0,0,0,0,0,0,0,0,0,0,0,0,0,0,0,0,0,0,0,0,0,0,0,0,0,0,0,0,0,0,0,0,0,0,0,0,0,0,0,0,0,0,0,0,0,0,0,0,0,0,0,0,0,0,0,0,0,0,0,0,0,0,0,0,0,0,0,0,0,0,0,0,0,0,0,0,0,0,0
AF-Q8WVP7-F1-model_v4,ten_percent_graphs/graph_AF-Q8WVP7-F1-model_v4.pt,ten_percent_voxels/voxel_AF-Q8WVP7-F1-model_v4.pt,Q8WVP7,0,0,1,0,0,0,0,0,0,0,0,0,0,0,0,0,0,0,0,0,0,0,0,1,0,0,0,0,0,0,0,0,0,0,0,0,0,0,0,0,0,0,0,0,0,0,0,0,0,0,0,0,0,0,0,0,0,0,0,0,0,0,0,0,0,0,0,0,0,0,0,0,0,0,0,0,0,0,0,0,0,0,0,0,0,0,0,0,0,0,0,0,0,0,0,0,0,0,0,0
AF-Q9Y2B5-F1-model_v4,ten_percent_graphs/graph_AF-Q9Y2B5-F1-model_v4.pt,ten_percent_voxels/voxel_AF-Q9Y2B5-F1-model_v4.pt,Q9Y2B5,0,1,0,0,0,0,0,0,0,0,0,1,0,0,0,0,0,0,0,0,0,0,0,0,0,0,0,0,0,0,0,0,0,0,0,0,0,0,0,0,0,0,0,0,0,0,0,0,0,0,0,0,0,0,0,0,0,0,0,0,0,0,0,0,0,0,0,0,0,0,0,0,0,0,0,0,0,0,0,1,0,0,0,0,0,0,0,0,0,1,0,0,0,0,0,0,0,0,0,0
AF-O43493-F1-model_v4,ten_percent_graphs/graph_AF-O43493-F1-model_v4.pt,ten_percent_voxels/voxel_AF-O43493-F1-model_v4.pt,O43493,0,0,1,0,1,0,0,0,0,0,0,0,0,0,0,0,0,1,0,0,0,0,0,0,0,0,0,0,0,0,0,0,0,0,0,0,0,0,0,0,0,0,0,0,0,0,0,0,0,0,0,0,0,0,0,0,0,0,0,0,0,0,0,0,0,0,0,0,0,0,0,0,0,0,0,0,0,0,0,0,0,0,0,0,0,0,0,0,0,0,0,0,0,0,0,0,0,0,0,0
AF-Q8N0Z2-F1-model_v4,ten_percent_graphs/graph_AF-Q8N0Z2-F1-model_v4.pt,ten_percent_voxels/voxel_AF-Q8N0Z2-F1-model_v4.pt,Q8N0Z2,0,0,1,0,0,0,0,0,0,0,0,0,0,0,0,0,0,0,0,0,0,1,0,0,0,0,0,0,0,0,0,0,0,0,0,0,0,0,0,0,0,0,0,0,0,0,0,0,0,0,0,0,0,0,0,0,0,0,0,0,0,0,0,0,0,0,0,0,0,0,0,0,0,0,0,0,0,0,0,0,0,0,0,0,0,0,0,0,0,0,0,0,0,0,0,0,0,0,0,0
AF-P22090-F1-model_v4,ten_percent_graphs/graph_AF-P22090-F1-model_v4.pt,ten_percent_voxels/voxel_AF-P22090-F1-model_v4.pt,P22090,1,1,0,0,1,1,0,0,0,0,0,0,0,1,0,0,0,0,0,0,0,0,0,0,0,0,0,0,0,0,0,0,0,0,0,0,0,0,0,0,0,0,0,0,0,0,0,0,0,0,0,0,0,0,0,0,0,0,0,0,0,0,0,0,0,0,0,0,0,0,0,0,0,0,0,0,0,0,0,0,0,0,0,0,0,0,0,0,0,0,0,0,0,0,0,0,0,0,0,0
AF-Q9H930-F1-model_v4,ten_percent_graphs/graph_AF-Q9H930-F1-model_v4.pt,ten_percent_voxels/voxel_AF-Q9H930-F1-model_v4.pt,Q9H930,1,0,0,0,0,0,1,0,0,0,0,0,1,0,0,1,0,0,0,0,0,0,1,0,0,0,0,0,0,0,0,0,0,0,0,0,0,0,0,0,0,0,0,0,0,0,0,0,0,0,0,0,0,0,0,0,0,0,0,0,0,0,0,0,0,0,0,0,0,0,0,0,0,0,0,0,0,0,0,0,0,0,0,0,0,0,0,0,0,0,0,0,0,0,0,0,0,0,0,0
AF-P48735-F1-model_v4,ten_percent_graphs/graph_AF-P48735-F1-model_v4.pt,ten_percent_voxels/voxel_AF-P48735-F1-model_v4.pt,P48735,0,1,0,0,0,0,0,0,1,0,1,0,0,0,0,0,0,0,0,0,0,0,0,0,0,0,0,0,0,0,0,0,0,0,0,0,0,0,1,0,0,0,0,0,0,0,0,0,0,0,0,0,0,0,0,0,0,0,0,0,0,0,0,0,0,0,0,0,0,0,0,0,0,0,0,0,0,0,0,0,0,0,0,0,0,0,0,0,0,0,0,0,0,0,0,0,0,0,0,0
AF-Q8TCT8-F1-model_v4,ten_percent_graphs/graph_AF-Q8TCT8-F1-model_v4.pt,ten_percent_voxels/voxel_AF-Q8TCT8-F1-model_v4.pt,Q8TCT8,0,0,1,0,0,1,0,0,1,0,0,0,0,0,0,0,0,0,0,0,0,0,0,0,0,0,1,0,1,0,0,0,0,0,0,0,0,0,0,0,0,0,0,0,0,0,0,0,0,0,0,0,0,0,0,0,0,0,0,0,0,0,0,0,0,0,0,0,0,0,0,0,0,0,0,0,0,0,1,0,0,0,0,0,0,0,0,0,0,0,0,0,0,0,0,0,0,0,0,0
AF-Q9NZW4-F1-model_v4,ten_percent_graphs/graph_AF-Q9NZW4-F1-model_v4.pt,ten_percent_voxels/voxel_AF-Q9NZW4-F1-model_v4.pt,Q9NZW4,1,0,0,1,0,0,0,0,0,1,0,0,0,0,0,0,0,0,0,0,0,0,0,0,0,0,0,1,0,0,0,0,0,0,0,0,0,0,0,0,0,0,0,0,0,0,0,0,0,0,0,0,0,0,0,0,0,0,0,0,0,0,0,0,0,0,0,0,0,0,0,0,0,0,0,0,0,0,0,0,0,0,0,0,0,0,0,0,0,0,0,0,0,0,0,0,0,0,0,0
AF-A8K6C2-F1-model_v4,ten_percent_graphs/graph_AF-A8K6C2-F1-model_v4.pt,ten_percent_voxels/voxel_AF-A8K6C2-F1-model_v4.pt,A8K6C2,0,0,0,0,0,0,1,1,0,0,0,0,0,0,0,0,0,0,0,0,0,0,0,0,0,0,0,0,0,0,0,0,0,0,0,0,0,0,0,0,0,0,0,0,0,0,0,0,0,0,0,0,0,0,0,0,0,0,0,0,0,0,0,0,0,0,0,0,0,0,0,0,0,0,0,0,0,0,0,0,0,0,0,0,0,0,0,0,0,0,0,0,0,0,0,0,0,0,0,0
AF-Q6H3X3-F1-model_v4,ten_percent_graphs/graph_AF-Q6H3X3-F1-model_v4.pt,ten_percent_voxels/voxel_AF-Q6H3X3-F1-model_v4.pt,Q6H3X3,0,0,1,0,0,0,0,1,0,1,0,0,0,0,0,0,1,0,0,0,0,0,0,0,0,0,1,0,0,0,0,0,0,0,0,0,0,0,0,0,0,0,1,0,0,0,0,0,0,0,0,0,0,0,1,0,0,0,0,0,0,0,0,0,0,0,0,0,0,0,0,0,0,0,0,0,0,0,0,0,0,0,0,0,0,0,0,0,0,0,0,0,0,0,0,0,0,0,0,0
AF-Q9HCJ6-F1-model_v4,ten_percent_graphs/graph_AF-Q9HCJ6-F1-model_v4.pt,ten_percent_voxels/voxel_AF-Q9HCJ6-F1-model_v4.pt,Q9HCJ6,0,0,0,0,0,0,0,0,0,0,0,0,0,0,0,0,0,0,0,0,0,0,0,0,0,0,0,0,0,0,1,0,0,0,0,0,0,0,0,0,0,0,0,0,0,0,0,0,0,0,0,0,0,0,0,0,0,0,0,0,0,0,0,0,0,0,0,0,0,0,0,0,0,0,0,0,0,0,0,0,0,0,0,0,0,0,0,0,0,0,0,0,0,0,0,0,0,0,0,0
AF-A6XAA7-F1-model_v4,ten_percent_graphs/graph_AF-A6XAA7-F1-model_v4.pt,ten_percent_voxels/voxel_AF-A6XAA7-F1-model_v4.pt,A6XAA7,0,0,0,0,0,0,0,1,0,0,0,0,0,0,0,0,0,0,0,0,0,1,0,0,0,0,0,0,0,0,0,0,1,0,0,0,0,0,0,0,0,0,0,0,0,0,1,0,0,0,0,0,0,0,0,0,0,0,0,0,0,0,0,0,0,0,0,0,0,0,0,0,0,0,0,0,0,0,0,0,0,0,0,0,0,0,0,0,0,0,0,0,0,0,0,0,0,0,0,0
AF-O43557-F1-model_v4,ten_percent_graphs/graph_AF-O43557-F1-model_v4.pt,ten_percent_voxels/voxel_AF-O43557-F1-model_v4.pt,O43557,0,0,1,1,0,0,0,1,0,0,0,1,0,0,0,0,0,0,0,0,0,0,0,1,0,0,0,0,0,0,0,0,0,0,0,0,0,0,0,0,0,0,0,1,0,0,0,0,0,0,0,0,0,0,1,0,0,0,0,0,0,0,0,0,0,0,0,0,0,0,1,0,0,0,0,0,0,0,0,0,0,0,0,0,0,0,0,0,0,0,0,0,0,0,0,0,0,0,0,0
AF-B0EVZ8-F1-model_v4,ten_percent_graphs/graph_AF-B0EVZ8-F1-model_v4.pt,ten_percent_voxels/voxel_AF-B0EVZ8-F1-model_v4.pt,B0EVZ8,0,0,0,0,0,0,0,0,0,0,0,0,0,0,0,0,0,0,0,0,0,0,0,0,0,0,0,0,0,0,0,0,0,0,0,0,0,0,0,0,0,0,0,0,0,0,0,0,0,0,0,0,0,0,0,0,0,0,0,0,0,0,0,0,0,0,0,0,0,0,0,0,0,0,0,0,0,0,0,0,0,0,0,0,0,0,0,0,0,0,0,0,0,0,0,0,0,0,0,0
AF-P51575-F1-model_v4,ten_percent_graphs/graph_AF-P51575-F1-model_v4.pt,ten_percent_voxels/voxel_AF-P51575-F1-model_v4.pt,P51575,0,0,1,0,0,0,0,0,0,0,0,1,0,0,1,0,0,0,0,0,0,0,0,1,0,0,0,0,0,0,0,1,0,0,1,0,0,0,0,0,0,0,1,0,0,0,0,0,0,0,0,0,1,0,0,0,0,0,0,0,0,0,0,0,0,0,0,0,0,0,1,0,0,0,0,0,0,0,0,0,0,0,0,0,0,0,0,0,0,0,0,0,0,0,0,0,0,0,0,0
AF-Q8IVL0-F1-model_v4,ten_percent_graphs/graph_AF-Q8IVL0-F1-model_v4.pt,ten_percent_voxels/voxel_AF-Q8IVL0-F1-model_v4.pt,Q8IVL0,0,0,0,0,0,0,0,0,0,0,0,0,0,0,1,0,0,0,0,0,0,0,0,0,0,0,0,0,0,0,0,0,0,0,0,0,0,0,0,0,0,0,0,0,0,0,0,0,0,0,0,0,0,0,0,0,0,0,0,0,0,0,0,0,0,0,0,0,0,0,0,0,0,0,1,0,0,0,0,0,0,0,0,0,0,0,0,0,0,0,0,0,0,0,0,0,0,0,0,0
AF-Q3SY84-F1-model_v4,ten_percent_graphs/graph_AF-Q3SY84-F1-model_v4.pt,ten_percent_voxels/voxel_AF-Q3SY84-F1-model_v4.pt,Q3SY84,0,1,0,0,0,0,0,0,1,0,0,0,0,0,0,0,0,0,0,0,0,0,0,0,0,0,0,0,0,0,0,0,0,0,0,0,0,0,0,0,0,0,0,0,0,0,0,0,0,0,0,0,0,0,0,0,0,0,0,0,0,0,0,0,0,0,0,0,0,0,0,0,0,0,0,0,0,0,0,0,0,0,0,0,0,0,0,0,0,0,0,0,0,0,0,0,0,0,0,0
AF-O60476-F1-model_v4,ten_percent_graphs/graph_AF-O60476-F1-model_v4.pt,ten_percent_voxels/voxel_AF-O60476-F1-model_v4.pt,O60476,0,0,0,0,0,1,0,0,1,0,0,0,0,0,0,0,1,1,0,0,0,0,0,0,0,0,0,1,0,1,0,0,0,0,0,0,0,0,0,0,0,0,0,0,0,0,0,0,0,0,0,0,0,0,0,0,0,0,0,0,0,0,0,0,0,0,0,0,0,0,0,0,0,0,0,0,0,0,0,0,0,0,0,0,0,0,0,0,0,0,0,0,0,0,0,0,0,0,0,0
AF-Q9H1P6-F1-model_v4,ten_percent_graphs/graph_AF-Q9H1P6-F1-model_v4.pt,ten_percent_voxels/voxel_AF-Q9H1P6-F1-model_v4.pt,Q9H1P6,0,0,0,0,0,0,0,0,0,0,0,0,0,0,0,0,0,0,0,0,0,0,0,0,0,0,0,0,0,0,0,0,0,0,0,0,0,0,0,0,0,0,0,0,0,0,0,0,0,0,0,0,0,0,0,0,0,0,0,0,0,0,0,0,0,0,0,0,0,0,0,0,0,0,0,0,0,0,0,0,0,0,0,0,0,0,0,0,0,0,0,0,0,0,1,0,0,0,0,0
AF-Q9NS86-F1-model_v4,ten_percent_graphs/graph_AF-Q9NS86-F1-model_v4.pt,ten_percent_voxels/voxel_AF-Q9NS86-F1-model_v4.pt,Q9NS86,1,1,1,0,1,0,0,0,0,0,0,0,0,0,1,0,0,0,0,0,0,0,0,0,0,0,0,0,0,0,0,0,0,0,0,0,0,0,0,0,0,0,0,0,0,0,1,0,0,0,0,0,0,0,0,0,0,0,0,0,0,0,0,0,0,0,1,0,0,0,0,0,0,0,0,0,0,0,0,0,0,0,0,0,0,0,0,0,0,0,0,0,0,0,0,0,0,0,0,0
AF-Q13753-F1-model_v4,ten_percent_graphs/graph_AF-Q13753-F1-model_v4.pt,ten_percent_voxels/voxel_AF-Q13753-F1-model_v4.pt,Q13753,0,0,0,0,0,0,0,1,0,1,0,0,0,0,0,0,0,0,0,0,0,0,0,0,0,0,0,0,0,0,0,0,0,0,0,0,0,0,0,0,1,0,0,0,0,0,0,0,0,0,1,0,0,0,0,0,0,0,0,0,0,0,0,0,1,0,0,0,0,0,0,0,0,0,0,0,0,0,0,0,0,0,0,0,0,0,0,0,0,0,0,0,0,0,0,0,0,0,0,0
AF-Q01813-F1-model_v4,ten_percent_graphs/graph_AF-Q01813-F1-model_v4.pt,ten_percent_voxels/voxel_AF-Q01813-F1-model_v4.pt,Q01813,1,1,0,1,0,1,1,0,1,0,0,1,0,0,1,0,0,0,0,0,0,0,0,0,0,0,0,0,0,0,0,0,0,0,0,0,0,0,0,0,0,0,0,0,0,0,0,0,0,0,0,0,1,0,0,0,0,0,0,0,0,0,0,0,0,0,0,0,0,0,0,0,0,0,0,0,0,0,0,0,0,0,0,0,0,1,0,0,0,0,0,0,0,0,0,0,0,0,0,0
AF-Q8WV93-F1-model_v4,ten_percent_graphs/graph_AF-Q8WV93-F1-model_v4.pt,ten_percent_voxels/voxel_AF-Q8WV93-F1-model_v4.pt,Q8WV93,0,0,0,1,0,0,0,0,0,0,1,0,0,0,1,0,0,0,0,0,0,0,0,0,0,0,0,0,0,0,0,0,0,0,0,0,0,0,0,0,0,0,0,0,0,0,0,0,0,0,0,0,0,0,0,0,0,0,0,0,0,0,0,0,0,0,0,0,0,0,0,0,0,0,1,0,0,0,0,0,0,0,0,0,0,0,0,0,0,0,0,0,0,0,0,0,0,0,0,0
AF-P47710-F1-model_v4,ten_percent_graphs/graph_AF-P47710-F1-model_v4.pt,ten_percent_voxels/voxel_AF-P47710-F1-model_v4.pt,P47710,0,0,0,0,0,0,0,1,0,1,0,0,0,0,0,0,0,0,0,0,0,0,0,0,0,0,0,0,0,0,0,0,0,0,0,0,0,0,0,0,0,0,0,0,0,0,0,0,0,0,0,0,0,0,0,0,0,0,0,0,0,0,0,0,0,0,0,0,0,0,0,0,0,0,0,0,0,0,0,0,0,0,0,0,0,0,0,0,0,0,0,0,0,0,0,0,0,0,0,0
AF-B2R986-F1-model_v4,ten_percent_graphs/graph_AF-B2R986-F1-model_v4.pt,ten_percent_voxels/voxel_AF-B2R986-F1-model_v4.pt,B2R986,0,0,1,0,0,0,0,0,0,0,0,0,0,0,0,0,0,0,0,0,0,0,0,0,0,0,0,0,0,0,0,0,0,0,0,0,0,0,0,0,0,0,0,0,0,0,0,0,0,0,0,0,0,0,0,0,0,0,1,0,0,0,0,0,0,0,0,0,0,0,0,0,0,0,0,0,0,0,0,0,0,0,0,0,0,0,0,0,0,0,0,0,0,0,0,0,0,0,0,0
AF-Q9H6R4-F1-model_v4,ten_percent_graphs/graph_AF-Q9H6R4-F1-model_v4.pt,ten_percent_voxels/voxel_AF-Q9H6R4-F1-model_v4.pt,Q9H6R4,0,0,0,0,1,0,0,0,0,0,1,0,0,1,0,0,0,0,0,0,0,0,0,0,0,1,0,0,0,0,0,0,0,0,0,0,0,0,0,0,0,0,0,0,0,0,0,0,0,0,0,0,0,0,0,0,0,0,0,0,0,0,0,0,0,0,0,0,0,0,0,0,0,0,0,0,0,0,0,0,0,0,0,0,0,0,0,0,0,0,0,0,0,0,0,0,0,0,0,0
AF-P01270-F1-model_v4,ten_percent_graphs/graph_AF-P01270-F1-model_v4.pt,ten_percent_voxels/voxel_AF-P01270-F1-model_v4.pt,P01270,0,0,0,0,0,0,0,1,0,1,0,0,0,0,0,0,0,0,0,0,0,1,0,0,0,0,0,0,0,0,0,0,0,0,0,0,0,0,0,0,0,0,0,0,0,0,0,0,0,0,0,0,0,0,0,0,0,0,0,0,0,0,0,0,0,0,0,0,0,0,0,0,0,1,0,0,0,0,0,0,0,1,0,0,0,0,0,0,0,0,0,0,0,0,0,0,0,1,0,0
AF-Q9ULB4-F1-model_v4,ten_percent_graphs/graph_AF-Q9ULB4-F1-model_v4.pt,ten_percent_voxels/voxel_AF-Q9ULB4-F1-model_v4.pt,Q9ULB4,0,0,1,0,0,0,0,0,0,0,0,0,0,0,0,0,0,0,0,0,0,0,0,0,0,0,0,1,0,0,0,0,0,0,0,0,0,0,0,0,0,0,0,0,0,0,0,0,0,0,0,0,0,0,0,0,0,0,0,0,0,0,0,0,0,0,0,0,0,0,0,0,0,0,0,0,0,0,0,0,0,0,0,0,0,1,0,0,0,0,0,0,0,0,0,0,0,0,0,0
AF-Q8N511-F1-model_v4,ten_percent_graphs/graph_AF-Q8N511-F1-model_v4.pt,ten_percent_voxels/voxel_AF-Q8N511-F1-model_v4.pt,Q8N511,0,0,0,0,0,0,0,0,0,0,0,0,0,0,0,0,1,0,0,1,0,0,0,0,0,0,0,0,0,0,0,0,0,0,0,0,0,0,0,0,0,0,0,0,0,0,0,0,0,0,0,0,0,0,0,0,0,0,0,0,0,0,0,0,0,0,0,0,0,0,0,0,0,0,0,0,0,0,0,0,0,0,0,0,0,0,0,0,0,0,1,0,0,0,0,0,0,0,0,0
AF-B2R5U3-F1-model_v4,ten_percent_graphs/graph_AF-B2R5U3-F1-model_v4.pt,ten_percent_voxels/voxel_AF-B2R5U3-F1-model_v4.pt,B2R5U3,0,0,1,0,0,0,0,0,0,0,0,0,0,0,0,0,0,0,0,0,0,0,0,0,0,0,0,1,0,0,0,1,0,0,0,0,0,0,0,0,1,0,0,0,0,0,0,0,0,0,0,0,0,0,0,0,0,0,0,0,0,0,0,0,0,0,1,0,0,0,0,0,0,0,0,0,0,0,0,0,0,0,0,0,0,0,0,0,0,0,0,0,0,1,0,0,0,0,0,0
AF-Q92685-F1-model_v4,ten_percent_graphs/graph_AF-Q92685-F1-model_v4.pt,ten_percent_voxels/voxel_AF-Q92685-F1-model_v4.pt,Q92685,0,0,0,0,0,0,0,0,0,0,0,0,0,0,0,0,1,0,0,1,0,0,0,0,0,0,0,0,0,0,0,0,0,0,0,0,0,0,0,0,0,0,0,0,0,0,0,0,0,0,0,0,0,0,0,0,0,0,0,0,0,0,0,0,0,0,0,0,0,0,0,0,0,0,0,0,0,0,0,0,0,0,0,0,0,0,0,0,0,0,0,0,0,0,0,0,0,0,0,0
AF-P13797-F1-model_v4,ten_percent_graphs/graph_AF-P13797-F1-model_v4.pt,ten_percent_voxels/voxel_AF-P13797-F1-model_v4.pt,P13797,0,1,1,1,0,0,0,0,0,0,0,0,0,0,0,0,0,0,0,0,0,0,0,0,0,0,0,1,0,0,0,0,0,0,0,0,0,0,0,0,0,0,0,0,0,0,0,0,0,0,0,0,0,0,0,0,0,0,0,0,0,0,0,0,0,0,0,0,0,0,0,0,0,0,0,0,0,0,0,0,0,0,0,0,0,0,0,0,0,0,0,0,0,0,0,0,0,0,0,0
AF-Q86X10-F1-model_v4,ten_percent_graphs/graph_AF-Q86X10-F1-model_v4.pt,ten_percent_voxels/voxel_AF-Q86X10-F1-model_v4.pt,Q86X10,0,0,0,0,0,0,0,0,0,0,0,0,0,0,0,0,0,0,0,0,0,0,0,0,0,0,0,0,0,0,0,0,0,0,0,0,0,0,0,0,0,0,0,0,0,0,0,0,0,0,0,0,0,0,0,0,0,0,0,0,0,0,0,0,0,0,0,0,0,0,0,0,0,0,0,0,0,0,0,0,1,0,0,0,0,0,0,0,0,1,0,0,0,0,0,0,0,0,0,0
AF-Q96GC9-F1-model_v4,ten_percent_graphs/graph_AF-Q96GC9-F1-model_v4.pt,ten_percent_voxels/voxel_AF-Q96GC9-F1-model_v4.pt,Q96GC9,0,0,1,0,0,1,0,0,0,0,0,0,0,0,0,0,1,0,0,1,0,0,0,0,0,1,0,0,0,0,0,0,0,0,0,0,0,0,0,0,0,0,0,0,0,0,0,0,0,0,0,0,0,0,0,0,0,0,0,0,0,0,0,0,0,0,0,0,0,0,0,0,0,0,0,0,0,0,0,0,0,0,0,0,0,0,0,0,0,0,0,0,0,0,0,0,0,0,0,0
AF-Q96MG7-F1-model_v4,ten_percent_graphs/graph_AF-Q96MG7-F1-model_v4.pt,ten_percent_voxels/voxel_AF-Q96MG7-F1-model_v4.pt,Q96MG7,1,0,0,1,1,0,0,0,0,0,0,0,0,0,0,0,0,0,0,0,0,0,0,0,1,0,0,0,0,0,0,0,0,0,0,0,0,0,0,0,0,0,0,0,0,0,0,0,0,0,0,0,0,0,0,0,0,0,0,0,0,0,0,0,0,0,0,0,0,0,0,0,0,0,0,0,0,0,0,0,0,0,0,0,1,0,0,0,0,0,0,0,0,0,0,0,0,0,0,0
AF-Q9H598-F1-model_v4,ten_percent_graphs/graph_AF-Q9H598-F1-model_v4.pt,ten_percent_voxels/voxel_AF-Q9H598-F1-model_v4.pt,Q9H598,0,0,1,0,0,0,0,0,0,0,0,0,0,0,0,0,0,0,0,0,0,0,0,0,0,0,0,0,0,0,0,0,1,0,0,0,0,0,0,0,0,0,0,0,0,0,0,0,0,0,0,0,0,0,0,0,0,0,0,0,0,0,0,0,0,0,0,1,0,0,0,0,0,0,0,0,1,0,0,0,0,0,0,0,0,0,0,0,0,0,0,0,0,0,0,0,0,0,0,0
AF-O43752-F1-model_v4,ten_percent_graphs/graph_AF-O43752-F1-model_v4.pt,ten_percent_voxels/voxel_AF-O43752-F1-model_v4.pt,O43752,0,1,1,0,1,0,0,0,0,0,0,0,0,0,0,0,0,1,0,0,0,0,0,0,0,0,0,0,0,1,0,0,0,0,0,0,0,0,0,0,1,0,0,0,0,0,0,0,0,0,0,0,0,0,0,0,0,0,0,0,0,0,0,0,0,0,0,0,0,0,0,0,0,0,0,0,0,0,0,0,0,0,0,0,0,0,0,0,0,0,0,0,0,0,0,0,0,0,0,0
AF-Q6IF00-F1-model_v4,ten_percent_graphs/graph_AF-Q6IF00-F1-model_v4.pt,ten_percent_voxels/voxel_AF-Q6IF00-F1-model_v4.pt,Q6IF00,0,0,1,0,0,0,0,0,0,0,0,0,0,0,0,0,0,0,0,0,0,0,0,0,0,0,0,0,0,0,0,0,0,0,0,0,0,0,0,0,0,0,0,0,0,0,0,0,0,0,0,0,0,0,0,0,0,0,1,0,0,0,0,0,0,0,0,0,0,0,0,0,0,0,0,0,0,0,0,0,0,0,0,0,0,0,0,0,0,0,0,0,0,0,0,0,0,0,0,0
AF-Q9NWQ8-F1-model_v4,ten_percent_graphs/graph_AF-Q9NWQ8-F1-model_v4.pt,ten_percent_voxels/voxel_AF-Q9NWQ8-F1-model_v4.pt,Q9NWQ8,0,0,1,0,0,0,0,0,0,0,0,0,0,0,0,0,0,0,0,0,0,0,0,1,0,0,0,0,0,0,0,0,0,0,0,0,0,0,0,0,0,0,0,0,0,0,0,0,0,0,0,0,0,0,0,0,0,0,0,0,0,0,0,0,0,0,0,0,1,0,0,0,0,0,0,0,0,0,0,0,0,0,0,0,0,0,0,0,0,0,0,0,0,0,0,0,0,0,0,0
AF-F8W9S8-F1-model_v4,ten_percent_graphs/graph_AF-F8W9S8-F1-model_v4.pt,ten_percent_voxels/voxel_AF-F8W9S8-F1-model_v4.pt,F8W9S8,1,0,0,0,0,0,0,0,0,0,0,0,0,0,0,0,0,0,0,0,0,0,0,0,0,0,0,0,0,0,1,0,0,0,0,0,0,0,0,0,0,1,0,0,0,0,0,0,0,0,0,0,0,0,0,0,0,0,0,0,0,0,0,0,0,0,0,0,0,0,0,0,0,0,0,0,0,0,0,0,0,0,0,0,0,0,0,0,0,0,0,0,0,0,0,0,0,0,0,0
AF-B5BUA4-F1-model_v4,ten_percent_graphs/graph_AF-B5BUA4-F1-model_v4.pt,ten_percent_voxels/voxel_AF-B5BUA4-F1-model_v4.pt,B5BUA4,0,1,0,0,1,0,0,0,0,0,0,0,0,0,0,0,0,0,0,0,0,0,0,0,0,0,0,0,0,0,0,0,0,0,0,0,0,0,0,0,0,0,0,0,0,0,0,0,0,0,0,0,0,0,0,0,0,0,0,1,0,0,0,0,0,0,0,0,0,0,0,0,0,0,0,0,0,0,0,0,0,0,0,0,0,0,0,0,0,0,0,0,0,0,0,0,0,0,0,0
AF-P01584-F1-model_v4,ten_percent_graphs/graph_AF-P01584-F1-model_v4.pt,ten_percent_voxels/voxel_AF-P01584-F1-model_v4.pt,P01584,0,1,0,0,0,0,0,1,0,1,0,0,0,0,0,0,0,0,0,0,0,1,0,1,0,0,0,0,0,0,0,0,0,0,0,0,0,0,0,1,0,0,0,0,0,0,0,0,0,0,0,0,0,0,1,1,0,0,0,0,0,0,0,1,1,0,0,0,0,0,1,0,0,0,0,0,0,0,0,0,0,1,0,0,0,0,0,0,0,0,1,0,0,0,0,0,0,0,0,0
AF-A8MXK1-F1-model_v4,ten_percent_graphs/graph_AF-A8MXK1-F1-model_v4.pt,ten_percent_voxels/voxel_AF-A8MXK1-F1-model_v4.pt,A8MXK1,0,0,1,0,0,1,0,0,0,0,0,0,0,0,0,0,0,0,0,0,0,0,0,0,0,0,0,0,0,0,0,0,0,0,0,0,0,0,0,0,0,0,0,0,0,0,0,0,0,0,0,0,0,0,1,0,0,0,0,0,0,0,0,0,0,0,0,1,0,0,0,0,0,0,0,0,0,0,0,0,0,0,0,0,0,0,0,0,0,0,0,0,0,0,0,1,0,0,0,0
AF-P82987-F1-model_v4,ten_percent_graphs/graph_AF-P82987-F1-model_v4.pt,ten_percent_voxels/voxel_AF-P82987-F1-model_v4.pt,P82987,0,0,0,0,0,0,0,0,0,1,0,0,0,0,0,0,0,0,0,0,0,0,0,0,0,0,1,0,0,0,0,0,0,0,0,0,0,0,0,0,0,0,0,0,0,0,0,0,0,0,0,0,0,0,0,0,0,0,0,0,0,0,0,0,0,0,0,0,0,0,0,0,0,0,0,0,0,0,0,0,0,0,0,0,0,0,0,0,0,0,0,0,0,0,0,0,0,0,0,0
AF-Q99712-F1-model_v4,ten_percent_graphs/graph_AF-Q99712-F1-model_v4.pt,ten_percent_voxels/voxel_AF-Q99712-F1-model_v4.pt,Q99712,0,0,1,0,0,0,0,0,0,0,0,0,0,0,0,0,0,0,0,0,0,0,0,0,0,0,0,0,0,0,0,0,0,0,0,0,0,0,0,0,0,0,0,0,0,0,0,0,0,0,0,0,0,0,0,0,0,0,0,0,0,0,0,0,0,0,0,0,0,0,0,0,0,0,0,0,0,0,0,0,0,0,0,0,0,0,0,0,0,0,0,0,0,0,0,0,0,0,0,0
AF-Q9UKC9-F1-model_v4,ten_percent_graphs/graph_AF-Q9UKC9-F1-model_v4.pt,ten_percent_voxels/voxel_AF-Q9UKC9-F1-model_v4.pt,Q9UKC9,0,0,0,1,0,1,0,0,0,0,0,0,0,0,0,0,0,0,0,0,0,0,0,0,0,0,0,0,0,0,0,0,0,0,0,0,0,0,0,0,0,0,0,0,1,0,0,1,0,0,0,0,0,0,0,0,0,0,0,0,0,0,0,0,0,0,0,0,0,0,0,0,0,0,0,0,0,0,0,0,0,0,0,0,0,0,0,0,0,0,0,0,0,0,0,0,0,0,0,0
AF-Q3SY52-F1-model_v4,ten_percent_graphs/graph_AF-Q3SY52-F1-model_v4.pt,ten_percent_voxels/voxel_AF-Q3SY52-F1-model_v4.pt,Q3SY52,1,0,0,0,0,0,1,0,0,0,0,0,1,0,0,1,0,0,0,0,1,0,0,0,0,0,0,0,0,0,0,0,0,0,0,0,0,0,0,0,0,0,0,0,0,0,0,0,0,0,0,0,0,0,0,0,0,0,0,0,0,0,0,0,0,0,0,0,0,0,0,0,0,0,0,0,0,0,0,0,0,0,0,0,0,0,0,0,0,0,0,0,0,0,0,0,0,0,0,0
AF-Q96ST8-F1-model_v4,ten_percent_graphs/graph_AF-Q96ST8-F1-model_v4.pt,ten_percent_voxels/voxel_AF-Q96ST8-F1-model_v4.pt,Q96ST8,0,1,0,0,0,0,0,0,0,0,0,0,0,0,0,0,0,0,0,0,0,0,0,0,0,0,0,0,0,0,0,0,0,0,0,0,1,0,0,0,0,0,0,0,0,0,0,0,0,0,0,0,0,0,0,0,0,0,0,0,0,0,0,0,0,0,0,0,0,0,0,0,1,0,0,0,0,0,0,0,0,0,0,0,0,0,0,0,0,0,0,0,0,1,0,0,0,0,0,0
AF-Q9Y3C7-F1-model_v4,ten_percent_graphs/graph_AF-Q9Y3C7-F1-model_v4.pt,ten_percent_voxels/voxel_AF-Q9Y3C7-F1-model_v4.pt,Q9Y3C7,1,0,0,0,1,0,0,0,0,0,0,0,1,0,0,0,0,0,0,0,0,0,0,0,0,0,0,0,0,0,0,0,0,0,0,0,0,0,0,0,0,0,0,0,0,0,0,1,0,0,0,0,0,0,0,0,0,0,0,0,0,0,0,0,0,0,0,0,0,0,0,0,0,0,0,0,0,0,0,0,0,0,0,1,0,0,0,0,0,0,0,0,0,0,0,0,0,0,0,0
AF-Q8IYI6-F1-model_v4,ten_percent_graphs/graph_AF-Q8IYI6-F1-model_v4.pt,ten_percent_voxels/voxel_AF-Q8IYI6-F1-model_v4.pt,Q8IYI6,0,1,1,0,0,1,0,0,0,0,0,0,0,0,0,0,0,0,0,0,0,0,0,0,0,0,0,0,0,0,0,0,0,0,0,0,0,0,0,0,1,0,0,0,0,0,0,0,0,0,0,0,0,0,0,0,0,0,0,0,0,0,0,0,0,0,0,0,0,0,0,0,0,0,0,0,0,0,0,1,0,0,0,0,0,0,0,0,0,0,0,0,0,0,0,0,0,0,0,0
AF-O60449-F1-model_v4,ten_percent_graphs/graph_AF-O60449-F1-model_v4.pt,ten_percent_voxels/voxel_AF-O60449-F1-model_v4.pt,O60449,0,0,1,0,0,0,0,0,1,0,0,0,0,0,0,0,0,0,0,0,0,0,0,0,0,0,0,0,0,0,0,0,0,0,0,0,0,0,0,0,0,0,1,0,0,0,0,0,0,0,0,0,0,0,1,0,0,0,0,0,0,0,0,1,0,0,0,0,0,0,0,0,0,0,0,0,0,0,0,0,0,0,0,0,0,0,0,0,0,0,0,0,0,0,0,0,0,0,0,0
AF-Q9BZD2-F1-model_v4,ten_percent_graphs/graph_AF-Q9BZD2-F1-model_v4.pt,ten_percent_voxels/voxel_AF-Q9BZD2-F1-model_v4.pt,Q9BZD2,0,0,1,0,0,0,0,0,0,0,0,0,0,0,0,0,0,1,0,0,0,0,0,0,0,0,1,0,0,0,0,0,0,0,0,0,0,0,0,0,0,0,0,0,0,0,0,0,0,0,0,0,0,0,0,0,0,0,0,0,0,0,0,0,0,0,0,0,0,0,0,0,0,0,0,0,0,0,1,0,0,0,0,0,0,0,0,0,0,0,0,0,0,0,0,0,0,0,0,0
AF-P80370-F1-model_v4,ten_percent_graphs/graph_AF-P80370-F1-model_v4.pt,ten_percent_voxels/voxel_AF-P80370-F1-model_v4.pt,P80370,0,0,0,1,0,1,0,1,0,0,0,0,0,0,0,0,0,0,0,0,0,0,0,0,0,0,0,1,0,0,0,0,0,1,0,0,0,0,0,0,0,0,0,0,0,0,0,0,0,0,0,0,0,0,0,0,0,0,0,0,0,0,0,0,0,0,0,0,0,0,0,0,0,0,0,0,0,0,0,0,0,0,0,0,0,0,0,0,0,0,0,0,0,0,0,0,0,0,0,0
AF-P62330-F1-model_v4,ten_percent_graphs/graph_AF-P62330-F1-model_v4.pt,ten_percent_voxels/voxel_AF-P62330-F1-model_v4.pt,P62330,0,1,1,0,0,1,0,0,1,0,0,0,0,0,0,0,0,1,0,0,0,0,0,0,0,0,0,0,0,0,0,1,0,1,0,0,0,0,0,0,0,0,0,0,0,0,0,0,0,0,1,0,0,0,0,0,0,1,0,1,0,0,0,0,0,0,1,0,0,0,0,0,0,0,0,1,0,0,0,0,0,0,0,0,0,0,0,0,0,0,0,1,0,0,0,0,0,0,0,0
AF-Q15599-F1-model_v4,ten_percent_graphs/graph_AF-Q15599-F1-model_v4.pt,ten_percent_voxels/voxel_AF-Q15599-F1-model_v4.pt,Q15599,1,0,1,0,0,0,0,0,1,0,0,1,0,0,0,0,0,0,0,0,0,0,0,0,0,0,0,0,0,0,0,0,0,0,0,0,0,0,0,0,0,0,0,1,0,0,0,0,0,0,0,0,0,0,0,0,0,1,0,0,0,0,0,0,0,1,0,0,0,0,0,0,0,0,0,0,0,0,0,0,0,0,0,0,0,1,0,0,0,0,0,0,0,0,0,0,0,0,0,0
AF-Q13569-F1-model_v4,ten_percent_graphs/graph_AF-Q13569-F1-model_v4.pt,ten_percent_voxels/voxel_AF-Q13569-F1-model_v4.pt,Q13569,1,0,1,0,1,0,0,0,0,0,0,0,0,0,1,0,0,0,0,0,0,0,1,0,1,0,0,0,0,0,0,0,0,0,0,0,0,0,0,0,0,0,0,0,0,0,0,0,0,0,0,0,0,0,0,0,0,0,0,0,0,0,0,0,0,0,0,0,0,0,0,0,0,0,0,0,0,0,0,0,0,0,0,0,0,0,0,0,0,0,0,0,0,0,0,0,0,0,0,0
AF-Q9H069-F1-model_v4,ten_percent_graphs/graph_AF-Q9H069-F1-model_v4.pt,ten_percent_voxels/voxel_AF-Q9H069-F1-model_v4.pt,Q9H069,0,0,0,1,0,0,0,0,0,0,0,0,0,0,0,0,0,0,0,0,0,0,0,0,0,0,0,0,0,0,0,0,0,0,0,0,0,0,0,0,0,0,0,0,0,0,0,0,0,0,0,0,0,0,0,0,0,0,0,0,0,0,0,0,0,0,0,0,0,0,0,0,0,0,0,0,0,0,0,0,0,0,0,0,0,0,0,0,0,0,0,0,0,0,1,0,0,0,0,0
AF-O60925-F1-model_v4,ten_percent_graphs/graph_AF-O60925-F1-model_v4.pt,ten_percent_voxels/voxel_AF-O60925-F1-model_v4.pt,O60925,0,0,0,1,0,0,0,0,0,0,0,0,0,0,0,0,0,0,0,0,0,0,0,0,0,0,0,0,0,0,0,0,0,0,0,0,0,0,0,0,0,0,0,0,0,0,0,0,0,0,0,0,0,0,0,0,0,0,0,0,0,0,0,0,0,0,0,0,0,0,0,0,0,0,0,0,0,0,0,0,0,0,0,0,0,0,0,0,0,0,0,0,0,0,0,0,0,0,0,0
AF-Q8TEW8-F1-model_v4,ten_percent_graphs/graph_AF-Q8TEW8-F1-model_v4.pt,ten_percent_voxels/voxel_AF-Q8TEW8-F1-model_v4.pt,Q8TEW8,0,0,0,0,0,0,0,0,0,0,0,0,0,0,0,0,0,0,0,0,0,0,0,0,0,0,0,0,0,0,0,0,0,0,1,0,0,0,0,0,0,0,0,0,0,0,0,0,0,0,1,0,0,0,0,0,0,0,0,1,0,0,0,0,0,1,0,0,0,0,0,0,0,0,0,0,0,0,0,0,0,0,0,0,0,0,0,0,0,0,0,0,0,0,0,0,0,0,0,0
AF-Q6ZMI3-F1-model_v4,ten_percent_graphs/graph_AF-Q6ZMI3-F1-model_v4.pt,ten_percent_voxels/voxel_AF-Q6ZMI3-F1-model_v4.pt,Q6ZMI3,0,0,1,0,0,0,0,1,0,0,0,0,0,0,0,0,0,0,0,0,0,0,0,1,0,0,0,0,0,0,0,0,1,0,0,0,0,0,0,0,0,0,0,0,0,0,0,0,0,0,0,0,0,0,0,0,0,0,0,0,0,0,0,0,0,0,0,0,0,0,0,0,0,0,0,0,0,0,0,0,0,0,0,0,0,0,0,0,0,0,0,0,0,0,0,1,0,0,0,0
AF-Q8N6Y2-F1-model_v4,ten_percent_graphs/graph_AF-Q8N6Y2-F1-model_v4.pt,ten_percent_voxels/voxel_AF-Q8N6Y2-F1-model_v4.pt,Q8N6Y2,0,0,0,0,0,0,0,1,0,0,0,0,0,0,0,0,0,0,0,0,0,0,0,0,0,0,0,0,0,0,0,0,0,0,0,0,0,0,0,0,0,0,0,0,0,0,0,0,0,0,0,0,0,0,0,0,0,0,0,0,0,0,0,0,0,0,0,0,0,0,0,0,0,0,0,0,0,0,0,0,0,0,0,0,0,0,0,0,0,0,0,0,0,0,0,0,0,0,0,0
AF-Q9NQ55-F1-model_v4,ten_percent_graphs/graph_AF-Q9NQ55-F1-model_v4.pt,ten_percent_voxels/voxel_AF-Q9NQ55-F1-model_v4.pt,Q9NQ55,1,0,0,0,0,0,0,0,0,0,0,0,0,1,0,0,0,0,0,0,0,0,0,0,0,1,0,0,0,0,0,0,0,0,0,0,0,0,0,0,0,0,0,0,0,0,0,0,0,0,0,0,0,0,0,0,0,0,0,0,0,0,0,0,0,0,0,0,0,0,0,0,0,0,0,0,0,0,0,0,0,0,0,0,0,0,0,0,0,0,0,0,0,0,0,0,0,0,0,0
AF-Q8N9Q2-F1-model_v4,ten_percent_graphs/graph_AF-Q8N9Q2-F1-model_v4.pt,ten_percent_voxels/voxel_AF-Q8N9Q2-F1-model_v4.pt,Q8N9Q2,0,0,0,0,0,0,0,0,0,0,0,0,0,0,0,0,0,0,0,0,0,0,0,0,0,0,0,0,0,0,1,0,0,0,0,0,0,0,0,0,0,0,0,0,0,0,0,0,0,0,0,0,0,0,0,0,0,0,0,0,0,0,0,0,0,0,0,0,0,0,0,0,0,0,0,0,0,0,0,0,0,0,0,0,0,0,0,0,0,0,0,0,0,0,0,0,0,0,0,0
AF-Q15057-F1-model_v4,ten_percent_graphs/graph_AF-Q15057-F1-model_v4.pt,ten_percent_voxels/voxel_AF-Q15057-F1-model_v4.pt,Q15057,0,0,0,0,0,1,1,0,0,0,0,0,0,0,0,0,0,0,0,0,0,0,0,0,0,0,0,0,0,0,0,0,0,0,0,0,0,0,0,0,0,0,0,0,0,0,0,0,0,0,0,0,0,0,0,0,0,0,0,0,0,0,0,0,0,0,0,0,0,0,0,0,0,0,0,0,0,0,0,0,0,0,0,0,0,0,0,0,0,1,0,0,0,0,0,0,0,0,0,0
AF-Q8NAA5-F1-model_v4,ten_percent_graphs/graph_AF-Q8NAA5-F1-model_v4.pt,ten_percent_voxels/voxel_AF-Q8NAA5-F1-model_v4.pt,Q8NAA5,0,0,0,1,0,0,0,0,0,0,0,0,0,0,0,0,0,0,0,0,0,0,0,0,0,0,0,0,0,0,0,0,0,0,0,0,0,0,0,0,0,0,0,0,0,0,0,0,0,0,0,0,0,0,0,0,0,0,0,0,0,0,0,0,0,0,0,0,0,0,0,0,0,0,0,0,0,0,0,0,0,0,0,0,0,0,0,0,0,0,0,0,0,0,0,0,0,0,0,0
AF-P0C7H9-F1-model_v4,ten_percent_graphs/graph_AF-P0C7H9-F1-model_v4.pt,ten_percent_voxels/voxel_AF-P0C7H9-F1-model_v4.pt,P0C7H9,1,1,0,0,0,0,0,0,0,0,0,0,0,0,0,0,1,0,0,0,0,0,0,0,0,0,0,0,0,0,0,0,0,0,0,0,0,0,0,0,0,0,0,0,0,0,0,0,0,0,0,0,0,0,0,0,0,0,0,0,0,0,0,0,0,0,0,0,0,0,0,0,0,0,0,0,0,0,0,0,0,0,0,0,0,0,0,0,0,0,0,0,0,0,0,0,0,0,0,0
AF-P18405-F1-model_v4,ten_percent_graphs/graph_AF-P18405-F1-model_v4.pt,ten_percent_voxels/voxel_AF-P18405-F1-model_v4.pt,P18405,0,0,0,0,0,0,0,0,0,0,0,0,0,0,0,0,0,0,0,1,0,0,0,0,0,0,0,0,0,0,0,0,0,1,0,0,0,0,0,0,1,0,0,0,0,0,0,0,0,0,0,0,0,0,0,0,0,0,0,0,0,0,0,0,0,0,0,0,0,0,0,0,0,0,0,0,0,0,0,0,0,0,0,0,0,0,0,1,0,0,0,0,0,0,0,0,0,0,0,0
AF-Q7Z5P4-F1-model_v4,ten_percent_graphs/graph_AF-Q7Z5P4-F1-model_v4.pt,ten_percent_voxels/voxel_AF-Q7Z5P4-F1-model_v4.pt,Q7Z5P4,0,1,0,0,0,0,0,0,0,0,0,0,0,0,0,0,1,0,0,0,0,0,0,0,0,0,0,0,0,0,0,0,0,0,0,0,0,0,0,0,0,0,0,0,0,0,0,0,0,0,0,0,0,0,0,0,0,0,0,0,0,0,0,0,0,0,0,0,0,0,0,0,0,0,0,0,0,0,0,0,0,0,0,0,0,0,0,0,0,0,0,0,0,0,0,0,0,0,0,0
AF-P51826-F1-model_v4,ten_percent_graphs/graph_AF-P51826-F1-model_v4.pt,ten_percent_voxels/voxel_AF-P51826-F1-model_v4.pt,P51826,1,1,0,0,1,0,0,0,0,0,0,0,0,0,0,0,0,0,0,0,0,0,0,0,0,0,0,0,0,0,0,0,0,0,0,0,0,0,0,0,0,0,0,0,0,0,0,0,0,1,0,0,0,0,0,0,0,0,0,0,0,0,0,0,0,0,0,0,0,0,0,1,0,0,0,0,0,0,0,0,0,0,0,0,0,0,0,0,0,0,0,0,0,0,0,0,0,0,0,0
AF-Q6PK18-F1-model_v4,ten_percent_graphs/graph_AF-Q6PK18-F1-model_v4.pt,ten_percent_voxels/voxel_AF-Q6PK18-F1-model_v4.pt,Q6PK18,0,0,0,0,0,1,0,0,0,0,0,0,0,0,0,0,0,0,0,0,0,0,0,0,0,0,0,0,0,0,0,0,0,0,0,0,0,0,0,0,0,0,0,0,0,0,0,0,0,0,0,0,0,0,0,0,0,0,0,0,0,0,0,0,0,0,0,0,0,0,0,0,0,0,0,0,0,0,0,0,0,0,0,0,0,0,0,0,0,0,0,0,0,0,0,0,0,0,0,0
AF-Q8N2Y8-F1-model_v4,ten_percent_graphs/graph_AF-Q8N2Y8-F1-model_v4.pt,ten_percent_voxels/voxel_AF-Q8N2Y8-F1-model_v4.pt,Q8N2Y8,0,1,0,0,0,0,0,0,1,0,0,0,0,0,0,0,0,0,0,0,0,0,0,0,0,0,0,0,0,0,0,0,0,0,0,0,0,0,0,0,0,0,0,0,0,0,0,0,0,0,0,0,0,0,0,0,0,0,0,0,0,0,0,0,0,0,0,0,0,0,0,0,0,0,0,0,0,0,0,1,0,0,0,0,0,0,0,0,0,0,0,0,0,0,0,0,0,0,0,0
AF-A6NIN4-F1-model_v4,ten_percent_graphs/graph_AF-A6NIN4-F1-model_v4.pt,ten_percent_voxels/voxel_AF-A6NIN4-F1-model_v4.pt,A6NIN4,0,0,0,0,0,0,1,0,0,0,0,0,0,0,0,0,0,0,0,0,0,0,0,0,0,0,0,0,0,0,0,0,0,0,0,0,0,0,0,0,0,0,0,0,0,0,0,1,0,0,0,0,0,0,0,0,0,0,0,0,0,0,0,0,0,0,0,0,0,0,0,0,0,0,0,0,0,0,0,0,0,0,0,1,0,0,0,0,0,0,0,0,0,0,0,0,0,0,0,0
AF-Q8IUM7-F1-model_v4,ten_percent_graphs/graph_AF-Q8IUM7-F1-model_v4.pt,ten_percent_voxels/voxel_AF-Q8IUM7-F1-model_v4.pt,Q8IUM7,0,1,0,0,1,0,0,0,0,0,0,0,1,0,0,1,0,0,1,0,1,1,0,0,0,0,0,0,0,0,0,0,0,1,0,0,0,0,0,0,0,0,0,0,0,0,0,0,1,0,0,0,1,1,0,0,0,0,0,0,0,0,0,0,0,0,0,0,0,0,0,0,0,0,0,0,0,0,0,0,1,0,0,0,0,0,0,0,0,0,0,0,0,0,0,0,0,0,0,0
AF-Q96CN5-F1-model_v4,ten_percent_graphs/graph_AF-Q96CN5-F1-model_v4.pt,ten_percent_voxels/voxel_AF-Q96CN5-F1-model_v4.pt,Q96CN5,0,1,1,0,1,0,0,0,0,0,0,0,0,0,0,0,0,0,0,0,0,0,0,0,0,0,0,0,0,0,0,0,0,0,0,0,1,0,0,0,0,0,0,0,0,0,0,0,0,0,0,0,0,0,0,0,0,0,0,0,0,0,0,0,0,0,0,0,0,0,0,0,0,0,0,0,0,0,0,0,0,0,0,0,0,0,0,0,0,0,0,0,0,0,0,0,0,0,0,0
AF-Q9NP91-F1-model_v4,ten_percent_graphs/graph_AF-Q9NP91-F1-model_v4.pt,ten_percent_voxels/voxel_AF-Q9NP91-F1-model_v4.pt,Q9NP91,0,0,1,0,0,0,0,0,0,0,0,0,0,0,0,0,0,0,0,0,0,0,0,0,0,0,0,0,0,0,0,0,0,0,0,0,0,0,0,0,0,0,0,0,0,0,0,0,0,0,0,0,0,0,0,0,0,0,0,0,0,0,0,0,0,1,0,0,0,0,0,0,0,0,0,0,0,0,0,0,0,0,0,0,0,0,0,0,0,0,0,0,0,0,0,0,0,0,0,0
AF-Q13444-F1-model_v4,ten_percent_graphs/graph_AF-Q13444-F1-model_v4.pt,ten_percent_voxels/voxel_AF-Q13444-F1-model_v4.pt,Q13444,0,0,1,0,0,0,1,1,1,0,0,0,0,0,0,0,0,0,0,0,0,0,0,0,0,0,0,0,0,0,0,0,1,0,0,1,0,0,0,0,0,0,0,0,1,0,0,0,0,0,0,0,0,0,0,0,0,0,0,0,0,0,0,0,0,0,0,0,0,0,0,0,0,0,0,0,0,0,0,0,0,0,0,0,0,0,0,0,0,0,0,0,0,0,0,0,0,0,0,0
AF-Q92817-F1-model_v4,ten_percent_graphs/graph_AF-Q92817-F1-model_v4.pt,ten_percent_voxels/voxel_AF-Q92817-F1-model_v4.pt,Q92817,0,1,0,1,0,1,0,0,1,0,0,0,0,0,0,0,0,0,0,0,0,0,0,0,0,0,0,0,0,0,0,0,0,0,0,0,0,0,0,0,0,0,0,0,0,0,0,0,0,0,0,0,0,0,0,0,0,0,0,0,0,0,0,0,0,0,0,0,0,0,0,0,0,0,0,0,0,0,0,0,0,0,0,0,0,1,0,0,0,0,0,0,0,0,0,0,0,0,0,0
AF-Q96PV0-F1-model_v4,ten_percent_graphs/graph_AF-Q96PV0-F1-model_v4.pt,ten_percent_voxels/voxel_AF-Q96PV0-F1-model_v4.pt,Q96PV0,0,1,1,0,0,0,0,0,0,0,0,0,0,0,0,0,0,0,0,0,0,0,0,0,0,0,0,0,0,0,0,1,0,0,0,0,0,0,0,0,0,0,0,0,0,0,0,0,0,0,0,0,0,0,0,0,0,0,0,0,0,0,0,0,0,0,0,0,0,0,0,0,0,0,0,0,0,0,0,0,0,0,0,0,0,0,0,0,0,1,0,0,0,0,0,0,0,0,0,0
AF-O43929-F1-model_v4,ten_percent_graphs/graph_AF-O43929-F1-model_v4.pt,ten_percent_voxels/voxel_AF-O43929-F1-model_v4.pt,O43929,1,1,0,0,1,0,0,0,0,0,0,0,0,0,1,0,0,0,0,0,0,0,0,0,0,1,0,0,0,0,0,0,0,0,0,0,0,0,0,0,0,0,0,0,0,0,0,0,0,0,0,0,0,0,0,0,0,0,0,0,0,0,0,0,0,0,0,0,0,0,0,0,0,0,1,0,0,0,0,0,0,0,0,0,0,0,0,0,0,0,0,0,0,0,0,0,0,0,0,0
AF-Q8N7U6-F1-model_v4,ten_percent_graphs/graph_AF-Q8N7U6-F1-model_v4.pt,ten_percent_voxels/voxel_AF-Q8N7U6-F1-model_v4.pt,Q8N7U6,0,0,0,0,0,0,0,0,0,0,0,0,0,0,0,0,0,0,0,0,0,0,0,0,0,0,0,1,0,0,0,0,0,0,0,0,0,0,0,0,0,0,0,0,0,0,0,0,0,0,0,0,0,0,0,0,0,0,0,0,0,0,0,0,0,0,0,0,0,0,0,0,0,0,0,0,0,0,0,0,0,0,0,0,0,0,0,0,0,0,0,0,0,0,0,0,0,0,0,0
AF-Q5HYJ3-F1-model_v4,ten_percent_graphs/graph_AF-Q5HYJ3-F1-model_v4.pt,ten_percent_voxels/voxel_AF-Q5HYJ3-F1-model_v4.pt,Q5HYJ3,0,0,0,0,0,0,0,0,0,0,0,0,0,0,0,0,0,0,0,0,0,0,0,0,0,0,0,0,0,0,0,0,0,0,0,0,0,0,0,0,0,0,0,0,0,0,0,0,0,0,0,0,0,0,0,0,0,0,0,0,0,0,0,0,0,0,0,0,0,1,0,0,0,0,0,0,0,0,0,0,0,0,0,0,0,0,0,0,0,0,0,0,0,0,0,0,0,0,0,0
AF-Q6UX41-F1-model_v4,ten_percent_graphs/graph_AF-Q6UX41-F1-model_v4.pt,ten_percent_voxels/voxel_AF-Q6UX41-F1-model_v4.pt,Q6UX41,0,0,1,0,0,0,0,0,0,0,0,0,0,0,0,0,0,0,0,0,0,0,0,0,0,0,0,0,0,0,0,0,0,0,0,0,0,0,0,0,0,0,1,1,0,0,0,0,0,0,0,0,0,0,0,0,0,0,0,0,0,0,0,0,0,0,0,0,0,0,0,0,0,0,0,0,0,0,0,0,0,0,0,0,0,0,0,0,0,0,0,0,0,0,0,0,0,0,0,0
AF-P08754-F1-model_v4,ten_percent_graphs/graph_AF-P08754-F1-model_v4.pt,ten_percent_voxels/voxel_AF-P08754-F1-model_v4.pt,P08754,0,0,1,1,1,1,1,0,1,0,0,0,0,0,0,0,0,1,0,0,0,0,0,0,0,1,0,0,0,0,0,0,0,0,0,0,1,0,0,0,0,0,0,0,0,0,0,0,0,0,0,0,0,0,0,0,0,0,0,1,0,0,0,0,0,0,1,0,0,0,0,0,0,0,0,0,0,0,1,0,0,0,0,0,0,0,0,0,0,0,0,1,0,0,0,0,0,0,0,0
AF-Q6NVV3-F1-model_v4,ten_percent_graphs/graph_AF-Q6NVV3-F1-model_v4.pt,ten_percent_voxels/voxel_AF-Q6NVV3-F1-model_v4.pt,Q6NVV3,0,0,0,0,0,1,0,0,0,0,0,0,0,0,0,0,0,1,0,0,0,0,0,0,0,0,0,0,0,1,0,0,0,0,0,0,0,0,0,0,0,0,0,0,0,0,0,0,0,0,0,0,0,0,0,0,0,0,0,0,0,0,0,0,0,0,0,0,0,0,0,0,0,0,0,0,0,0,0,0,0,0,0,0,0,0,0,0,0,0,0,0,0,0,0,0,0,0,0,0
AF-Q9C005-F1-model_v4,ten_percent_graphs/graph_AF-Q9C005-F1-model_v4.pt,ten_percent_voxels/voxel_AF-Q9C005-F1-model_v4.pt,Q9C005,1,0,0,0,1,0,0,0,0,0,0,1,0,0,0,0,0,1,0,0,0,0,0,0,0,0,0,0,1,0,0,0,0,0,0,0,0,0,0,0,0,0,0,0,0,0,0,0,0,0,0,0,0,0,0,0,0,0,0,0,0,0,0,0,0,0,0,0,0,0,0,0,0,0,0,0,0,0,0,0,0,0,0,0,0,0,0,0,0,0,0,0,0,0,0,0,0,0,0,0
AF-Q71F23-F1-model_v4,ten_percent_graphs/graph_AF-Q71F23-F1-model_v4.pt,ten_percent_voxels/voxel_AF-Q71F23-F1-model_v4.pt,Q71F23,1,1,0,0,1,0,0,0,0,0,0,0,0,0,0,0,0,0,0,0,0,0,0,0,0,0,0,0,0,0,0,0,0,0,0,0,0,0,0,0,0,0,0,0,0,0,0,0,0,0,0,0,0,0,0,0,0,0,0,0,0,0,0,0,0,0,0,0,0,0,0,0,0,0,0,0,0,0,0,0,0,0,0,0,0,0,0,0,0,0,0,0,0,0,0,0,0,0,0,0
AF-Q99956-F1-model_v4,ten_percent_graphs/graph_AF-Q99956-F1-model_v4.pt,ten_percent_voxels/voxel_AF-Q99956-F1-model_v4.pt,Q99956,1,1,0,1,0,0,0,0,0,0,0,0,0,0,0,0,0,0,0,0,0,0,0,1,0,0,0,0,0,0,0,0,0,0,0,0,0,0,0,0,0,0,0,0,0,0,0,0,0,0,0,0,0,0,0,0,0,0,0,0,0,0,0,0,0,0,0,0,0,0,0,0,0,0,0,0,0,0,0,0,0,0,0,0,0,0,0,0,0,0,0,0,0,0,0,0,0,0,0,0
AF-Q6PRD7-F1-model_v4,ten_percent_graphs/graph_AF-Q6PRD7-F1-model_v4.pt,ten_percent_voxels/voxel_AF-Q6PRD7-F1-model_v4.pt,Q6PRD7,1,0,0,1,1,0,0,0,0,0,0,0,0,0,0,0,0,0,0,0,0,0,0,0,0,0,0,0,0,0,0,0,0,1,0,0,0,0,0,0,0,0,0,0,0,0,0,0,0,0,0,0,0,0,0,0,0,0,0,0,0,0,0,0,0,0,0,0,0,0,0,0,0,0,0,0,0,0,0,0,0,0,0,0,0,0,0,0,0,0,0,0,0,0,0,0,0,0,0,0
AF-Q01668-F1-model_v4,ten_percent_graphs/graph_AF-Q01668-F1-model_v4.pt,ten_percent_voxels/voxel_AF-Q01668-F1-model_v4.pt,Q01668,0,0,1,0,0,0,1,0,0,0,0,0,0,0,0,0,0,0,0,0,0,0,0,0,0,0,0,0,0,0,0,0,0,0,0,0,0,0,0,0,0,0,0,0,0,0,0,0,0,0,0,0,0,0,0,0,0,0,0,0,0,0,0,0,0,0,0,0,0,0,0,0,0,0,0,0,0,0,0,0,0,0,0,0,0,0,0,0,0,0,0,0,0,0,0,0,0,0,0,0
AF-Q8TCW7-F1-model_v4,ten_percent_graphs/graph_AF-Q8TCW7-F1-model_v4.pt,ten_percent_voxels/voxel_AF-Q8TCW7-F1-model_v4.pt,Q8TCW7,0,0,0,0,0,0,0,1,0,0,0,0,0,0,0,0,0,0,0,0,0,0,0,0,0,0,0,0,0,0,0,0,1,0,0,0,0,0,0,0,0,0,0,0,0,0,0,0,0,0,0,0,0,0,0,0,0,0,0,0,0,0,0,0,0,0,0,0,0,0,0,0,0,0,0,0,0,0,0,0,0,0,0,0,0,0,0,0,0,0,0,0,0,0,0,0,0,0,0,0
AF-P36551-F1-model_v4,ten_percent_graphs/graph_AF-P36551-F1-model_v4.pt,ten_percent_voxels/voxel_AF-P36551-F1-model_v4.pt,P36551,0,1,0,1,0,1,0,0,0,0,1,0,0,0,0,0,0,0,0,0,0,0,0,0,0,0,0,0,1,0,0,0,0,0,0,0,0,0,0,0,0,0,0,0,0,0,0,0,0,0,0,0,0,0,0,0,0,0,0,0,0,0,0,0,0,0,0,0,0,0,0,0,0,0,0,0,0,0,0,0,0,0,0,0,0,0,0,0,0,0,0,0,0,0,0,0,0,0,0,0
AF-Q9H341-F1-model_v4,ten_percent_graphs/graph_AF-Q9H341-F1-model_v4.pt,ten_percent_voxels/voxel_AF-Q9H341-F1-model_v4.pt,Q9H341,0,0,1,0,0,1,0,0,0,0,0,0,0,0,0,0,0,0,0,0,0,0,0,0,0,0,0,0,0,0,0,0,0,0,0,0,0,0,0,0,0,0,0,0,0,0,0,0,0,0,0,0,0,0,0,0,0,0,1,0,0,0,0,0,0,0,0,0,0,0,0,0,0,0,0,0,0,0,0,0,0,0,0,0,0,0,0,0,0,0,0,0,0,0,0,0,0,0,0,0
AF-Q13641-F1-model_v4,ten_percent_graphs/graph_AF-Q13641-F1-model_v4.pt,ten_percent_voxels/voxel_AF-Q13641-F1-model_v4.pt,Q13641,0,0,1,0,0,0,0,0,0,0,0,0,0,0,0,0,1,0,0,0,0,0,0,0,0,0,0,0,0,0,0,0,1,0,0,0,0,0,0,0,0,0,0,0,0,0,0,0,0,0,1,0,0,0,0,1,0,0,0,0,0,0,0,0,0,0,0,1,0,0,0,0,0,0,0,0,0,0,0,0,0,0,0,0,0,0,0,0,0,0,0,0,0,0,0,0,0,0,0,0
AF-O15492-F1-model_v4,ten_percent_graphs/graph_AF-O15492-F1-model_v4.pt,ten_percent_voxels/voxel_AF-O15492-F1-model_v4.pt,O15492,0,0,1,1,0,1,0,0,0,0,0,0,0,0,0,0,0,0,0,0,0,0,0,0,0,0,0,0,0,0,0,0,0,0,0,0,0,0,0,0,0,0,0,0,0,0,0,0,0,0,0,0,0,0,0,0,0,0,0,0,0,0,0,0,0,0,0,0,0,0,0,0,0,1,0,0,0,0,0,0,0,0,0,0,0,0,0,0,0,1,0,1,0,0,0,0,0,0,0,0
AF-P07197-F1-model_v4,ten_percent_graphs/graph_AF-P07197-F1-model_v4.pt,ten_percent_voxels/voxel_AF-P07197-F1-model_v4.pt,P07197,0,0,0,1,0,0,0,0,0,0,0,0,0,0,0,0,0,0,0,0,0,0,0,0,0,0,0,0,0,0,0,0,0,0,0,0,0,0,0,0,0,0,0,0,0,0,0,0,0,0,0,0,0,0,0,0,0,0,0,0,0,0,0,0,0,0,0,0,0,0,0,0,0,0,0,0,0,0,0,0,0,0,0,0,0,0,0,0,0,0,0,0,0,0,0,1,0,0,0,0
AF-B0I1S9-F1-model_v4,ten_percent_graphs/graph_AF-B0I1S9-F1-model_v4.pt,ten_percent_voxels/voxel_AF-B0I1S9-F1-model_v4.pt,B0I1S9,0,0,1,1,0,0,0,0,1,0,0,0,0,0,1,0,0,0,0,0,0,0,0,0,0,0,0,0,0,0,0,0,0,0,0,0,0,0,0,0,0,0,0,0,0,0,0,0,0,0,0,0,0,0,0,0,0,0,0,0,0,0,0,0,0,0,0,0,0,0,0,0,0,0,0,0,0,0,0,0,0,0,0,0,0,0,0,0,0,0,0,0,0,0,0,0,0,0,0,0
AF-Q9UQE7-F1-model_v4,ten_percent_graphs/graph_AF-Q9UQE7-F1-model_v4.pt,ten_percent_voxels/voxel_AF-Q9UQE7-F1-model_v4.pt,Q9UQE7,1,1,0,0,1,0,0,0,0,0,0,0,0,0,1,0,0,0,1,0,0,0,0,0,0,0,0,0,0,0,0,0,0,0,0,0,0,0,0,0,0,0,0,0,0,1,0,0,0,0,0,0,0,0,0,0,0,0,0,1,0,0,0,0,0,0,0,0,0,0,0,0,0,0,1,0,0,0,0,0,1,0,0,0,1,0,0,0,0,0,0,0,0,0,0,0,0,0,0,0
AF-Q12774-F1-model_v4,ten_percent_graphs/graph_AF-Q12774-F1-model_v4.pt,ten_percent_voxels/voxel_AF-Q12774-F1-model_v4.pt,Q12774,1,1,1,1,1,0,0,0,0,0,0,0,0,0,0,0,0,0,0,0,0,0,0,0,0,0,0,0,0,0,0,0,0,0,0,0,0,0,0,0,0,0,0,0,0,0,0,0,0,0,0,0,0,0,0,0,0,0,0,0,0,0,0,0,0,0,1,0,1,0,0,0,0,0,0,0,0,0,0,0,0,0,0,0,0,0,0,0,0,0,0,0,0,0,0,0,0,0,0,0
AF-Q9NSD9-F1-model_v4,ten_percent_graphs/graph_AF-Q9NSD9-F1-model_v4.pt,ten_percent_voxels/voxel_AF-Q9NSD9-F1-model_v4.pt,Q9NSD9,0,1,0,1,0,1,0,0,0,0,0,0,0,1,1,0,0,0,0,0,0,0,0,0,0,0,0,0,0,0,0,0,0,0,0,0,0,0,0,0,0,0,0,0,0,0,0,0,0,0,0,0,0,0,0,0,0,0,0,0,0,0,0,0,0,0,0,0,0,0,0,0,0,0,0,0,0,0,0,0,0,0,0,0,0,0,0,0,0,0,0,0,0,0,0,0,0,0,0,0
AF-P59646-F1-model_v4,ten_percent_graphs/graph_AF-P59646-F1-model_v4.pt,ten_percent_voxels/voxel_AF-P59646-F1-model_v4.pt,P59646,0,0,1,0,0,0,0,0,0,0,0,0,0,0,0,0,0,0,0,0,0,0,0,0,0,0,0,0,0,0,0,0,0,0,0,0,0,0,0,0,0,0,0,0,0,0,0,0,0,0,0,0,0,0,0,0,0,0,0,0,0,0,0,0,0,0,0,0,0,0,0,0,0,0,0,0,0,0,0,0,0,0,0,0,0,0,0,0,0,0,0,0,0,0,0,0,0,0,0,1
AF-Q9H8M2-F1-model_v4,ten_percent_graphs/graph_AF-Q9H8M2-F1-model_v4.pt,ten_percent_voxels/voxel_AF-Q9H8M2-F1-model_v4.pt,Q9H8M2,1,0,0,0,1,0,0,0,0,0,0,0,1,0,0,0,0,0,1,0,0,0,0,0,0,0,0,0,0,0,0,0,0,0,0,0,0,0,0,0,0,0,0,0,0,0,0,0,0,0,0,0,0,0,0,0,0,0,0,0,0,0,0,0,1,0,0,0,0,0,0,0,0,0,0,0,0,0,0,0,0,0,0,0,0,0,0,0,0,0,0,0,0,0,0,0,0,0,0,0
AF-Q9UHW5-F1-model_v4,ten_percent_graphs/graph_AF-Q9UHW5-F1-model_v4.pt,ten_percent_voxels/voxel_AF-Q9UHW5-F1-model_v4.pt,Q9UHW5,0,0,0,0,0,0,0,0,0,0,0,0,0,0,0,0,0,0,0,0,0,0,0,0,0,0,0,0,0,0,0,0,0,0,1,0,0,0,0,0,0,0,0,0,0,0,0,0,0,0,0,0,0,0,0,0,0,0,0,0,0,0,0,0,0,0,1,0,0,0,0,0,0,0,0,0,0,0,0,0,0,0,0,0,0,0,0,0,0,0,0,1,0,0,0,0,0,0,0,0
AF-C9JR72-F1-model_v4,ten_percent_graphs/graph_AF-C9JR72-F1-model_v4.pt,ten_percent_voxels/voxel_AF-C9JR72-F1-model_v4.pt,C9JR72,0,1,0,0,0,0,0,0,0,0,0,0,0,0,0,0,0,0,0,0,0,0,0,0,0,0,0,0,0,0,0,0,0,0,0,0,0,0,0,0,0,0,0,0,0,0,0,1,0,0,0,0,0,0,0,0,0,0,0,0,0,0,0,0,0,0,0,0,0,0,0,0,0,0,0,0,0,0,0,0,0,0,0,0,0,0,0,0,0,0,0,0,0,0,0,0,0,0,0,0
AF-P09661-F1-model_v4,ten_percent_graphs/graph_AF-P09661-F1-model_v4.pt,ten_percent_voxels/voxel_AF-P09661-F1-model_v4.pt,P09661,1,0,0,0,1,0,0,0,0,0,0,0,0,1,0,0,0,0,0,0,0,0,0,0,0,0,0,0,0,0,0,0,0,0,0,0,0,0,0,0,0,0,0,0,0,0,0,0,0,0,0,0,0,0,0,0,0,0,0,0,0,0,0,0,0,0,0,0,0,1,0,1,0,0,0,0,0,0,0,0,0,0,1,0,0,0,0,0,0,0,0,0,0,0,0,0,0,0,0,0
AF-O75146-F1-model_v4,ten_percent_graphs/graph_AF-O75146-F1-model_v4.pt,ten_percent_voxels/voxel_AF-O75146-F1-model_v4.pt,O75146,0,1,1,0,0,0,0,0,0,0,1,1,0,0,0,0,0,0,0,0,0,0,0,0,0,0,1,0,1,0,0,1,0,0,0,0,0,0,0,0,1,0,0,0,0,0,0,0,0,0,0,0,0,0,0,0,1,0,0,0,0,0,0,0,0,1,0,0,0,0,0,0,0,0,0,0,0,0,0,0,1,0,0,0,0,0,0,1,0,0,0,0,0,0,0,0,0,0,0,0
AF-Q7L5N7-F1-model_v4,ten_percent_graphs/graph_AF-Q7L5N7-F1-model_v4.pt,ten_percent_voxels/voxel_AF-Q7L5N7-F1-model_v4.pt,Q7L5N7,0,0,1,0,0,0,0,0,0,0,0,0,0,0,0,0,1,0,0,1,0,0,0,0,0,0,0,1,0,1,0,0,0,0,0,0,0,0,0,0,0,0,0,0,0,0,0,0,0,0,0,0,0,0,0,0,0,0,0,0,0,0,0,0,0,0,0,0,0,0,0,0,0,0,0,0,0,0,0,0,0,0,0,0,0,0,0,0,0,0,0,0,0,0,0,0,0,0,0,0
AF-O95674-F1-model_v4,ten_percent_graphs/graph_AF-O95674-F1-model_v4.pt,ten_percent_voxels/voxel_AF-O95674-F1-model_v4.pt,O95674,0,0,0,0,0,1,0,0,0,0,0,0,0,0,0,0,1,0,0,1,0,0,0,0,0,0,0,0,0,0,0,0,0,0,0,0,0,0,0,0,0,0,0,0,0,0,0,0,0,0,0,1,0,0,0,0,0,0,0,0,0,0,0,0,0,0,0,0,0,0,0,0,0,0,0,0,0,0,0,0,0,0,0,0,0,0,0,0,0,0,0,0,0,0,0,0,0,0,0,0
AF-Q9BR10-F1-model_v4,ten_percent_graphs/graph_AF-Q9BR10-F1-model_v4.pt,ten_percent_voxels/voxel_AF-Q9BR10-F1-model_v4.pt,Q9BR10,0,0,0,0,0,1,0,0,0,0,0,0,0,0,0,0,0,0,0,0,0,0,0,0,0,0,0,0,0,0,0,0,0,1,0,0,0,0,0,0,0,0,0,0,0,0,0,0,0,0,0,0,0,0,0,0,0,0,0,0,0,0,0,0,0,0,0,0,0,0,0,0,0,0,0,0,0,0,0,0,0,0,1,0,0,0,0,0,0,0,0,0,0,0,0,0,0,0,0,0
AF-J3KNZ9-F1-model_v4,ten_percent_graphs/graph_AF-J3KNZ9-F1-model_v4.pt,ten_percent_voxels/voxel_AF-J3KNZ9-F1-model_v4.pt,J3KNZ9,0,0,0,0,0,0,0,0,0,0,0,0,0,0,0,0,0,0,0,0,0,0,0,0,0,0,0,0,0,0,0,0,0,0,0,0,0,0,0,0,0,0,0,0,0,0,0,0,0,0,0,0,0,0,0,0,0,0,0,0,0,0,0,0,0,0,0,0,0,0,0,0,0,0,0,0,0,0,0,0,0,0,0,0,0,0,0,0,0,0,0,0,0,0,0,0,0,0,0,0
AF-Q86WK6-F1-model_v4,ten_percent_graphs/graph_AF-Q86WK6-F1-model_v4.pt,ten_percent_voxels/voxel_AF-Q86WK6-F1-model_v4.pt,Q86WK6,0,0,0,0,0,1,0,0,0,0,0,0,0,0,0,0,0,0,0,0,0,0,0,0,0,0,0,0,0,0,0,0,0,0,0,0,0,0,0,0,0,0,0,0,0,0,0,0,0,0,0,0,0,0,0,0,0,0,0,0,0,0,0,0,0,0,0,1,0,0,0,0,0,0,0,0,0,0,0,0,0,0,0,0,0,0,0,0,1,0,0,0,0,0,0,0,0,0,0,0
AF-A6NNZ2-F1-model_v4,ten_percent_graphs/graph_AF-A6NNZ2-F1-model_v4.pt,ten_percent_voxels/voxel_AF-A6NNZ2-F1-model_v4.pt,A6NNZ2,0,0,0,1,0,0,1,0,1,0,0,0,0,0,0,0,0,0,0,0,0,0,0,0,0,0,0,0,0,0,0,0,0,0,0,0,0,0,0,0,0,0,0,0,0,0,0,0,0,0,0,0,0,0,0,0,0,0,0,0,0,0,0,0,0,0,1,0,0,0,0,0,0,0,0,0,0,0,0,0,0,0,0,0,0,0,0,0,0,0,0,1,0,0,0,0,0,0,0,0
AF-O95156-F1-model_v4,ten_percent_graphs/graph_AF-O95156-F1-model_v4.pt,ten_percent_voxels/voxel_AF-O95156-F1-model_v4.pt,O95156,0,0,0,0,0,0,0,0,0,1,0,0,0,0,0,0,0,0,0,0,0,0,0,0,0,0,0,0,0,0,0,0,0,0,0,0,0,0,0,0,0,0,0,1,0,0,0,0,0,0,0,0,0,0,0,0,0,0,0,0,0,0,0,0,0,0,0,0,0,0,0,0,0,0,0,0,0,0,0,0,0,0,0,0,0,0,0,0,0,0,0,0,0,0,0,0,0,0,0,0
AF-E9PF82-F1-model_v4,ten_percent_graphs/graph_AF-E9PF82-F1-model_v4.pt,ten_percent_voxels/voxel_AF-E9PF82-F1-model_v4.pt,E9PF82,0,0,0,0,0,0,0,0,0,0,0,0,0,0,1,0,0,0,0,0,0,0,0,0,0,0,0,0,0,0,0,0,0,0,0,0,0,0,0,0,0,0,0,0,0,0,0,0,0,0,0,0,0,0,0,0,0,0,0,0,0,0,0,0,0,0,0,0,0,0,0,0,0,0,0,0,0,0,0,0,0,0,0,0,0,0,0,0,0,0,0,0,0,0,0,0,0,0,0,0
AF-Q8N5C7-F1-model_v4,ten_percent_graphs/graph_AF-Q8N5C7-F1-model_v4.pt,ten_percent_voxels/voxel_AF-Q8N5C7-F1-model_v4.pt,Q8N5C7,1,0,0,0,0,0,0,0,0,0,0,0,0,0,0,0,0,0,0,0,0,0,0,0,0,0,0,0,0,0,0,0,0,0,0,0,0,0,0,0,0,0,0,0,0,0,0,0,0,0,0,0,0,0,0,0,0,0,0,0,0,0,0,0,0,0,0,0,0,0,0,0,0,0,0,0,0,0,0,0,0,0,0,0,0,0,0,0,0,0,0,0,0,0,0,0,0,0,0,0
AF-E5KMK7-F1-model_v4,ten_percent_graphs/graph_AF-E5KMK7-F1-model_v4.pt,ten_percent_voxels/voxel_AF-E5KMK7-F1-model_v4.pt,E5KMK7,0,0,0,0,1,0,0,0,0,0,1,0,0,0,0,0,0,0,0,0,0,0,1,0,0,0,0,0,0,0,0,0,0,0,0,0,0,0,0,0,0,0,0,0,0,0,0,0,0,0,0,0,0,0,0,0,0,0,0,0,0,0,0,0,0,0,0,0,0,0,0,0,0,0,0,0,0,0,0,0,0,0,0,0,0,0,0,0,0,0,0,0,0,0,0,0,0,0,0,0
AF-O95498-F1-model_v4,ten_percent_graphs/graph_AF-O95498-F1-model_v4.pt,ten_percent_voxels/voxel_AF-O95498-F1-model_v4.pt,O95498,0,0,1,0,0,0,0,0,0,1,0,0,0,0,0,0,0,0,0,0,0,0,0,0,0,0,0,0,0,0,0,0,0,0,0,0,0,0,0,0,0,0,0,0,0,0,0,0,0,0,0,0,0,0,0,0,0,0,0,0,0,0,0,0,0,0,0,0,0,0,0,0,0,0,0,0,0,0,0,0,0,0,0,0,0,0,0,0,0,0,0,0,0,0,0,0,0,0,0,0
AF-C9J2P7-F1-model_v4,ten_percent_graphs/graph_AF-C9J2P7-F1-model_v4.pt,ten_percent_voxels/voxel_AF-C9J2P7-F1-model_v4.pt,C9J2P7,1,1,0,0,0,0,0,0,0,0,0,0,0,0,0,0,1,0,0,0,0,0,0,0,0,0,0,0,0,0,0,0,0,0,0,0,0,0,0,0,0,0,0,0,1,0,0,0,0,0,0,0,0,0,0,0,0,0,0,0,0,0,0,0,0,0,0,0,0,0,0,0,0,0,0,0,0,0,0,0,0,0,0,0,0,0,0,0,0,0,0,0,0,0,0,0,0,0,0,0
AF-A8MQ27-F1-model_v4,ten_percent_graphs/graph_AF-A8MQ27-F1-model_v4.pt,ten_percent_voxels/voxel_AF-A8MQ27-F1-model_v4.pt,A8MQ27,0,1,0,0,0,0,1,0,0,0,0,0,0,0,0,0,0,0,0,0,0,0,0,0,0,0,0,0,0,0,0,0,0,0,0,0,0,0,0,0,0,0,0,0,0,0,0,1,0,0,0,0,0,0,0,0,0,0,0,0,0,0,0,0,0,0,0,0,0,0,0,0,0,0,0,0,0,0,0,0,0,0,0,1,0,0,0,0,0,0,0,0,0,0,0,0,0,0,0,0
AF-Q9BZR6-F1-model_v4,ten_percent_graphs/graph_AF-Q9BZR6-F1-model_v4.pt,ten_percent_voxels/voxel_AF-Q9BZR6-F1-model_v4.pt,Q9BZR6,0,0,1,0,0,0,0,0,1,0,0,0,0,0,0,0,1,0,0,0,0,0,0,0,0,0,0,0,0,0,0,1,1,0,0,0,0,0,0,0,0,0,1,0,0,0,0,0,0,0,0,0,1,0,0,0,0,0,0,0,0,0,0,0,0,0,0,0,0,0,0,0,0,0,0,0,1,0,0,0,0,0,0,0,0,0,0,1,0,0,0,0,0,0,0,0,0,0,0,0
AF-P52943-F1-model_v4,ten_percent_graphs/graph_AF-P52943-F1-model_v4.pt,ten_percent_voxels/voxel_AF-P52943-F1-model_v4.pt,P52943,0,0,0,0,0,0,0,0,0,0,0,0,0,0,0,0,0,0,0,0,0,0,0,0,0,0,0,0,0,0,1,0,0,0,0,0,0,0,0,0,0,0,0,0,0,0,0,0,0,0,0,0,0,0,0,0,0,0,0,0,0,0,0,0,1,0,0,0,0,0,0,0,0,0,0,0,0,0,0,0,0,0,0,0,0,0,0,0,0,0,0,0,0,0,0,0,0,0,0,0
AF-Q9NZL6-F1-model_v4,ten_percent_graphs/graph_AF-Q9NZL6-F1-model_v4.pt,ten_percent_voxels/voxel_AF-Q9NZL6-F1-model_v4.pt,Q9NZL6,0,1,1,0,0,0,0,0,0,0,0,0,0,0,0,0,0,0,0,0,0,0,0,0,0,0,0,0,0,0,0,0,0,0,0,0,0,0,0,0,0,0,0,0,0,0,0,0,0,0,0,0,0,0,0,0,0,0,0,0,0,0,0,0,0,0,0,0,0,0,0,0,0,0,0,0,0,0,0,0,0,0,0,0,0,0,0,0,0,0,0,0,0,0,0,0,0,0,0,0
AF-O00398-F1-model_v4,ten_percent_graphs/graph_AF-O00398-F1-model_v4.pt,ten_percent_voxels/voxel_AF-O00398-F1-model_v4.pt,O00398,0,0,1,0,0,0,0,0,0,0,0,0,0,0,0,0,0,0,0,0,0,0,0,0,0,0,0,0,0,0,0,0,0,0,0,0,0,0,0,0,0,0,0,0,0,0,0,0,0,0,0,0,0,0,0,0,0,0,1,0,0,0,0,0,0,0,0,0,0,0,0,0,0,1,0,0,0,0,0,0,0,0,0,0,0,0,0,0,0,0,0,0,0,0,0,0,0,0,0,0
AF-O75820-F1-model_v4,ten_percent_graphs/graph_AF-O75820-F1-model_v4.pt,ten_percent_voxels/voxel_AF-O75820-F1-model_v4.pt,O75820,1,0,0,0,0,0,1,0,0,0,0,0,1,0,0,1,0,0,0,0,1,0,0,0,0,0,0,0,0,0,0,0,0,0,0,0,0,0,0,0,0,0,0,0,0,0,0,0,0,0,0,0,0,0,0,0,0,0,0,0,0,0,0,0,0,0,0,0,0,0,0,0,0,0,0,0,0,0,0,0,0,0,0,0,0,0,0,0,0,0,0,0,0,0,0,0,0,0,0,0
AF-Q14162-F1-model_v4,ten_percent_graphs/graph_AF-Q14162-F1-model_v4.pt,ten_percent_voxels/voxel_AF-Q14162-F1-model_v4.pt,Q14162,0,0,1,0,0,1,0,0,0,0,0,0,0,0,0,0,0,0,0,0,0,0,0,0,0,0,0,0,0,0,0,0,0,0,0,0,0,0,0,0,0,0,0,0,0,0,0,0,0,0,0,0,0,0,0,0,0,0,0,0,0,0,0,0,0,0,0,0,0,0,0,0,0,0,0,0,0,0,0,0,0,0,0,0,0,0,0,0,0,0,0,0,0,0,0,0,0,0,0,0
AF-E9PB61-F1-model_v4,ten_percent_graphs/graph_AF-E9PB61-F1-model_v4.pt,ten_percent_voxels/voxel_AF-E9PB61-F1-model_v4.pt,E9PB61,0,0,0,0,0,0,0,0,0,0,0,0,0,1,0,0,0,0,0,0,0,0,0,0,0,0,0,0,0,0,0,0,0,0,0,0,0,0,0,0,0,0,0,0,0,0,0,0,0,0,0,0,0,0,0,0,0,0,0,0,0,0,0,0,0,0,0,0,0,1,0,0,0,0,0,0,0,0,0,0,0,0,0,0,0,0,0,0,0,0,0,0,0,0,0,0,0,0,0,0
AF-Q494X3-F1-model_v4,ten_percent_graphs/graph_AF-Q494X3-F1-model_v4.pt,ten_percent_voxels/voxel_AF-Q494X3-F1-model_v4.pt,Q494X3,1,0,0,0,0,0,1,0,0,0,0,0,1,0,0,1,0,0,0,0,0,0,0,0,0,0,0,0,0,0,0,0,0,0,0,0,0,0,0,0,0,0,0,0,0,0,0,0,0,0,0,0,0,1,0,0,0,0,0,0,0,0,0,0,0,0,0,0,0,0,0,0,0,0,0,0,0,0,0,0,0,0,0,0,0,0,0,0,0,0,0,0,0,0,0,0,0,0,0,0
AF-Q9BPV8-F1-model_v4,ten_percent_graphs/graph_AF-Q9BPV8-F1-model_v4.pt,ten_percent_voxels/voxel_AF-Q9BPV8-F1-model_v4.pt,Q9BPV8,0,0,1,0,0,0,0,0,0,0,0,0,0,0,0,0,1,0,0,0,0,0,0,0,0,0,0,0,0,0,0,0,0,0,0,0,0,0,0,0,0,0,0,0,0,0,0,0,0,0,0,0,0,0,0,0,0,0,0,0,0,0,0,0,0,0,0,0,0,0,0,0,0,1,0,0,0,0,0,0,0,0,0,0,0,0,0,0,0,0,0,0,0,0,0,0,0,0,0,0
AF-Q5TGU0-F1-model_v4,ten_percent_graphs/graph_AF-Q5TGU0-F1-model_v4.pt,ten_percent_voxels/voxel_AF-Q5TGU0-F1-model_v4.pt,Q5TGU0,0,0,1,0,0,1,0,0,0,0,0,0,0,0,0,0,1,0,0,1,0,0,0,0,0,0,0,0,0,0,0,0,0,0,0,0,0,0,0,0,0,0,0,0,0,0,0,0,0,0,0,0,0,0,0,0,0,0,0,0,0,0,0,0,0,0,0,0,0,0,0,0,0,0,0,0,0,0,0,0,0,0,0,0,0,0,0,0,0,0,0,0,0,0,0,0,0,0,0,0
AF-Q8NFU3-F1-model_v4,ten_percent_graphs/graph_AF-Q8NFU3-F1-model_v4.pt,ten_percent_voxels/voxel_AF-Q8NFU3-F1-model_v4.pt,Q8NFU3,0,1,0,1,0,0,0,0,0,0,0,0,0,0,0,0,0,0,0,0,0,0,0,0,0,0,0,0,0,0,0,0,0,0,0,0,0,0,0,0,1,0,0,0,0,0,0,0,0,0,0,0,0,0,0,0,0,0,0,0,0,0,0,0,0,0,0,0,0,0,0,0,0,0,0,0,0,0,0,0,0,0,0,0,0,0,0,0,0,0,0,0,0,0,0,0,0,0,0,0
AF-Q8WWG1-F1-model_v4,ten_percent_graphs/graph_AF-Q8WWG1-F1-model_v4.pt,ten_percent_voxels/voxel_AF-Q8WWG1-F1-model_v4.pt,Q8WWG1,0,0,1,0,0,0,0,1,0,1,0,0,0,0,0,0,0,0,0,0,0,0,0,0,0,0,0,0,0,0,0,0,0,0,0,0,0,0,0,0,0,0,0,0,0,0,0,0,0,0,0,0,0,0,0,0,0,0,0,0,0,0,0,0,0,0,0,0,0,0,0,0,0,0,0,0,0,0,0,0,0,0,0,0,0,0,0,0,0,0,0,0,0,0,0,0,0,0,0,0
AF-Q8TBM7-F1-model_v4,ten_percent_graphs/graph_AF-Q8TBM7-F1-model_v4.pt,ten_percent_voxels/voxel_AF-Q8TBM7-F1-model_v4.pt,Q8TBM7,0,0,0,0,0,1,0,0,0,0,0,0,0,0,0,0,0,0,0,0,0,0,0,0,0,0,0,0,0,0,0,0,0,0,0,0,0,0,0,0,0,0,0,0,0,0,0,0,0,0,0,0,0,0,0,0,0,0,0,0,0,0,0,0,0,0,0,0,0,0,0,0,0,0,0,0,0,0,0,0,0,0,0,0,0,0,0,0,0,0,0,0,0,0,0,0,0,0,0,0
AF-Q8WXA8-F1-model_v4,ten_percent_graphs/graph_AF-Q8WXA8-F1-model_v4.pt,ten_percent_voxels/voxel_AF-Q8WXA8-F1-model_v4.pt,Q8WXA8,0,0,1,0,0,0,0,0,0,0,0,0,0,0,0,0,0,0,0,0,0,0,0,0,0,0,0,0,0,0,0,0,0,0,0,0,0,0,0,0,0,0,0,0,0,0,0,0,0,0,0,0,0,0,0,0,0,0,0,0,0,0,0,0,0,0,0,0,0,0,0,0,1,0,0,0,1,0,0,0,0,0,0,0,0,0,0,0,0,0,0,0,0,0,0,0,0,0,0,0
AF-Q9H4I3-F1-model_v4,ten_percent_graphs/graph_AF-Q9H4I3-F1-model_v4.pt,ten_percent_voxels/voxel_AF-Q9H4I3-F1-model_v4.pt,Q9H4I3,0,0,0,0,0,0,0,0,0,0,1,0,0,0,0,0,0,0,0,0,0,0,0,0,0,0,0,0,0,0,0,0,0,0,0,0,0,0,0,0,0,0,0,0,0,0,0,0,0,0,0,0,0,0,0,0,0,0,0,0,0,0,0,0,0,0,0,0,0,0,0,0,0,0,0,0,0,0,0,0,0,0,0,0,0,0,0,0,0,0,0,0,0,0,0,0,0,0,0,0
AF-Q86SE5-F1-model_v4,ten_percent_graphs/graph_AF-Q86SE5-F1-model_v4.pt,ten_percent_voxels/voxel_AF-Q86SE5-F1-model_v4.pt,Q86SE5,1,0,0,0,1,0,0,0,0,0,0,1,0,1,0,0,0,0,0,0,0,0,0,0,0,0,0,0,0,0,0,0,0,0,0,0,0,0,0,0,0,0,0,0,0,0,0,0,0,0,0,0,0,0,0,0,0,0,0,0,0,0,0,0,0,0,0,0,0,0,0,0,0,0,0,0,0,0,0,0,0,0,0,0,0,0,0,0,0,0,0,0,0,0,0,0,0,0,0,0
AF-Q6UXE8-F1-model_v4,ten_percent_graphs/graph_AF-Q6UXE8-F1-model_v4.pt,ten_percent_voxels/voxel_AF-Q6UXE8-F1-model_v4.pt,Q6UXE8,0,0,0,0,0,0,0,0,0,0,0,0,0,0,0,0,0,0,0,0,0,0,0,0,0,0,0,0,0,0,0,0,0,0,0,0,0,0,0,0,0,0,1,1,0,0,0,0,0,0,0,0,0,0,0,0,0,0,0,0,0,0,0,0,0,0,0,0,0,0,0,0,0,0,0,0,0,0,0,0,0,0,0,0,0,0,0,0,0,0,0,0,0,0,0,0,0,0,0,0
AF-Q14929-F1-model_v4,ten_percent_graphs/graph_AF-Q14929-F1-model_v4.pt,ten_percent_voxels/voxel_AF-Q14929-F1-model_v4.pt,Q14929,1,0,0,0,0,0,1,0,0,0,0,0,1,0,0,1,0,0,0,0,0,0,0,0,0,0,0,0,0,0,0,0,0,0,0,0,0,0,0,0,0,0,0,0,0,0,0,0,0,0,0,0,0,1,0,0,0,0,0,0,0,0,0,0,0,0,0,0,0,0,0,0,0,0,0,0,0,0,0,0,0,0,0,0,0,0,0,0,0,0,0,0,0,0,0,0,0,0,0,0
AF-P40121-F1-model_v4,ten_percent_graphs/graph_AF-P40121-F1-model_v4.pt,ten_percent_voxels/voxel_AF-P40121-F1-model_v4.pt,P40121,1,0,0,1,1,0,0,0,1,0,0,0,0,0,0,0,0,0,0,0,0,0,0,0,0,1,0,0,0,0,0,0,0,0,0,0,0,0,0,0,0,0,0,0,0,0,0,0,0,0,0,0,1,0,0,0,0,0,0,0,0,0,0,0,0,0,0,0,0,0,0,0,0,0,0,0,0,0,0,0,0,0,0,0,0,1,0,0,0,0,0,0,0,0,0,0,0,0,0,0
AF-Q5H9R6-F1-model_v4,ten_percent_graphs/graph_AF-Q5H9R6-F1-model_v4.pt,ten_percent_voxels/voxel_AF-Q5H9R6-F1-model_v4.pt,Q5H9R6,0,0,0,0,0,0,0,0,0,0,0,0,0,0,0,0,0,0,0,0,0,0,0,0,0,0,0,0,0,0,0,0,0,0,0,0,0,0,0,0,0,0,0,0,0,0,0,1,0,0,0,0,0,0,0,0,0,0,0,0,0,0,0,0,0,0,0,0,1,0,0,0,0,0,0,0,0,0,0,0,0,0,0,0,0,0,0,0,0,0,0,0,0,0,0,0,0,0,0,0
AF-A6ND91-F1-model_v4,ten_percent_graphs/graph_AF-A6ND91-F1-model_v4.pt,ten_percent_voxels/voxel_AF-A6ND91-F1-model_v4.pt,A6ND91,0,0,0,0,0,0,0,0,0,0,0,0,0,0,0,0,0,0,0,0,0,0,0,0,0,0,0,0,0,0,0,0,0,0,0,0,0,0,0,0,0,0,0,0,0,0,0,0,0,0,0,0,0,0,0,0,0,0,0,0,0,0,0,0,0,0,0,0,0,0,0,0,0,0,0,0,0,0,0,0,0,0,0,0,0,0,0,0,0,0,0,0,0,0,0,0,0,0,0,0
AF-Q9UPI3-F1-model_v4,ten_percent_graphs/graph_AF-Q9UPI3-F1-model_v4.pt,ten_percent_voxels/voxel_AF-Q9UPI3-F1-model_v4.pt,Q9UPI3,0,0,1,0,0,1,0,0,0,0,0,0,0,0,0,0,0,0,0,1,0,0,0,0,0,0,0,0,0,0,0,0,0,0,0,0,0,0,0,0,0,0,0,0,0,0,0,0,0,0,0,0,0,0,0,0,0,0,0,0,0,0,0,0,0,0,0,0,0,0,0,0,0,0,0,0,0,0,0,0,0,0,0,0,0,0,0,0,0,0,0,0,0,0,0,0,0,0,0,0
AF-Q08629-F1-model_v4,ten_percent_graphs/graph_AF-Q08629-F1-model_v4.pt,ten_percent_voxels/voxel_AF-Q08629-F1-model_v4.pt,Q08629,0,0,0,1,0,0,0,1,0,0,0,0,0,0,0,0,0,0,0,0,0,0,0,0,0,0,0,1,0,0,0,0,0,0,0,0,0,0,0,0,0,0,0,0,0,0,0,0,0,0,1,0,0,0,0,0,0,0,0,0,0,0,0,0,0,0,0,0,0,0,0,0,0,0,0,1,0,0,0,0,0,0,0,0,0,0,0,0,0,0,0,0,0,0,0,0,0,0,0,0
AF-B2R644-F1-model_v4,ten_percent_graphs/graph_AF-B2R644-F1-model_v4.pt,ten_percent_voxels/voxel_AF-B2R644-F1-model_v4.pt,B2R644,0,0,0,0,0,0,0,0,0,0,0,0,0,0,0,0,0,0,0,0,0,0,0,0,0,0,0,0,0,0,0,0,0,0,0,0,0,0,0,0,0,0,0,0,0,0,0,0,0,0,0,0,0,0,0,0,0,0,0,0,0,0,0,0,0,0,0,0,0,0,0,0,0,0,0,0,0,0,0,0,0,0,0,0,0,0,0,0,0,0,0,0,0,0,0,0,0,0,0,0
AF-Q86X52-F1-model_v4,ten_percent_graphs/graph_AF-Q86X52-F1-model_v4.pt,ten_percent_voxels/voxel_AF-Q86X52-F1-model_v4.pt,Q86X52,0,0,0,0,0,1,1,0,0,1,0,0,0,0,0,0,0,0,0,0,0,0,0,0,0,0,0,0,0,1,0,0,0,0,0,0,0,0,0,0,0,0,0,0,0,0,0,0,0,0,0,0,0,0,0,0,0,0,0,0,0,0,0,0,0,0,0,0,0,0,0,0,0,0,0,0,0,0,0,0,0,0,0,0,0,0,0,0,0,0,0,0,0,0,0,0,0,0,0,0
AF-Q9NXS3-F1-model_v4,ten_percent_graphs/graph_AF-Q9NXS3-F1-model_v4.pt,ten_percent_voxels/voxel_AF-Q9NXS3-F1-model_v4.pt,Q9NXS3,0,0,0,1,0,0,0,0,0,0,0,0,0,0,0,0,0,0,0,0,0,0,0,0,0,0,0,0,0,0,0,0,0,0,0,0,0,0,0,0,0,0,0,0,0,0,0,0,0,0,0,0,0,0,0,0,0,0,0,0,0,0,0,0,0,0,0,0,0,0,0,0,0,0,0,0,0,0,0,0,0,0,0,0,0,0,0,0,0,0,0,0,0,0,0,0,0,0,0,0
AF-A6NGC4-F1-model_v4,ten_percent_graphs/graph_AF-A6NGC4-F1-model_v4.pt,ten_percent_voxels/voxel_AF-A6NGC4-F1-model_v4.pt,A6NGC4,0,0,1,0,0,0,0,0,0,0,0,0,0,0,0,0,0,0,0,0,0,0,0,0,0,0,0,0,0,0,0,0,0,0,0,0,0,0,0,0,0,0,0,0,0,0,0,0,0,0,0,0,0,0,0,0,0,0,0,0,0,0,0,0,0,0,0,0,0,0,0,0,0,0,0,0,0,0,0,0,0,0,0,0,0,0,0,0,0,0,0,0,0,0,0,0,0,0,0,0
AF-Q6NUS6-F1-model_v4,ten_percent_graphs/graph_AF-Q6NUS6-F1-model_v4.pt,ten_percent_voxels/voxel_AF-Q6NUS6-F1-model_v4.pt,Q6NUS6,1,0,0,0,0,0,0,0,0,0,0,0,0,0,0,0,0,0,0,0,0,0,0,0,0,0,0,0,0,0,0,0,0,0,0,0,0,0,0,0,0,0,0,0,0,0,0,0,0,0,0,0,0,0,0,0,0,0,0,0,0,0,0,0,0,0,0,0,0,0,1,0,0,0,0,0,0,0,0,0,0,0,0,0,0,0,0,0,0,0,0,0,0,1,0,0,0,0,1,0
AF-Q96BK5-F1-model_v4,ten_percent_graphs/graph_AF-Q96BK5-F1-model_v4.pt,ten_percent_voxels/voxel_AF-Q96BK5-F1-model_v4.pt,Q96BK5,0,0,0,0,1,0,0,0,0,0,1,0,0,0,0,0,0,0,0,0,0,0,0,0,0,1,0,0,0,0,0,0,0,0,0,0,0,0,0,0,0,0,0,0,0,0,0,0,0,0,0,0,1,0,0,1,0,0,0,0,0,0,0,0,0,0,0,0,0,0,0,0,0,0,0,0,0,0,0,0,0,0,0,0,0,0,0,0,0,0,0,0,0,0,0,0,0,0,0,0
AF-P80108-F1-model_v4,ten_percent_graphs/graph_AF-P80108-F1-model_v4.pt,ten_percent_voxels/voxel_AF-P80108-F1-model_v4.pt,P80108,0,0,0,1,0,0,0,1,1,1,0,0,0,0,0,0,0,0,0,0,0,0,0,0,0,0,1,0,0,0,0,0,0,0,0,0,0,0,0,0,0,0,0,0,0,0,0,0,0,0,0,0,0,0,0,1,0,0,0,0,0,0,0,0,0,0,0,0,0,0,0,0,0,0,0,0,0,0,1,0,0,0,0,0,0,0,0,0,0,0,0,0,0,0,0,0,0,0,1,0
AF-Q99583-F1-model_v4,ten_percent_graphs/graph_AF-Q99583-F1-model_v4.pt,ten_percent_voxels/voxel_AF-Q99583-F1-model_v4.pt,Q99583,0,0,0,0,1,0,0,0,0,0,0,1,1,0,0,1,0,0,1,0,1,0,0,0,1,0,0,0,0,0,0,0,0,0,0,0,0,0,0,0,0,0,0,0,0,1,0,0,0,1,0,0,0,1,0,0,0,0,0,0,0,0,0,0,0,0,0,0,0,0,0,0,0,0,0,0,0,0,0,0,0,0,0,0,0,0,0,0,0,0,0,0,1,0,0,0,0,0,0,0
AF-Q9NRY4-F1-model_v4,ten_percent_graphs/graph_AF-Q9NRY4-F1-model_v4.pt,ten_percent_voxels/voxel_AF-Q9NRY4-F1-model_v4.pt,Q9NRY4,1,1,1,0,0,0,0,0,0,0,0,0,0,0,0,0,0,0,0,0,0,0,1,0,0,0,0,0,0,0,0,0,0,0,0,0,0,0,0,0,0,0,0,0,0,0,0,0,0,0,0,0,0,0,0,0,0,0,0,0,0,0,0,0,0,0,1,0,0,0,0,0,0,0,0,0,0,0,0,0,0,0,0,0,0,0,0,0,0,1,0,1,0,0,0,0,0,0,0,0
AF-Q9P2K2-F1-model_v4,ten_percent_graphs/graph_AF-Q9P2K2-F1-model_v4.pt,ten_percent_voxels/voxel_AF-Q9P2K2-F1-model_v4.pt,Q9P2K2,0,0,0,0,0,0,0,0,1,0,0,0,0,0,0,0,0,0,0,0,0,0,0,0,0,0,0,0,0,0,0,0,0,0,0,0,0,0,0,0,0,0,0,0,0,0,0,0,0,0,0,0,0,0,0,0,0,0,0,0,0,0,0,0,0,0,0,0,0,0,0,0,0,0,0,0,0,0,0,0,0,0,0,0,0,0,0,0,0,0,0,0,0,0,0,0,0,0,0,0
AF-Q5T2R2-F1-model_v4,ten_percent_graphs/graph_AF-Q5T2R2-F1-model_v4.pt,ten_percent_voxels/voxel_AF-Q5T2R2-F1-model_v4.pt,Q5T2R2,0,0,0,0,0,0,1,0,0,0,1,0,0,0,0,0,0,0,0,0,0,0,0,0,0,0,0,0,0,0,0,0,0,0,0,0,0,0,1,0,0,0,0,0,0,0,0,0,0,0,0,0,0,0,0,0,0,0,0,0,0,0,0,0,0,0,0,0,0,0,0,0,0,0,0,0,0,0,0,0,1,0,0,0,0,0,0,0,0,0,0,0,0,0,0,0,0,0,0,0
AF-Q13033-F1-model_v4,ten_percent_graphs/graph_AF-Q13033-F1-model_v4.pt,ten_percent_voxels/voxel_AF-Q13033-F1-model_v4.pt,Q13033,1,0,1,1,1,0,0,0,0,0,0,0,0,0,0,0,0,1,0,0,0,1,0,0,1,0,0,0,0,0,0,0,0,0,1,0,0,0,0,0,0,0,0,0,0,0,1,0,0,0,0,0,1,0,0,0,0,0,0,0,0,0,0,0,0,0,0,1,0,0,0,0,0,0,0,0,0,0,0,1,0,0,0,0,0,0,0,1,0,0,0,0,0,0,0,0,0,0,0,0
AF-Q8IVH2-F1-model_v4,ten_percent_graphs/graph_AF-Q8IVH2-F1-model_v4.pt,ten_percent_voxels/voxel_AF-Q8IVH2-F1-model_v4.pt,Q8IVH2,1,0,0,0,0,0,1,0,0,0,0,0,1,0,0,1,0,0,1,0,1,0,0,0,0,0,0,0,0,0,0,0,0,0,0,0,0,0,0,0,0,0,0,0,0,0,0,0,0,0,0,0,0,0,0,0,0,0,0,0,0,0,0,0,0,0,0,0,0,0,0,0,0,0,0,0,0,0,0,0,0,0,0,0,0,0,0,0,0,0,0,0,1,0,0,0,0,0,0,0
AF-Q8TD55-F1-model_v4,ten_percent_graphs/graph_AF-Q8TD55-F1-model_v4.pt,ten_percent_voxels/voxel_AF-Q8TD55-F1-model_v4.pt,Q8TD55,0,0,0,0,0,0,0,0,0,1,0,0,0,0,0,0,0,0,0,0,0,0,0,0,0,0,0,0,0,0,0,0,0,0,0,0,0,0,0,0,0,0,0,0,0,0,0,0,0,0,0,0,0,0,0,0,0,0,0,0,0,0,0,0,0,0,0,0,0,0,0,0,0,0,0,0,0,0,0,0,0,0,0,0,0,0,0,0,0,0,0,0,0,0,0,0,0,0,0,0
AF-Q8TBR7-F1-model_v4,ten_percent_graphs/graph_AF-Q8TBR7-F1-model_v4.pt,ten_percent_voxels/voxel_AF-Q8TBR7-F1-model_v4.pt,Q8TBR7,0,0,1,0,0,0,0,0,0,0,0,0,0,0,0,0,1,0,0,0,0,0,0,0,0,0,0,0,0,0,0,0,0,0,0,0,0,0,0,0,0,0,0,0,0,0,0,0,0,0,0,0,0,0,0,0,0,0,0,0,0,0,0,0,0,0,0,0,0,0,0,0,0,0,0,0,0,0,0,0,0,0,0,0,0,0,0,0,0,0,0,0,0,0,0,0,0,0,0,0
AF-Q5T655-F1-model_v4,ten_percent_graphs/graph_AF-Q5T655-F1-model_v4.pt,ten_percent_voxels/voxel_AF-Q5T655-F1-model_v4.pt,Q5T655,0,0,0,1,0,0,0,1,0,0,0,0,0,0,0,0,0,0,0,0,0,0,0,0,0,0,0,0,0,0,0,0,0,0,0,0,1,0,0,0,0,0,0,0,0,0,0,0,0,0,0,0,0,0,0,0,0,0,0,0,1,0,0,0,0,0,0,0,0,0,0,0,0,0,0,0,0,0,0,0,0,0,0,0,0,0,0,0,0,0,0,0,0,1,0,0,0,0,0,0
AF-P01037-F1-model_v4,ten_percent_graphs/graph_AF-P01037-F1-model_v4.pt,ten_percent_voxels/voxel_AF-P01037-F1-model_v4.pt,P01037,0,0,0,1,0,0,0,1,0,0,0,0,0,0,0,0,0,0,0,0,0,0,0,0,0,0,0,0,0,0,0,0,0,0,0,0,0,0,0,0,0,0,0,0,0,0,0,0,0,0,0,0,0,0,0,0,0,0,0,0,0,0,0,0,0,0,0,0,0,0,0,0,0,0,0,0,0,0,0,0,0,0,0,0,0,0,0,0,0,0,0,0,0,0,0,0,0,0,0,0
AF-Q9P0K7-F1-model_v4,ten_percent_graphs/graph_AF-Q9P0K7-F1-model_v4.pt,ten_percent_voxels/voxel_AF-Q9P0K7-F1-model_v4.pt,Q9P0K7,0,1,0,0,1,0,0,0,0,0,0,0,0,0,0,0,0,0,0,0,0,0,0,0,0,0,0,0,0,0,0,0,0,1,0,0,0,0,0,0,0,0,0,0,0,0,0,0,0,0,0,0,0,0,0,0,0,0,0,0,0,0,0,0,0,0,0,0,0,0,0,0,0,0,0,0,0,0,0,0,0,0,1,0,0,0,0,0,0,0,0,0,0,0,0,0,0,0,0,0
AF-O94991-F1-model_v4,ten_percent_graphs/graph_AF-O94991-F1-model_v4.pt,ten_percent_voxels/voxel_AF-O94991-F1-model_v4.pt,O94991,0,0,1,0,0,0,0,0,0,0,0,0,0,0,0,0,0,0,0,0,0,0,0,0,0,0,0,0,0,0,0,1,0,0,0,0,0,0,0,0,0,0,0,0,0,0,0,0,0,0,0,0,0,0,0,0,0,0,0,0,0,0,0,0,0,0,0,0,0,0,0,0,0,0,0,0,0,0,0,0,0,0,0,0,0,0,0,0,0,0,0,0,0,0,0,0,0,0,0,0
AF-P58304-F1-model_v4,ten_percent_graphs/graph_AF-P58304-F1-model_v4.pt,ten_percent_voxels/voxel_AF-P58304-F1-model_v4.pt,P58304,1,0,0,0,0,0,0,0,0,0,0,0,1,0,0,1,0,0,1,0,0,0,0,0,1,0,0,0,0,0,0,0,0,0,0,0,0,1,0,0,0,0,0,0,0,0,0,0,0,0,0,0,0,1,0,0,0,0,0,0,0,0,0,0,0,0,0,0,0,0,0,0,0,0,0,0,0,0,0,0,0,0,0,0,0,0,0,0,0,0,0,0,1,0,0,0,0,0,0,0
AF-Q86VX2-F1-model_v4,ten_percent_graphs/graph_AF-Q86VX2-F1-model_v4.pt,ten_percent_voxels/voxel_AF-Q86VX2-F1-model_v4.pt,Q86VX2,0,0,0,0,0,0,0,0,0,0,0,0,0,0,0,0,0,0,0,0,0,0,0,0,0,0,0,0,0,0,0,0,0,0,0,0,0,0,0,0,0,0,0,0,0,0,1,0,0,0,0,0,0,0,0,0,0,0,0,0,0,0,0,0,0,0,0,0,0,0,0,0,0,0,0,0,0,0,0,0,0,0,0,0,0,0,0,0,0,0,0,0,0,0,0,0,0,0,0,0
AF-Q9BUE6-F1-model_v4,ten_percent_graphs/graph_AF-Q9BUE6-F1-model_v4.pt,ten_percent_voxels/voxel_AF-Q9BUE6-F1-model_v4.pt,Q9BUE6,0,0,0,1,0,0,1,0,0,0,1,0,0,0,0,0,0,0,0,0,0,0,0,0,0,0,0,0,0,0,0,0,0,0,0,0,0,0,1,0,0,0,0,0,0,0,0,0,0,0,0,0,0,0,0,0,0,0,0,0,0,0,0,0,0,0,0,0,0,0,0,0,0,0,0,0,0,0,0,0,0,0,0,0,0,0,0,0,0,0,0,0,0,0,0,0,0,0,0,0
AF-Q01851-F1-model_v4,ten_percent_graphs/graph_AF-Q01851-F1-model_v4.pt,ten_percent_voxels/voxel_AF-Q01851-F1-model_v4.pt,Q01851,1,0,0,1,1,0,0,0,0,0,0,0,1,0,0,1,0,0,1,0,1,1,0,0,1,0,0,0,0,0,0,0,0,0,0,0,0,1,0,0,0,0,0,0,0,1,0,0,1,0,0,0,0,0,0,0,1,0,0,0,0,0,0,0,0,0,0,0,0,0,0,0,0,0,0,0,1,1,0,0,0,1,0,0,0,0,0,0,0,0,0,0,1,0,0,0,0,1,0,0
AF-Q9H211-F1-model_v4,ten_percent_graphs/graph_AF-Q9H211-F1-model_v4.pt,ten_percent_voxels/voxel_AF-Q9H211-F1-model_v4.pt,Q9H211,1,0,0,0,1,0,0,0,0,0,0,0,0,0,0,0,0,0,0,0,0,0,1,0,0,0,0,0,0,0,0,0,0,0,0,0,0,0,0,0,0,0,0,0,0,1,0,0,0,0,0,0,0,0,0,0,0,0,0,1,0,0,0,0,0,0,0,0,0,0,0,1,0,0,0,0,0,0,0,0,0,0,0,0,0,0,0,0,0,0,0,0,0,0,0,0,0,0,0,0
AF-Q9BZM6-F1-model_v4,ten_percent_graphs/graph_AF-Q9BZM6-F1-model_v4.pt,ten_percent_voxels/voxel_AF-Q9BZM6-F1-model_v4.pt,Q9BZM6,0,1,1,0,0,0,0,1,0,0,0,0,0,0,0,0,1,0,0,0,0,0,0,0,0,0,0,0,0,0,0,0,0,0,0,0,0,0,0,0,0,0,1,0,0,0,0,0,0,0,0,0,0,0,1,0,0,0,0,0,0,0,0,0,0,0,0,0,0,0,0,0,0,0,0,0,0,0,0,0,0,0,0,0,0,0,0,0,0,0,0,0,0,0,0,0,0,0,0,0
AF-Q8N4P3-F1-model_v4,ten_percent_graphs/graph_AF-Q8N4P3-F1-model_v4.pt,ten_percent_voxels/voxel_AF-Q8N4P3-F1-model_v4.pt,Q8N4P3,0,0,0,0,0,0,1,0,0,0,0,0,0,0,0,0,0,0,0,0,0,0,0,0,0,0,0,0,0,0,0,0,0,0,0,0,0,0,0,0,0,0,0,0,0,0,0,0,0,0,0,0,0,0,0,0,0,0,0,0,0,0,0,0,0,0,0,0,0,0,0,0,0,0,0,0,0,0,0,0,0,0,0,0,0,0,0,0,0,0,0,0,0,0,0,0,0,0,0,0
AF-Q7Z429-F1-model_v4,ten_percent_graphs/graph_AF-Q7Z429-F1-model_v4.pt,ten_percent_voxels/voxel_AF-Q7Z429-F1-model_v4.pt,Q7Z429,0,0,0,0,0,1,0,0,0,0,0,0,0,0,0,0,1,1,0,0,0,0,0,0,0,0,0,0,0,1,0,0,0,0,0,0,0,0,0,0,0,0,0,0,0,0,0,0,0,0,0,0,0,0,0,0,0,0,0,0,0,0,0,0,0,0,0,0,0,0,0,0,0,0,0,0,0,0,0,0,0,0,0,0,0,0,0,0,0,0,0,0,0,0,0,0,0,0,0,0
AF-Q8N271-F1-model_v4,ten_percent_graphs/graph_AF-Q8N271-F1-model_v4.pt,ten_percent_voxels/voxel_AF-Q8N271-F1-model_v4.pt,Q8N271,0,0,1,0,0,0,0,0,1,0,0,0,0,0,0,0,0,0,0,0,0,0,0,0,0,0,0,0,0,0,0,0,1,0,0,0,0,0,0,0,0,0,0,0,0,0,0,0,0,0,0,0,0,0,0,0,0,0,0,0,0,0,0,0,0,1,0,0,0,0,0,0,0,0,0,0,0,0,0,0,0,0,0,0,0,0,0,0,0,0,0,0,0,0,1,0,0,0,0,1
AF-S4R3N7-F1-model_v4,ten_percent_graphs/graph_AF-S4R3N7-F1-model_v4.pt,ten_percent_voxels/voxel_AF-S4R3N7-F1-model_v4.pt,S4R3N7,0,1,1,0,0,0,0,0,0,0,0,0,0,0,0,0,0,0,0,0,0,0,0,0,0,0,0,0,0,0,0,0,0,0,0,0,1,0,0,0,0,0,0,0,0,0,0,0,0,0,0,0,0,0,0,0,0,0,0,0,0,0,0,0,0,0,0,0,0,0,0,0,0,0,0,0,0,0,0,0,0,0,0,0,0,0,0,0,0,0,0,0,0,0,0,0,0,0,0,0
AF-P53567-F1-model_v4,ten_percent_graphs/graph_AF-P53567-F1-model_v4.pt,ten_percent_voxels/voxel_AF-P53567-F1-model_v4.pt,P53567,1,0,0,0,1,0,0,0,0,0,0,1,1,0,0,1,0,0,1,0,1,1,1,0,0,0,0,0,0,0,0,0,0,0,0,0,0,1,0,0,0,0,0,0,0,0,0,0,1,0,0,0,0,0,1,0,0,0,0,0,0,0,0,0,0,0,0,0,0,0,0,0,0,0,0,0,0,1,0,0,0,0,0,0,0,0,0,0,0,0,0,0,0,0,0,0,0,0,0,0
AF-Q9H0V9-F1-model_v4,ten_percent_graphs/graph_AF-Q9H0V9-F1-model_v4.pt,ten_percent_voxels/voxel_AF-Q9H0V9-F1-model_v4.pt,Q9H0V9,0,0,0,0,0,1,1,0,0,0,0,0,0,0,0,0,0,1,0,1,0,0,0,0,0,0,0,0,0,1,0,0,0,0,0,0,0,0,0,0,0,0,0,0,0,0,0,0,0,0,0,0,0,0,0,0,0,0,0,0,0,0,0,0,0,0,0,0,0,0,0,0,0,0,0,0,0,0,0,0,0,0,0,0,0,0,0,0,0,0,0,0,0,0,0,0,0,0,0,0
AF-Q9C091-F1-model_v4,ten_percent_graphs/graph_AF-Q9C091-F1-model_v4.pt,ten_percent_voxels/voxel_AF-Q9C091-F1-model_v4.pt,Q9C091,0,0,0,0,0,1,0,0,0,0,0,0,0,0,0,0,0,0,0,0,0,0,0,0,0,0,0,0,0,0,0,0,0,0,0,0,0,0,0,0,0,0,0,0,0,0,0,0,0,0,0,0,0,0,0,0,0,0,0,0,0,0,0,0,0,0,0,0,0,0,0,0,0,0,0,0,0,0,0,0,0,0,0,0,0,0,0,0,0,0,0,0,0,0,0,0,0,0,0,0
AF-Q8IXL6-F1-model_v4,ten_percent_graphs/graph_AF-Q8IXL6-F1-model_v4.pt,ten_percent_voxels/voxel_AF-Q8IXL6-F1-model_v4.pt,Q8IXL6,0,0,0,0,1,0,0,1,1,0,0,0,0,0,1,0,0,1,0,0,0,0,0,0,0,0,0,1,0,1,0,0,0,0,0,0,0,0,0,0,0,0,0,0,0,0,0,0,0,0,0,0,0,0,0,0,0,0,0,0,0,0,0,0,0,0,0,0,0,0,0,0,0,0,0,0,0,0,0,0,0,0,0,0,0,0,0,0,0,0,0,0,0,0,0,0,0,0,0,0
AF-H3BRN8-F1-model_v4,ten_percent_graphs/graph_AF-H3BRN8-F1-model_v4.pt,ten_percent_voxels/voxel_AF-H3BRN8-F1-model_v4.pt,H3BRN8,0,0,0,0,0,0,0,0,0,0,0,0,0,0,0,0,0,0,0,0,0,0,0,0,0,0,0,0,0,0,0,0,0,0,0,0,0,0,0,0,0,0,0,0,0,0,0,0,0,0,0,0,0,0,0,0,0,0,0,0,0,0,0,0,0,0,0,0,0,0,0,0,0,0,0,0,0,0,0,0,0,0,0,0,0,0,0,0,0,0,0,0,0,0,0,0,0,0,0,0
AF-Q9H972-F1-model_v4,ten_percent_graphs/graph_AF-Q9H972-F1-model_v4.pt,ten_percent_voxels/voxel_AF-Q9H972-F1-model_v4.pt,Q9H972,0,0,0,0,0,0,0,0,0,1,0,0,0,1,0,0,0,0,0,0,0,0,0,0,0,0,0,0,0,0,0,0,0,1,0,0,0,0,0,0,0,0,0,0,0,0,0,0,0,0,0,0,0,0,0,0,0,0,0,0,0,0,0,0,0,0,0,0,0,0,0,0,0,0,0,0,0,0,0,0,0,1,0,0,0,0,0,0,0,0,0,0,0,0,0,0,0,0,0,0
AF-Q6ZNL6-F1-model_v4,ten_percent_graphs/graph_AF-Q6ZNL6-F1-model_v4.pt,ten_percent_voxels/voxel_AF-Q6ZNL6-F1-model_v4.pt,Q6ZNL6,0,1,1,1,0,0,1,0,0,0,0,0,0,0,0,0,1,1,0,0,0,0,0,0,0,0,0,0,0,0,0,0,0,0,0,0,0,0,0,0,0,0,0,0,0,0,0,0,0,0,0,0,0,0,0,0,0,0,0,0,1,0,0,0,0,0,0,0,0,0,0,0,0,0,0,0,0,0,0,1,0,0,0,0,0,0,0,0,0,0,0,0,0,0,0,0,0,0,0,0
AF-Q8NBJ9-F1-model_v4,ten_percent_graphs/graph_AF-Q8NBJ9-F1-model_v4.pt,ten_percent_voxels/voxel_AF-Q8NBJ9-F1-model_v4.pt,Q8NBJ9,0,0,1,0,0,0,0,0,0,0,0,0,0,0,0,0,0,0,0,0,0,0,1,0,0,0,0,0,0,0,0,0,0,0,0,0,0,0,0,0,0,0,0,0,0,0,0,0,0,0,0,0,0,0,0,0,0,0,0,0,0,0,0,0,0,0,0,0,0,0,0,0,0,0,0,0,0,0,1,0,0,0,0,0,0,0,0,0,0,0,1,0,0,0,0,0,0,0,0,0
AF-O60519-F1-model_v4,ten_percent_graphs/graph_AF-O60519-F1-model_v4.pt,ten_percent_voxels/voxel_AF-O60519-F1-model_v4.pt,O60519,1,0,0,0,0,0,0,0,0,0,0,0,0,0,0,1,0,0,1,0,0,0,1,1,0,0,0,0,0,0,0,0,0,1,0,0,0,0,0,1,0,1,0,0,0,0,0,0,0,1,0,0,0,0,0,0,0,0,0,0,0,0,0,0,0,0,0,0,0,0,0,0,0,0,0,0,0,0,0,0,0,0,0,0,0,0,0,0,0,0,0,0,0,0,0,0,0,0,0,0
AF-Q86T13-F1-model_v4,ten_percent_graphs/graph_AF-Q86T13-F1-model_v4.pt,ten_percent_voxels/voxel_AF-Q86T13-F1-model_v4.pt,Q86T13,0,0,0,0,0,0,0,0,0,0,0,0,0,0,0,0,0,0,0,0,0,0,0,0,0,0,0,0,0,0,0,0,0,0,0,0,0,0,0,0,0,0,1,0,0,0,0,0,0,0,0,0,0,0,0,0,0,0,0,0,0,0,0,0,0,0,0,0,0,0,0,0,0,0,0,0,0,0,0,0,0,0,0,0,0,0,0,0,0,0,0,0,0,0,0,0,0,0,0,0
AF-Q9NR00-F1-model_v4,ten_percent_graphs/graph_AF-Q9NR00-F1-model_v4.pt,ten_percent_voxels/voxel_AF-Q9NR00-F1-model_v4.pt,Q9NR00,1,1,1,1,1,0,0,0,0,0,0,0,0,0,0,0,0,0,0,0,0,0,0,0,0,1,0,0,0,0,0,0,0,0,0,0,0,0,0,0,0,0,0,0,0,0,0,0,0,0,0,0,0,0,0,0,1,0,0,0,0,0,0,0,0,0,0,0,0,1,1,0,0,0,0,0,0,0,0,0,0,0,0,0,0,0,0,0,0,0,0,0,0,0,0,0,0,0,0,0
AF-Q8WZ79-F1-model_v4,ten_percent_graphs/graph_AF-Q8WZ79-F1-model_v4.pt,ten_percent_voxels/voxel_AF-Q8WZ79-F1-model_v4.pt,Q8WZ79,0,0,0,0,0,0,0,0,0,1,0,0,0,0,0,0,0,0,0,0,0,0,0,0,0,0,0,0,0,0,0,0,0,0,0,0,0,0,0,0,0,0,0,0,0,0,0,0,0,0,0,0,0,0,0,0,0,0,0,0,0,0,0,0,0,0,0,0,0,0,0,0,0,0,0,0,0,0,0,0,0,0,0,0,0,0,0,0,0,0,1,0,0,0,0,0,0,0,0,0
AF-Q01995-F1-model_v4,ten_percent_graphs/graph_AF-Q01995-F1-model_v4.pt,ten_percent_voxels/voxel_AF-Q01995-F1-model_v4.pt,Q01995,0,0,0,1,0,0,0,0,0,0,0,0,0,0,0,0,0,0,0,0,0,0,0,0,0,0,0,0,0,0,0,0,0,0,0,0,0,0,0,0,0,0,0,0,0,0,0,0,0,0,0,0,0,0,0,0,0,0,0,0,0,0,0,0,0,0,0,0,0,0,0,0,0,0,0,0,0,0,0,0,0,0,0,0,0,0,0,0,0,0,0,0,0,0,0,0,0,0,0,0
AF-P08729-F1-model_v4,ten_percent_graphs/graph_AF-P08729-F1-model_v4.pt,ten_percent_voxels/voxel_AF-P08729-F1-model_v4.pt,P08729,1,1,0,1,0,0,0,0,1,0,0,0,0,0,0,0,0,0,0,0,0,0,0,0,0,0,0,0,0,0,0,0,0,0,0,0,0,0,0,0,0,0,0,0,0,0,0,0,0,0,0,0,0,0,0,0,0,0,0,0,0,0,0,0,0,0,0,0,0,0,0,0,0,0,0,0,0,0,0,0,0,0,0,0,0,0,0,0,0,0,0,0,0,0,0,0,0,0,0,0
AF-O94855-F1-model_v4,ten_percent_graphs/graph_AF-O94855-F1-model_v4.pt,ten_percent_voxels/voxel_AF-O94855-F1-model_v4.pt,O94855,0,1,0,0,0,0,0,0,0,0,0,0,0,0,0,0,0,0,0,1,0,0,0,0,0,0,1,0,0,0,1,0,0,0,0,0,0,0,0,0,0,0,0,0,0,0,0,0,0,0,0,0,0,0,0,0,0,0,0,0,0,0,0,0,0,0,0,0,0,0,0,0,0,0,0,0,0,0,0,0,0,0,0,0,0,0,0,0,0,0,0,0,0,0,0,0,0,0,0,0
AF-Q86WT6-F1-model_v4,ten_percent_graphs/graph_AF-Q86WT6-F1-model_v4.pt,ten_percent_voxels/voxel_AF-Q86WT6-F1-model_v4.pt,Q86WT6,1,1,0,1,0,0,1,0,0,0,0,1,0,0,0,0,0,0,0,0,0,0,0,0,0,0,0,0,0,0,0,0,0,0,0,1,1,0,0,0,0,0,0,0,0,0,0,1,0,0,0,0,0,0,0,0,0,0,0,0,0,0,0,0,0,0,0,0,0,1,1,0,0,0,0,0,0,0,0,0,0,0,0,1,0,0,0,0,0,0,0,0,0,0,0,0,0,0,0,0
AF-B7Z6K7-F1-model_v4,ten_percent_graphs/graph_AF-B7Z6K7-F1-model_v4.pt,ten_percent_voxels/voxel_AF-B7Z6K7-F1-model_v4.pt,B7Z6K7,1,0,0,0,0,0,1,0,0,0,0,0,1,0,0,0,0,0,0,0,1,0,0,0,0,0,0,0,0,0,0,0,0,0,0,0,0,0,0,0,0,0,0,0,0,0,0,0,1,0,0,0,0,0,0,0,0,0,0,0,0,0,0,0,0,0,0,0,0,0,0,0,0,0,0,0,0,0,0,0,0,0,0,0,0,0,0,0,0,0,0,0,0,0,0,0,0,0,0,0
AF-Q8WU10-F1-model_v4,ten_percent_graphs/graph_AF-Q8WU10-F1-model_v4.pt,ten_percent_voxels/voxel_AF-Q8WU10-F1-model_v4.pt,Q8WU10,1,0,0,0,0,0,0,0,0,0,0,0,0,0,0,0,0,0,0,0,0,0,0,0,0,0,0,0,0,0,0,0,0,0,0,0,0,0,0,0,0,0,0,0,0,0,0,0,0,0,0,0,0,0,0,0,0,0,0,0,0,0,0,0,0,0,0,0,0,0,0,0,0,0,0,0,0,0,0,0,0,0,0,0,0,0,0,0,0,0,0,0,0,0,0,0,0,0,0,0
AF-Q96AG4-F1-model_v4,ten_percent_graphs/graph_AF-Q96AG4-F1-model_v4.pt,ten_percent_voxels/voxel_AF-Q96AG4-F1-model_v4.pt,Q96AG4,0,0,0,1,0,1,0,0,0,0,0,0,0,1,0,0,1,0,0,1,0,0,0,0,0,0,0,0,0,0,0,0,0,0,0,0,0,0,0,0,0,0,0,0,0,0,0,0,0,0,0,0,0,0,0,0,0,0,0,0,0,0,0,0,0,0,0,0,1,0,0,0,0,0,0,0,0,0,0,0,0,0,0,0,0,1,0,0,0,0,0,0,0,0,0,0,0,0,0,0
AF-A6NKG5-F1-model_v4,ten_percent_graphs/graph_AF-A6NKG5-F1-model_v4.pt,ten_percent_voxels/voxel_AF-A6NKG5-F1-model_v4.pt,A6NKG5,0,0,0,0,0,1,0,0,0,0,0,0,0,0,0,0,0,0,0,0,0,0,0,0,0,0,0,0,0,0,0,0,0,0,0,0,0,0,0,0,0,0,0,0,0,0,0,0,0,0,0,0,0,0,0,0,0,0,0,0,0,0,0,0,0,0,0,0,0,0,0,0,0,0,0,0,0,0,0,0,0,0,0,0,0,0,0,0,0,0,0,0,0,0,0,0,0,0,0,0
AF-Q96LA8-F1-model_v4,ten_percent_graphs/graph_AF-Q96LA8-F1-model_v4.pt,ten_percent_voxels/voxel_AF-Q96LA8-F1-model_v4.pt,Q96LA8,1,0,0,0,1,0,0,0,0,0,0,0,0,0,0,0,0,0,0,0,0,0,0,0,1,1,0,0,0,0,0,0,0,0,0,0,0,0,0,0,0,1,0,0,0,1,1,0,0,0,0,0,0,0,0,0,0,0,0,0,0,0,0,0,0,0,0,0,0,0,0,0,0,0,0,0,0,0,0,0,0,0,0,0,0,0,0,0,0,0,0,0,0,0,0,0,0,0,0,0
AF-Q9BSK0-F1-model_v4,ten_percent_graphs/graph_AF-Q9BSK0-F1-model_v4.pt,ten_percent_voxels/voxel_AF-Q9BSK0-F1-model_v4.pt,Q9BSK0,1,0,1,1,0,1,0,0,0,0,0,0,0,0,0,0,0,0,0,0,0,0,0,0,0,0,0,0,0,0,0,0,0,0,0,0,0,0,0,0,0,0,0,0,0,0,0,0,0,0,0,0,0,0,0,0,0,0,0,0,1,0,0,0,0,0,0,0,0,0,0,0,0,0,0,0,0,0,0,0,0,0,0,0,0,0,0,0,0,0,0,0,0,0,0,0,0,0,0,0
AF-P32247-F1-model_v4,ten_percent_graphs/graph_AF-P32247-F1-model_v4.pt,ten_percent_voxels/voxel_AF-P32247-F1-model_v4.pt,P32247,0,0,1,0,0,1,0,0,0,0,0,0,0,0,0,0,0,0,0,0,0,0,0,0,0,0,0,0,0,0,0,0,0,0,0,0,0,0,0,0,0,0,0,0,0,0,0,0,0,0,0,0,0,0,0,0,0,0,0,0,0,0,0,0,0,0,0,0,0,0,0,0,0,1,0,0,0,0,0,0,0,0,0,0,0,0,0,0,0,0,0,0,0,0,0,0,0,0,0,0
AF-P07306-F1-model_v4,ten_percent_graphs/graph_AF-P07306-F1-model_v4.pt,ten_percent_voxels/voxel_AF-P07306-F1-model_v4.pt,P07306,0,0,1,0,0,0,1,0,0,1,0,1,0,0,0,0,0,0,0,0,0,0,0,0,0,0,0,0,0,0,0,0,0,0,0,0,0,0,0,0,0,0,1,0,0,0,0,0,0,0,0,0,0,0,1,0,0,0,0,0,0,0,0,0,0,0,0,0,0,0,0,0,0,0,0,0,0,0,0,0,0,0,0,0,0,0,0,0,0,0,0,0,0,0,0,0,0,0,0,0
AF-Q8WTT0-F1-model_v4,ten_percent_graphs/graph_AF-Q8WTT0-F1-model_v4.pt,ten_percent_voxels/voxel_AF-Q8WTT0-F1-model_v4.pt,Q8WTT0,0,0,1,0,0,0,1,0,0,0,0,0,0,0,0,0,0,0,0,0,0,0,0,0,0,0,0,0,0,0,0,0,0,0,0,0,0,0,0,0,0,0,1,0,0,0,0,0,0,0,0,0,0,0,0,0,0,0,0,0,0,0,0,0,0,0,0,0,0,0,0,0,0,0,0,0,0,0,0,0,0,0,0,0,0,0,0,0,0,0,0,0,0,0,0,0,0,0,0,0
AF-Q99447-F1-model_v4,ten_percent_graphs/graph_AF-Q99447-F1-model_v4.pt,ten_percent_voxels/voxel_AF-Q99447-F1-model_v4.pt,Q99447,0,0,0,1,0,0,0,0,0,0,0,0,0,0,0,0,0,0,0,1,0,0,0,0,0,0,0,0,0,0,0,0,0,0,0,0,0,0,0,0,0,0,0,0,0,0,0,0,0,0,0,0,0,0,0,0,0,0,0,0,0,0,0,0,0,0,0,0,0,0,0,0,0,0,0,0,0,0,0,0,0,0,0,0,0,0,0,0,0,0,0,0,0,0,0,0,0,0,0,0
AF-P20749-F1-model_v4,ten_percent_graphs/graph_AF-P20749-F1-model_v4.pt,ten_percent_voxels/voxel_AF-P20749-F1-model_v4.pt,P20749,1,1,1,1,1,0,0,0,0,0,0,0,0,0,0,0,0,0,0,0,0,1,0,0,0,0,1,0,0,0,0,0,0,0,1,0,0,0,0,1,1,0,0,0,0,0,1,0,0,0,0,0,0,0,0,0,1,0,0,0,0,1,0,0,0,0,0,0,0,0,0,0,0,0,0,0,0,0,0,0,0,0,0,0,0,0,0,0,0,0,0,0,0,0,0,0,0,0,0,0
AF-Q8N159-F1-model_v4,ten_percent_graphs/graph_AF-Q8N159-F1-model_v4.pt,ten_percent_voxels/voxel_AF-Q8N159-F1-model_v4.pt,Q8N159,0,0,0,0,0,0,0,0,0,0,1,0,0,0,0,0,0,0,0,0,0,0,0,0,0,0,0,0,0,0,0,0,0,0,0,0,0,0,1,0,0,0,0,0,0,0,0,0,0,0,0,0,0,0,0,0,0,0,0,0,0,0,0,0,0,0,0,0,0,0,0,0,0,0,0,0,0,0,0,0,0,0,0,0,0,0,0,0,0,0,0,0,0,0,0,0,0,0,0,0
AF-P17658-F1-model_v4,ten_percent_graphs/graph_AF-P17658-F1-model_v4.pt,ten_percent_voxels/voxel_AF-P17658-F1-model_v4.pt,P17658,0,1,1,0,0,1,0,0,0,0,0,0,0,0,0,0,0,0,0,0,0,0,0,0,0,0,1,0,0,0,0,0,0,0,0,0,0,0,0,0,0,0,0,0,0,0,0,0,0,0,0,0,0,0,0,0,0,0,0,0,0,0,0,0,0,0,0,0,0,0,0,0,0,0,0,0,0,0,0,0,0,0,0,0,0,0,0,0,0,0,0,0,0,0,0,0,0,0,0,0
AF-P07948-F1-model_v4,ten_percent_graphs/graph_AF-P07948-F1-model_v4.pt,ten_percent_voxels/voxel_AF-P07948-F1-model_v4.pt,P07948,1,1,1,1,0,0,0,0,1,0,0,0,0,0,1,0,0,1,0,0,0,0,0,1,0,0,1,0,0,0,0,1,0,0,0,1,0,0,0,0,1,0,0,1,0,0,0,0,0,0,0,0,0,0,0,1,0,0,0,0,0,1,0,0,1,0,0,0,0,0,0,0,0,0,0,0,0,0,1,0,0,0,0,0,0,0,1,0,0,0,0,0,0,0,0,0,0,0,0,0
AF-Q13439-F1-model_v4,ten_percent_graphs/graph_AF-Q13439-F1-model_v4.pt,ten_percent_voxels/voxel_AF-Q13439-F1-model_v4.pt,Q13439,0,1,1,1,1,0,0,0,1,0,0,0,0,0,0,0,0,1,0,0,0,0,0,0,0,0,0,0,0,1,0,0,0,0,0,0,0,0,0,0,0,0,0,0,0,0,0,0,0,0,0,0,0,0,0,0,0,0,0,0,0,0,0,0,0,0,0,0,0,0,0,0,0,0,0,0,0,0,0,1,0,0,0,0,0,0,0,0,0,0,0,0,0,0,0,0,0,0,0,0
AF-P34810-F1-model_v4,ten_percent_graphs/graph_AF-P34810-F1-model_v4.pt,ten_percent_voxels/voxel_AF-P34810-F1-model_v4.pt,P34810,0,0,1,0,0,1,0,0,0,0,0,0,0,0,0,0,0,0,0,0,0,0,0,0,0,0,0,0,0,0,0,0,0,0,0,0,0,0,0,0,0,0,0,0,0,0,0,0,0,0,0,0,0,0,0,0,0,0,0,0,0,0,0,0,0,0,0,0,0,0,0,0,0,0,0,0,0,0,1,0,0,0,0,0,0,0,0,0,0,0,1,0,0,0,0,0,0,0,0,0
AF-Q03167-F1-model_v4,ten_percent_graphs/graph_AF-Q03167-F1-model_v4.pt,ten_percent_voxels/voxel_AF-Q03167-F1-model_v4.pt,Q03167,0,1,1,0,0,0,0,1,1,1,0,0,0,0,0,0,0,0,0,0,0,0,0,0,0,0,0,0,0,0,0,0,1,0,0,0,0,0,0,0,0,0,1,0,0,0,0,0,0,0,0,0,0,0,1,0,0,0,0,0,0,0,0,0,0,0,0,0,1,0,0,0,0,0,0,0,0,0,0,0,0,1,0,0,0,0,0,0,0,0,0,0,0,0,0,0,0,0,0,1
AF-P10253-F1-model_v4,ten_percent_graphs/graph_AF-P10253-F1-model_v4.pt,ten_percent_voxels/voxel_AF-P10253-F1-model_v4.pt,P10253,0,0,1,0,0,1,0,0,1,0,0,0,0,0,0,0,0,0,0,0,0,0,0,0,0,0,1,0,0,0,0,0,0,0,0,0,0,0,0,0,0,0,0,0,0,0,0,0,0,0,0,0,0,0,0,0,0,0,0,0,0,0,0,0,0,0,0,0,0,0,0,0,0,0,0,0,0,0,1,0,0,0,0,0,0,0,0,0,0,0,1,0,0,0,0,0,0,0,0,0
AF-P12724-F1-model_v4,ten_percent_graphs/graph_AF-P12724-F1-model_v4.pt,ten_percent_voxels/voxel_AF-P12724-F1-model_v4.pt,P12724,0,0,0,0,0,0,0,1,0,1,0,0,0,0,0,0,0,0,0,0,0,0,0,0,0,0,0,0,0,0,0,0,0,0,0,1,0,0,0,0,0,0,0,0,0,0,0,0,0,0,0,0,0,0,0,0,0,0,0,0,0,0,0,0,0,0,0,0,0,0,0,0,0,0,0,0,0,0,0,0,0,0,0,0,0,0,0,0,0,0,0,0,0,0,0,0,0,0,0,0
AF-Q02575-F1-model_v4,ten_percent_graphs/graph_AF-Q02575-F1-model_v4.pt,ten_percent_voxels/voxel_AF-Q02575-F1-model_v4.pt,Q02575,1,0,0,0,0,0,0,0,0,0,0,0,1,0,0,1,0,0,1,0,1,1,0,0,0,0,0,0,0,0,0,0,0,1,0,0,0,1,0,0,0,0,0,0,0,0,0,0,1,0,0,0,0,1,0,0,0,0,0,0,0,0,0,0,0,0,0,0,0,0,0,0,0,0,0,0,0,0,0,0,0,0,0,0,0,0,0,0,0,0,0,0,0,0,0,0,0,0,0,0
AF-P49447-F1-model_v4,ten_percent_graphs/graph_AF-P49447-F1-model_v4.pt,ten_percent_voxels/voxel_AF-P49447-F1-model_v4.pt,P49447,0,0,0,0,0,1,1,0,0,0,0,0,0,0,0,0,0,0,0,0,0,0,0,0,0,0,0,0,0,0,0,0,0,0,0,0,0,0,0,0,0,0,0,0,0,0,0,0,0,0,0,0,0,0,0,0,0,0,0,0,0,0,0,0,0,0,0,0,0,0,0,0,0,0,0,0,0,0,1,0,0,0,0,0,0,0,0,0,0,0,0,0,0,0,0,0,0,0,0,0
AF-P0DI80-F1-model_v4,ten_percent_graphs/graph_AF-P0DI80-F1-model_v4.pt,ten_percent_voxels/voxel_AF-P0DI80-F1-model_v4.pt,P0DI80,0,0,0,0,0,0,0,0,0,0,0,0,0,0,0,0,0,0,0,1,0,0,0,0,0,0,0,0,0,0,0,0,0,0,0,0,0,0,0,0,0,0,0,0,0,0,0,0,0,0,0,0,0,0,0,0,0,0,0,0,0,0,0,0,0,0,0,0,0,0,0,0,0,0,0,0,0,0,0,0,0,0,0,0,0,0,0,0,0,0,0,0,0,0,0,0,0,0,0,0
AF-O75970-F1-model_v4,ten_percent_graphs/graph_AF-O75970-F1-model_v4.pt,ten_percent_voxels/voxel_AF-O75970-F1-model_v4.pt,O75970,0,0,1,1,0,0,0,0,0,0,0,0,0,0,0,0,0,0,0,0,0,0,0,0,0,0,0,0,0,0,0,0,0,0,0,0,0,0,0,0,0,0,0,0,0,0,0,0,0,0,0,0,0,0,0,0,0,0,0,0,0,0,0,0,0,1,0,1,0,0,0,0,0,0,0,0,0,0,0,0,0,0,0,0,0,0,0,0,0,0,0,0,0,0,0,0,0,0,0,0
AF-P42224-F1-model_v4,ten_percent_graphs/graph_AF-P42224-F1-model_v4.pt,ten_percent_voxels/voxel_AF-P42224-F1-model_v4.pt,P42224,1,1,0,1,1,0,0,0,0,0,0,1,1,0,0,1,0,0,1,0,1,1,0,0,1,1,0,0,1,0,0,0,0,0,1,0,0,0,0,1,1,0,0,0,0,0,0,0,0,1,0,0,0,1,0,0,0,0,0,0,0,0,0,0,0,0,0,1,0,0,0,0,0,0,0,0,0,0,0,0,0,0,0,0,0,1,1,0,0,0,0,0,0,0,0,1,0,0,0,0
AF-Q5VZE5-F1-model_v4,ten_percent_graphs/graph_AF-Q5VZE5-F1-model_v4.pt,ten_percent_voxels/voxel_AF-Q5VZE5-F1-model_v4.pt,Q5VZE5,0,1,1,1,1,0,0,0,0,0,0,0,0,0,0,0,0,0,0,0,0,0,0,0,0,0,0,0,0,0,0,0,0,0,0,0,0,0,0,0,0,0,0,0,0,0,0,0,0,0,0,0,0,0,0,0,1,0,0,0,0,0,0,0,0,0,0,0,0,0,0,0,0,0,0,0,0,0,0,0,0,0,0,0,0,0,0,0,0,0,0,0,0,0,0,0,0,0,0,0
AF-Q14515-F1-model_v4,ten_percent_graphs/graph_AF-Q14515-F1-model_v4.pt,ten_percent_voxels/voxel_AF-Q14515-F1-model_v4.pt,Q14515,0,0,0,0,0,0,0,1,0,1,0,0,0,0,0,0,0,0,0,0,0,0,0,1,0,0,0,1,0,0,0,1,0,0,0,0,0,0,0,0,0,0,0,0,0,0,0,0,0,0,0,0,0,0,0,0,0,0,0,0,0,0,0,0,0,0,0,0,0,0,0,0,0,0,0,0,0,0,0,0,0,0,0,0,0,0,0,0,0,0,0,0,0,0,0,0,0,0,0,0
AF-P14854-F1-model_v4,ten_percent_graphs/graph_AF-P14854-F1-model_v4.pt,ten_percent_voxels/voxel_AF-P14854-F1-model_v4.pt,P14854,0,0,0,0,0,0,0,0,0,0,1,0,0,0,0,0,0,0,0,0,0,0,0,0,0,0,0,0,0,0,0,0,0,0,0,0,0,0,0,0,0,0,0,0,0,0,0,0,0,0,0,1,0,0,0,0,0,0,0,0,0,0,0,0,0,0,0,0,0,0,0,0,0,0,0,0,0,0,0,0,0,0,0,0,0,0,0,0,0,0,0,0,0,0,0,0,0,0,0,0
AF-Q8IXZ2-F1-model_v4,ten_percent_graphs/graph_AF-Q8IXZ2-F1-model_v4.pt,ten_percent_voxels/voxel_AF-Q8IXZ2-F1-model_v4.pt,Q8IXZ2,1,0,0,0,0,0,1,0,0,0,0,0,0,0,0,0,0,0,0,0,0,0,1,0,0,0,0,0,0,0,0,0,0,0,0,0,0,0,0,0,0,0,0,0,0,0,0,0,0,0,0,0,0,0,0,0,0,0,0,0,0,0,0,0,0,0,0,0,0,0,0,0,0,0,0,0,0,0,0,0,0,0,0,0,0,0,0,0,0,0,0,0,0,0,0,0,0,0,0,0
AF-Q9BQS8-F1-model_v4,ten_percent_graphs/graph_AF-Q9BQS8-F1-model_v4.pt,ten_percent_voxels/voxel_AF-Q9BQS8-F1-model_v4.pt,Q9BQS8,0,0,0,0,0,1,1,0,0,0,0,0,0,0,0,0,0,1,0,0,0,0,0,0,0,0,1,0,0,0,0,0,0,0,0,0,0,0,0,0,0,0,0,0,0,0,0,0,0,0,0,0,0,0,0,0,0,0,0,0,0,0,0,0,0,0,0,0,0,0,0,0,0,0,0,0,0,0,0,0,0,0,0,0,0,0,0,0,0,0,1,0,0,0,0,0,0,0,0,0
AF-Q9HD36-F1-model_v4,ten_percent_graphs/graph_AF-Q9HD36-F1-model_v4.pt,ten_percent_voxels/voxel_AF-Q9HD36-F1-model_v4.pt,Q9HD36,0,1,0,0,0,1,0,0,0,0,1,0,0,0,0,0,1,0,0,0,0,0,0,0,0,0,0,1,0,0,0,0,0,0,0,0,0,0,0,0,0,0,0,0,0,0,0,0,0,0,0,0,0,0,0,0,1,0,0,0,0,0,0,0,0,0,0,0,0,0,1,0,0,0,0,0,0,0,0,0,0,0,1,0,0,0,0,0,0,0,0,0,0,0,0,0,0,0,1,0
AF-Q14032-F1-model_v4,ten_percent_graphs/graph_AF-Q14032-F1-model_v4.pt,ten_percent_voxels/voxel_AF-Q14032-F1-model_v4.pt,Q14032,0,1,0,0,0,0,0,0,0,0,0,0,0,0,0,0,0,0,0,0,0,0,0,0,0,0,1,0,0,0,0,0,0,0,0,0,0,0,0,0,0,0,0,0,0,0,0,0,0,0,0,0,0,0,0,0,0,0,0,0,0,0,0,0,0,0,0,0,0,0,0,0,0,0,0,0,0,0,0,0,0,0,0,0,0,0,0,0,0,0,0,0,0,0,0,0,0,0,0,0
AF-A2I2P0-F1-model_v4,ten_percent_graphs/graph_AF-A2I2P0-F1-model_v4.pt,ten_percent_voxels/voxel_AF-A2I2P0-F1-model_v4.pt,A2I2P0,1,0,0,0,0,0,0,0,0,0,1,0,0,0,0,0,0,0,0,0,0,0,0,0,1,0,0,0,0,0,0,0,0,0,0,0,0,0,0,0,0,0,0,0,0,0,0,0,0,0,0,0,0,0,0,0,0,0,0,0,0,0,1,0,0,0,0,0,0,0,0,0,0,0,0,0,0,0,0,0,0,0,0,0,0,0,0,0,0,0,0,0,0,0,0,0,0,0,0,0
AF-Q12889-F1-model_v4,ten_percent_graphs/graph_AF-Q12889-F1-model_v4.pt,ten_percent_voxels/voxel_AF-Q12889-F1-model_v4.pt,Q12889,0,1,0,0,0,0,0,0,0,1,0,0,0,0,0,0,0,0,0,0,0,0,0,0,0,0,1,0,0,0,0,0,0,0,0,0,0,0,0,0,0,0,0,0,0,0,0,0,0,0,0,0,0,0,0,0,0,0,0,0,0,0,0,0,0,0,0,0,0,0,0,0,0,0,0,0,0,0,0,0,0,0,0,0,0,0,0,0,0,0,0,0,0,0,0,0,0,0,0,0
AF-Q16829-F1-model_v4,ten_percent_graphs/graph_AF-Q16829-F1-model_v4.pt,ten_percent_voxels/voxel_AF-Q16829-F1-model_v4.pt,Q16829,0,1,0,1,1,0,0,0,0,0,0,0,0,0,0,0,0,0,0,0,0,0,0,1,0,0,0,0,0,0,0,0,0,0,0,0,0,0,0,0,0,0,0,0,0,0,0,0,0,0,0,0,0,0,0,0,0,0,0,0,0,0,0,0,0,0,0,0,0,0,0,0,0,0,0,0,0,0,0,0,0,0,0,0,0,0,0,0,0,0,0,0,0,0,0,0,0,0,0,0
AF-P04066-F1-model_v4,ten_percent_graphs/graph_AF-P04066-F1-model_v4.pt,ten_percent_voxels/voxel_AF-P04066-F1-model_v4.pt,P04066,0,0,0,1,0,1,0,0,1,1,0,0,0,0,0,0,0,0,0,0,0,0,0,0,0,0,1,0,0,0,0,0,0,0,0,0,0,0,0,0,0,0,0,0,0,0,0,0,0,0,0,0,0,0,0,0,0,0,0,0,0,0,0,0,0,0,0,0,0,0,0,0,0,0,0,0,0,0,0,0,0,0,0,0,0,0,0,0,0,0,1,0,0,0,0,0,0,0,0,0
AF-A6NFY4-F1-model_v4,ten_percent_graphs/graph_AF-A6NFY4-F1-model_v4.pt,ten_percent_voxels/voxel_AF-A6NFY4-F1-model_v4.pt,A6NFY4,0,0,0,0,0,0,0,0,0,0,0,0,0,0,0,0,0,0,0,0,0,0,0,0,0,0,0,0,0,0,0,0,0,0,0,0,0,0,0,0,0,0,0,0,0,0,0,0,0,0,0,0,0,0,0,0,0,0,0,0,0,0,0,0,0,0,0,0,0,0,0,0,0,0,0,0,0,0,0,0,0,0,0,0,0,0,0,0,0,0,0,0,0,0,0,0,0,0,0,0
AF-Q5SR56-F1-model_v4,ten_percent_graphs/graph_AF-Q5SR56-F1-model_v4.pt,ten_percent_voxels/voxel_AF-Q5SR56-F1-model_v4.pt,Q5SR56,0,0,0,0,0,1,0,0,0,0,0,0,0,0,0,0,0,0,0,0,0,0,0,0,0,0,0,0,0,0,0,0,0,0,0,0,0,0,0,0,0,0,0,0,0,0,0,0,0,0,0,0,0,0,0,0,0,0,0,0,0,0,0,0,0,0,0,0,0,0,0,0,0,0,0,0,0,0,0,0,0,0,0,0,0,0,0,0,0,0,0,0,0,0,0,0,0,0,0,0
AF-Q16740-F1-model_v4,ten_percent_graphs/graph_AF-Q16740-F1-model_v4.pt,ten_percent_voxels/voxel_AF-Q16740-F1-model_v4.pt,Q16740,0,0,0,0,0,0,0,0,0,0,1,1,0,0,0,0,0,0,0,0,0,0,0,0,0,0,0,0,0,0,0,0,0,0,0,0,0,0,1,0,0,0,0,0,1,0,0,0,0,0,0,0,0,0,0,0,0,0,0,0,0,0,0,0,0,0,0,0,0,0,0,0,0,0,0,0,0,0,0,0,0,0,0,0,0,0,0,0,0,0,0,0,0,0,0,0,0,0,0,0
AF-Q8NC74-F1-model_v4,ten_percent_graphs/graph_AF-Q8NC74-F1-model_v4.pt,ten_percent_voxels/voxel_AF-Q8NC74-F1-model_v4.pt,Q8NC74,0,0,0,0,0,0,0,1,0,0,0,0,0,0,0,0,0,0,0,0,0,0,0,0,0,0,0,0,0,0,0,0,0,0,0,0,0,0,0,0,0,0,0,0,0,0,0,0,0,0,0,0,0,0,0,0,0,0,0,0,0,0,0,0,0,0,0,0,0,0,0,0,0,0,0,0,0,0,0,0,0,0,0,0,0,0,0,0,0,0,0,0,0,0,0,0,0,0,0,0
AF-P49642-F1-model_v4,ten_percent_graphs/graph_AF-P49642-F1-model_v4.pt,ten_percent_voxels/voxel_AF-P49642-F1-model_v4.pt,P49642,0,0,0,0,1,1,0,0,0,0,0,0,0,0,0,0,0,0,0,0,0,0,0,0,0,0,0,0,0,0,1,0,0,0,0,0,0,0,0,0,0,0,0,0,0,0,0,0,0,0,0,0,0,0,0,0,0,0,0,0,0,0,0,0,0,0,0,0,0,0,0,0,0,0,0,0,0,0,0,0,0,0,0,0,0,0,0,0,0,0,0,0,0,0,0,0,0,0,0,0
AF-Q8IUR7-F1-model_v4,ten_percent_graphs/graph_AF-Q8IUR7-F1-model_v4.pt,ten_percent_voxels/voxel_AF-Q8IUR7-F1-model_v4.pt,Q8IUR7,1,1,0,1,1,0,0,0,0,1,0,0,0,0,0,0,0,0,0,0,0,0,0,0,0,0,1,0,0,0,0,0,0,0,0,0,0,0,0,0,0,0,0,0,0,0,0,0,0,0,0,0,0,0,0,0,0,0,0,0,0,0,0,0,0,0,0,0,0,0,0,0,0,0,0,0,0,0,0,0,0,0,0,0,0,0,0,0,0,0,0,0,0,0,0,0,0,0,0,0
AF-P16581-F1-model_v4,ten_percent_graphs/graph_AF-P16581-F1-model_v4.pt,ten_percent_voxels/voxel_AF-P16581-F1-model_v4.pt,P16581,0,0,1,0,0,0,1,1,0,0,0,0,0,0,0,0,0,0,0,0,0,0,0,0,0,0,0,0,0,0,0,0,0,0,0,0,0,0,0,0,1,0,1,0,0,0,0,0,0,0,0,0,0,0,0,0,0,0,0,0,0,0,0,1,0,0,0,0,0,0,0,0,0,0,0,0,0,0,0,0,0,0,0,0,0,0,0,0,0,0,0,0,0,0,0,0,0,0,0,0
AF-H3BV12-F1-model_v4,ten_percent_graphs/graph_AF-H3BV12-F1-model_v4.pt,ten_percent_voxels/voxel_AF-H3BV12-F1-model_v4.pt,H3BV12,0,0,0,0,0,0,0,0,0,0,0,0,0,0,0,0,0,0,0,0,0,0,0,0,0,0,0,0,0,0,0,0,0,0,0,0,0,0,0,0,0,0,0,0,0,0,0,0,0,0,0,0,0,0,0,0,0,0,0,0,0,0,0,0,0,0,0,0,0,0,0,0,0,0,0,0,0,0,0,0,0,0,0,0,0,0,0,0,0,0,0,0,0,0,0,0,0,0,0,0
AF-O95989-F1-model_v4,ten_percent_graphs/graph_AF-O95989-F1-model_v4.pt,ten_percent_voxels/voxel_AF-O95989-F1-model_v4.pt,O95989,1,1,0,1,0,0,0,0,0,0,0,0,0,0,0,0,0,0,0,0,0,0,0,0,0,0,0,0,0,0,1,1,0,0,0,0,0,0,0,0,0,0,0,0,0,0,0,0,0,0,0,0,0,0,0,0,0,0,0,0,0,0,0,0,0,0,0,0,0,0,0,0,0,0,0,0,0,0,0,0,0,0,0,0,0,0,0,0,0,0,0,0,0,0,0,0,0,0,0,0
AF-Q30KP9-F1-model_v4,ten_percent_graphs/graph_AF-Q30KP9-F1-model_v4.pt,ten_percent_voxels/voxel_AF-Q30KP9-F1-model_v4.pt,Q30KP9,0,0,0,0,0,0,0,0,0,1,0,0,0,0,0,0,0,0,0,0,0,0,0,0,0,0,0,0,0,0,0,0,0,0,0,1,0,0,0,0,0,0,0,0,0,0,0,0,0,0,0,0,0,0,0,0,0,0,0,0,0,0,0,0,0,0,0,0,0,0,0,0,0,0,0,0,0,0,0,0,0,0,0,0,0,0,0,0,0,0,0,0,0,0,0,0,0,0,0,0
AF-P50402-F1-model_v4,ten_percent_graphs/graph_AF-P50402-F1-model_v4.pt,ten_percent_voxels/voxel_AF-P50402-F1-model_v4.pt,P50402,0,1,0,1,1,1,0,0,0,0,0,0,0,0,0,0,1,0,0,0,0,0,0,0,0,0,0,0,0,0,0,0,0,0,0,0,0,0,0,0,0,0,0,0,0,0,0,0,0,0,0,0,0,0,0,0,0,0,0,0,0,0,0,0,0,0,0,0,0,0,0,0,0,0,0,0,0,0,0,0,0,0,0,0,0,1,0,0,0,0,0,0,0,0,0,0,0,0,0,0
AF-P98155-F1-model_v4,ten_percent_graphs/graph_AF-P98155-F1-model_v4.pt,ten_percent_voxels/voxel_AF-P98155-F1-model_v4.pt,P98155,0,0,1,0,0,1,0,0,0,0,0,0,0,0,0,0,0,0,0,0,0,0,0,1,0,0,0,1,0,0,0,1,0,0,0,0,0,0,0,0,0,0,0,0,0,0,0,0,0,0,0,0,0,0,0,0,0,0,0,0,0,0,0,0,0,0,0,0,0,0,0,0,0,0,0,1,0,0,1,0,0,0,0,0,0,0,0,0,0,0,0,0,0,0,0,0,0,0,0,0
AF-Q4KMZ1-F1-model_v4,ten_percent_graphs/graph_AF-Q4KMZ1-F1-model_v4.pt,ten_percent_voxels/voxel_AF-Q4KMZ1-F1-model_v4.pt,Q4KMZ1,0,0,0,0,0,0,0,0,0,0,0,0,0,0,0,0,0,0,0,0,0,0,0,0,0,0,0,0,0,0,0,0,0,0,0,0,0,0,0,0,0,0,0,0,0,0,0,0,0,0,0,0,0,0,0,0,0,0,0,0,0,0,0,0,0,0,0,0,0,0,0,0,0,0,0,0,0,0,0,0,0,0,0,0,0,0,0,0,0,0,0,0,0,0,0,0,0,0,0,0
AF-P0C7W9-F1-model_v4,ten_percent_graphs/graph_AF-P0C7W9-F1-model_v4.pt,ten_percent_voxels/voxel_AF-P0C7W9-F1-model_v4.pt,P0C7W9,0,0,0,0,0,0,0,0,0,0,0,0,0,0,0,0,0,0,0,0,0,0,0,0,0,0,0,0,0,0,0,0,0,0,0,0,0,0,0,0,0,0,0,0,0,0,0,0,0,0,0,0,0,0,0,0,0,0,0,0,0,0,0,0,0,0,0,0,0,0,0,0,0,0,0,0,0,0,0,0,0,0,0,0,0,0,0,0,0,0,0,0,0,0,0,0,0,0,0,0
AF-A4D2N2-F1-model_v4,ten_percent_graphs/graph_AF-A4D2N2-F1-model_v4.pt,ten_percent_voxels/voxel_AF-A4D2N2-F1-model_v4.pt,A4D2N2,0,0,0,0,0,0,0,0,0,0,0,0,0,0,0,0,0,0,0,0,0,0,0,0,0,0,0,0,0,0,0,0,0,0,0,0,0,0,0,0,0,0,0,0,0,0,0,0,0,0,0,0,0,0,0,0,0,0,0,0,0,0,0,0,0,0,0,1,0,0,0,0,0,0,0,0,0,0,0,0,0,0,0,0,0,0,0,0,0,0,0,0,0,0,0,0,0,0,0,0
AF-Q7RTY1-F1-model_v4,ten_percent_graphs/graph_AF-Q7RTY1-F1-model_v4.pt,ten_percent_voxels/voxel_AF-Q7RTY1-F1-model_v4.pt,Q7RTY1,0,0,1,0,0,0,0,0,0,0,0,0,0,0,0,0,0,0,0,0,0,0,0,0,0,0,0,0,0,0,0,0,0,0,0,0,0,0,0,0,0,0,0,0,0,0,0,0,0,0,0,0,0,0,0,0,0,0,0,0,0,0,0,0,0,0,0,0,0,0,0,0,0,0,0,0,0,0,0,0,0,0,0,0,0,0,0,0,0,0,0,0,0,0,0,0,0,0,0,0
AF-P14415-F1-model_v4,ten_percent_graphs/graph_AF-P14415-F1-model_v4.pt,ten_percent_voxels/voxel_AF-P14415-F1-model_v4.pt,P14415,0,0,1,1,0,1,0,0,0,0,0,0,0,0,0,0,0,0,0,0,0,0,0,0,0,0,0,0,0,0,0,0,0,0,0,0,0,0,0,0,0,0,1,0,0,0,0,0,0,0,0,0,0,0,0,0,0,0,0,0,0,0,0,0,0,1,0,0,0,0,0,0,0,0,0,0,0,0,0,0,1,0,0,0,0,0,0,0,0,0,0,0,0,0,0,0,0,0,0,0
AF-Q9UJ99-F1-model_v4,ten_percent_graphs/graph_AF-Q9UJ99-F1-model_v4.pt,ten_percent_voxels/voxel_AF-Q9UJ99-F1-model_v4.pt,Q9UJ99,0,0,0,0,0,0,0,0,0,0,0,0,0,0,0,0,0,0,0,0,0,0,0,0,0,0,0,1,0,0,0,0,0,0,0,0,0,0,0,0,0,0,0,0,0,0,0,0,0,0,0,0,0,0,0,0,0,0,0,0,0,0,0,0,0,0,0,0,0,0,0,0,0,0,0,0,0,0,0,0,0,0,0,0,0,1,0,0,0,0,0,0,0,0,0,0,0,0,0,0
AF-P21554-F1-model_v4,ten_percent_graphs/graph_AF-P21554-F1-model_v4.pt,ten_percent_voxels/voxel_AF-P21554-F1-model_v4.pt,P21554,0,0,1,1,0,0,0,0,0,0,0,1,0,0,0,0,0,0,0,0,0,0,0,0,0,0,0,0,0,0,0,1,0,0,0,0,0,0,0,0,0,0,0,0,0,0,0,0,0,0,0,0,0,0,0,0,0,0,1,0,0,0,0,0,0,0,0,0,0,0,0,0,0,0,0,0,0,0,0,0,0,0,1,0,0,0,0,0,0,0,0,0,0,0,0,0,0,0,1,0
AF-Q6IEG3-F1-model_v4,ten_percent_graphs/graph_AF-Q6IEG3-F1-model_v4.pt,ten_percent_voxels/voxel_AF-Q6IEG3-F1-model_v4.pt,Q6IEG3,0,0,0,0,0,0,0,0,0,0,0,0,0,0,0,0,0,0,0,0,0,0,0,0,0,0,0,0,0,0,0,0,0,0,0,0,0,0,0,0,0,0,0,0,0,0,0,0,0,0,0,0,0,0,0,0,0,0,0,0,0,0,0,0,0,0,0,0,0,0,0,0,0,0,0,0,0,0,0,0,0,0,0,0,0,0,0,0,0,0,0,0,0,0,0,0,0,0,0,0
AF-Q9C0F1-F1-model_v4,ten_percent_graphs/graph_AF-Q9C0F1-F1-model_v4.pt,ten_percent_voxels/voxel_AF-Q9C0F1-F1-model_v4.pt,Q9C0F1,0,0,0,1,0,0,0,0,0,0,0,0,0,0,0,0,0,0,0,0,0,0,0,0,0,0,0,0,0,0,0,0,0,0,0,0,1,0,0,0,0,0,0,0,0,0,0,0,0,0,0,0,0,0,0,0,0,0,0,0,0,0,0,0,0,0,0,0,0,0,0,0,0,0,0,0,0,0,0,0,0,0,0,0,0,0,0,0,0,0,0,0,0,0,0,0,0,0,0,0
AF-Q674X7-F1-model_v4,ten_percent_graphs/graph_AF-Q674X7-F1-model_v4.pt,ten_percent_voxels/voxel_AF-Q674X7-F1-model_v4.pt,Q674X7,0,1,0,0,1,0,0,0,0,0,0,0,0,0,0,0,0,0,0,0,0,0,0,0,0,0,0,0,0,0,0,0,0,0,0,0,0,0,0,0,0,0,0,0,0,0,0,0,0,0,0,0,0,0,0,0,0,0,0,0,1,0,0,0,0,0,0,0,0,1,0,0,0,0,0,0,0,0,0,0,0,0,0,0,0,0,0,0,0,0,0,0,0,0,0,0,0,0,0,0
AF-H7C3F2-F1-model_v4,ten_percent_graphs/graph_AF-H7C3F2-F1-model_v4.pt,ten_percent_voxels/voxel_AF-H7C3F2-F1-model_v4.pt,H7C3F2,0,0,0,0,0,0,0,0,0,0,0,0,0,0,0,0,0,0,0,0,0,0,0,0,0,0,0,0,0,0,0,0,0,0,0,0,0,0,0,0,0,0,0,0,0,0,0,0,0,0,0,0,0,0,0,0,0,0,0,0,0,0,0,0,0,0,0,0,0,0,0,0,0,0,0,0,0,0,0,0,0,0,0,0,1,0,0,0,0,0,0,0,0,0,0,0,0,0,0,0
AF-Q8N4F7-F1-model_v4,ten_percent_graphs/graph_AF-Q8N4F7-F1-model_v4.pt,ten_percent_voxels/voxel_AF-Q8N4F7-F1-model_v4.pt,Q8N4F7,0,0,0,0,0,0,1,0,0,0,0,0,0,0,0,0,0,0,0,1,0,0,0,0,0,0,0,0,0,1,0,0,0,0,0,0,0,0,0,0,0,0,0,0,0,0,0,0,0,0,0,0,0,0,0,0,0,0,0,0,0,0,0,0,0,0,0,0,0,0,0,0,0,0,0,0,0,0,0,0,0,0,0,1,0,0,0,0,0,0,0,0,0,0,0,0,0,0,0,0
AF-P33778-F1-model_v4,ten_percent_graphs/graph_AF-P33778-F1-model_v4.pt,ten_percent_voxels/voxel_AF-P33778-F1-model_v4.pt,P33778,1,1,0,0,1,0,0,0,0,0,0,0,0,0,0,0,0,0,0,0,0,0,1,0,0,0,0,0,0,0,0,0,0,0,0,0,0,0,0,0,0,0,0,0,0,0,0,0,0,0,0,0,0,0,0,0,0,0,0,0,0,0,0,0,0,0,0,0,0,0,0,0,0,0,0,0,0,0,0,0,1,0,0,0,0,0,0,0,0,0,0,0,0,0,0,0,0,0,0,0
AF-P50607-F1-model_v4,ten_percent_graphs/graph_AF-P50607-F1-model_v4.pt,ten_percent_voxels/voxel_AF-P50607-F1-model_v4.pt,P50607,1,1,1,1,0,0,0,0,0,1,0,0,0,0,0,0,0,0,0,0,0,0,0,0,0,0,0,0,0,0,0,0,0,0,0,0,0,0,0,0,0,0,0,0,0,0,0,0,0,0,0,0,1,0,0,0,0,0,0,0,0,0,0,0,0,0,0,0,0,0,0,0,0,0,0,0,0,0,0,0,0,0,0,0,0,0,0,0,0,0,0,0,0,0,1,0,0,0,0,0
AF-Q9BS40-F1-model_v4,ten_percent_graphs/graph_AF-Q9BS40-F1-model_v4.pt,ten_percent_voxels/voxel_AF-Q9BS40-F1-model_v4.pt,Q9BS40,0,0,0,1,0,0,0,1,0,0,0,0,0,0,0,0,0,0,0,0,0,0,0,0,0,0,0,0,0,0,0,0,0,0,0,0,0,0,0,0,0,0,0,0,0,0,0,0,0,0,0,0,0,0,0,0,0,0,0,0,0,0,0,1,0,0,0,0,0,0,0,0,0,0,0,0,0,0,0,0,0,0,0,0,0,0,0,0,0,0,0,0,0,0,0,0,0,0,0,0
AF-Q6ZYL4-F1-model_v4,ten_percent_graphs/graph_AF-Q6ZYL4-F1-model_v4.pt,ten_percent_voxels/voxel_AF-Q6ZYL4-F1-model_v4.pt,Q6ZYL4,0,0,0,1,1,0,0,0,0,0,0,0,0,0,0,0,0,0,0,0,0,0,0,0,0,1,0,0,0,0,0,0,0,0,0,0,0,0,0,0,0,0,0,0,0,0,0,0,0,0,0,0,0,0,0,0,0,0,0,0,0,0,0,0,0,0,0,0,0,0,0,0,0,0,0,0,0,0,0,0,0,0,0,0,0,0,0,0,0,0,0,0,0,0,0,0,0,0,0,0
AF-O95006-F1-model_v4,ten_percent_graphs/graph_AF-O95006-F1-model_v4.pt,ten_percent_voxels/voxel_AF-O95006-F1-model_v4.pt,O95006,0,0,1,0,0,0,0,0,0,0,0,0,0,0,0,0,0,0,0,0,0,0,0,0,0,0,0,0,0,0,0,0,0,0,0,0,0,0,0,0,0,0,0,0,0,0,0,0,0,0,0,0,0,0,0,0,0,0,1,0,0,0,0,0,0,0,0,0,0,0,0,0,0,0,0,0,0,0,0,0,0,0,0,0,0,0,0,0,0,0,0,0,0,0,0,0,0,0,0,0
AF-O95521-F1-model_v4,ten_percent_graphs/graph_AF-O95521-F1-model_v4.pt,ten_percent_voxels/voxel_AF-O95521-F1-model_v4.pt,O95521,0,0,0,1,0,0,0,0,0,0,0,0,0,0,0,0,0,0,0,0,0,0,0,0,0,0,0,0,0,0,0,0,0,0,0,0,0,0,0,0,0,0,0,0,0,0,1,0,0,0,0,0,0,0,0,0,1,0,0,0,0,0,0,0,1,0,0,0,0,0,0,0,0,0,0,0,0,0,0,0,0,0,0,0,0,0,0,0,0,0,0,0,0,0,0,0,0,0,0,0
AF-O14972-F1-model_v4,ten_percent_graphs/graph_AF-O14972-F1-model_v4.pt,ten_percent_voxels/voxel_AF-O14972-F1-model_v4.pt,O14972,1,0,0,0,0,0,0,0,0,0,0,0,0,0,0,0,0,0,0,0,0,0,0,0,0,0,0,0,0,0,0,0,0,0,0,0,0,0,0,0,0,0,0,0,0,0,0,0,0,0,0,0,0,0,0,0,0,0,0,0,0,0,0,0,0,0,0,0,0,0,0,0,0,0,0,0,0,0,0,0,0,0,0,0,0,0,0,0,0,0,0,0,0,0,0,0,0,0,0,0
AF-F1T0I5-F1-model_v4,ten_percent_graphs/graph_AF-F1T0I5-F1-model_v4.pt,ten_percent_voxels/voxel_AF-F1T0I5-F1-model_v4.pt,F1T0I5,0,1,0,0,0,0,0,0,0,0,0,0,0,0,0,0,0,0,0,0,0,0,0,0,0,0,0,0,0,0,0,0,0,0,0,0,0,0,0,0,0,0,0,0,0,0,0,0,0,0,0,0,0,0,0,0,0,0,0,0,0,0,0,0,0,0,0,0,0,0,0,0,0,0,0,0,0,0,0,0,0,0,0,0,0,0,0,0,0,0,0,0,0,0,0,0,0,0,0,0
AF-Q96QH2-F1-model_v4,ten_percent_graphs/graph_AF-Q96QH2-F1-model_v4.pt,ten_percent_voxels/voxel_AF-Q96QH2-F1-model_v4.pt,Q96QH2,0,0,1,0,0,0,0,0,0,0,0,0,0,0,0,0,0,0,0,0,0,0,0,0,0,0,0,0,0,0,0,0,0,0,1,0,0,0,0,0,0,0,0,0,0,0,0,0,0,0,0,0,0,0,0,0,0,0,0,0,0,0,1,0,0,0,0,0,0,0,0,0,0,0,0,0,0,0,0,0,0,0,0,0,0,0,0,0,0,0,0,0,0,0,0,0,0,0,0,0
AF-C9JLJ4-F1-model_v4,ten_percent_graphs/graph_AF-C9JLJ4-F1-model_v4.pt,ten_percent_voxels/voxel_AF-C9JLJ4-F1-model_v4.pt,C9JLJ4,1,1,0,0,0,0,0,0,0,0,0,0,0,0,0,0,1,0,0,0,0,0,0,0,0,0,0,0,0,0,0,0,0,0,0,0,0,0,0,0,0,0,0,0,1,0,0,0,0,0,0,0,0,0,0,0,0,0,0,0,0,0,0,0,0,0,0,0,0,0,0,0,0,0,0,0,0,0,0,0,0,0,0,0,0,0,0,0,0,0,0,0,0,0,0,0,0,0,0,0
AF-Q04912-F1-model_v4,ten_percent_graphs/graph_AF-Q04912-F1-model_v4.pt,ten_percent_voxels/voxel_AF-Q04912-F1-model_v4.pt,Q04912,0,0,1,0,0,0,0,0,0,0,0,0,0,0,1,0,0,0,0,0,0,0,0,1,0,0,0,0,0,0,0,0,1,0,0,1,0,0,0,0,0,0,0,0,0,0,0,0,0,0,0,0,0,0,0,0,0,0,0,0,0,0,0,0,1,0,0,0,0,0,0,0,0,0,0,1,0,0,0,0,0,0,0,0,0,0,1,0,0,0,0,0,0,0,0,0,0,0,0,0
AF-P31512-F1-model_v4,ten_percent_graphs/graph_AF-P31512-F1-model_v4.pt,ten_percent_voxels/voxel_AF-P31512-F1-model_v4.pt,P31512,0,0,0,0,0,0,0,0,0,0,0,0,0,0,0,0,0,0,0,1,0,0,0,0,0,0,0,0,0,0,0,0,0,0,0,0,0,0,0,0,0,0,0,0,0,0,0,0,0,0,0,0,0,0,0,0,0,0,0,0,0,0,0,0,0,0,0,0,0,0,0,0,0,0,0,0,0,0,0,0,0,0,0,0,0,0,0,0,0,0,0,0,0,0,0,0,0,0,0,0
AF-Q9Y241-F1-model_v4,ten_percent_graphs/graph_AF-Q9Y241-F1-model_v4.pt,ten_percent_voxels/voxel_AF-Q9Y241-F1-model_v4.pt,Q9Y241,0,0,0,0,1,0,0,0,0,0,1,0,0,0,0,0,0,0,0,0,0,0,0,0,0,0,0,0,0,0,0,0,0,0,1,0,0,0,0,0,0,0,0,0,0,0,0,0,0,0,0,1,0,0,0,0,1,0,0,0,0,0,0,0,0,0,0,0,0,0,0,0,0,0,0,0,0,0,0,0,0,0,0,0,0,0,0,0,0,0,0,0,0,0,0,0,0,0,0,0
AF-Q9BWP8-F1-model_v4,ten_percent_graphs/graph_AF-Q9BWP8-F1-model_v4.pt,ten_percent_voxels/voxel_AF-Q9BWP8-F1-model_v4.pt,Q9BWP8,0,0,0,0,0,0,0,1,0,1,0,1,0,0,0,0,0,0,0,0,0,0,1,0,0,0,0,1,0,0,0,0,0,0,0,0,0,0,0,0,0,0,1,0,1,0,0,0,0,0,0,0,0,0,0,0,0,0,0,0,0,0,0,0,0,0,0,0,0,0,0,0,0,0,0,0,0,0,0,0,0,0,0,0,0,0,0,0,0,0,0,0,0,0,0,0,0,0,0,0
AF-Q9C0K7-F1-model_v4,ten_percent_graphs/graph_AF-Q9C0K7-F1-model_v4.pt,ten_percent_voxels/voxel_AF-Q9C0K7-F1-model_v4.pt,Q9C0K7,1,1,0,1,0,0,0,0,0,0,0,0,0,0,1,0,0,0,0,0,0,0,0,0,0,0,0,0,0,0,0,0,0,0,0,0,0,0,0,0,0,0,0,0,0,0,0,0,0,0,0,0,0,0,0,0,0,0,0,0,0,0,0,0,0,0,0,0,0,0,0,0,0,0,0,0,0,0,0,0,0,0,0,0,0,0,0,0,0,0,0,0,0,0,0,0,0,0,0,0
AF-P78396-F1-model_v4,ten_percent_graphs/graph_AF-P78396-F1-model_v4.pt,ten_percent_voxels/voxel_AF-P78396-F1-model_v4.pt,P78396,1,1,0,1,1,0,0,0,0,0,0,0,0,0,0,0,0,0,0,0,0,0,0,0,0,0,0,0,0,0,0,0,0,0,0,0,0,0,0,0,0,0,0,0,0,0,0,0,0,0,0,0,0,0,0,0,0,0,0,1,0,0,0,0,0,0,0,0,0,0,0,0,0,0,0,0,0,0,0,0,0,0,1,0,0,0,0,0,0,0,0,0,0,0,0,0,0,0,0,0
AF-Q9NXF8-F1-model_v4,ten_percent_graphs/graph_AF-Q9NXF8-F1-model_v4.pt,ten_percent_voxels/voxel_AF-Q9NXF8-F1-model_v4.pt,Q9NXF8,0,0,0,0,1,0,0,0,0,0,0,0,0,0,0,0,1,1,0,0,0,0,0,0,0,0,0,0,0,1,0,0,0,0,0,0,0,0,0,0,0,0,0,0,0,0,0,0,0,0,0,0,0,0,0,0,0,0,0,0,0,0,0,0,0,0,0,0,0,0,0,0,0,0,0,0,0,0,0,0,0,0,0,0,0,0,0,0,0,0,0,0,0,0,0,0,0,0,0,0
AF-Q8NG41-F1-model_v4,ten_percent_graphs/graph_AF-Q8NG41-F1-model_v4.pt,ten_percent_voxels/voxel_AF-Q8NG41-F1-model_v4.pt,Q8NG41,0,0,0,0,0,0,0,0,0,1,0,0,0,0,0,0,0,0,0,0,0,0,0,0,0,0,0,0,0,0,0,0,0,0,0,0,0,0,0,0,0,0,0,0,0,0,0,0,0,0,0,0,0,0,0,0,0,0,0,0,0,0,0,0,0,0,0,0,0,0,0,0,0,1,0,0,0,0,0,0,0,0,0,0,0,0,0,0,0,0,0,0,0,0,0,0,0,0,0,0
AF-O00411-F1-model_v4,ten_percent_graphs/graph_AF-O00411-F1-model_v4.pt,ten_percent_voxels/voxel_AF-O00411-F1-model_v4.pt,O00411,0,0,0,0,0,0,0,0,0,0,1,0,0,1,0,0,0,0,0,0,0,0,0,0,0,0,0,0,0,0,0,0,0,0,1,0,0,0,1,0,0,0,0,0,0,0,0,0,0,0,0,0,0,0,0,0,0,0,0,0,0,0,0,0,0,0,0,0,0,0,0,0,0,0,0,0,0,1,0,0,0,0,0,0,0,0,0,0,0,0,0,0,0,0,0,0,0,0,0,0
AF-A6NK53-F1-model_v4,ten_percent_graphs/graph_AF-A6NK53-F1-model_v4.pt,ten_percent_voxels/voxel_AF-A6NK53-F1-model_v4.pt,A6NK53,1,0,0,0,0,0,1,0,0,0,0,0,0,0,0,0,0,0,0,0,0,0,1,0,0,0,0,0,0,0,0,0,0,0,0,0,0,0,0,0,0,0,0,0,0,0,0,0,0,1,0,0,0,0,0,0,0,0,0,0,0,0,0,0,0,0,0,0,0,0,0,0,0,0,0,0,0,0,0,0,0,0,0,0,0,0,0,0,0,0,0,0,0,0,0,0,0,0,0,0
AF-P10144-F1-model_v4,ten_percent_graphs/graph_AF-P10144-F1-model_v4.pt,ten_percent_voxels/voxel_AF-P10144-F1-model_v4.pt,P10144,1,1,0,1,0,1,0,1,0,0,0,0,0,0,0,0,0,0,0,0,0,0,0,0,0,0,0,0,0,0,0,0,0,0,0,0,0,0,0,0,0,0,0,0,0,0,0,0,0,0,0,0,0,0,0,0,0,0,0,0,0,0,0,0,0,0,0,0,0,0,1,0,0,0,0,0,0,0,0,0,0,0,0,0,0,0,0,0,0,0,0,0,0,0,0,0,0,0,0,0
AF-Q12972-F1-model_v4,ten_percent_graphs/graph_AF-Q12972-F1-model_v4.pt,ten_percent_voxels/voxel_AF-Q12972-F1-model_v4.pt,Q12972,1,0,0,1,1,0,0,0,0,0,0,0,0,1,0,0,0,0,0,0,0,0,1,0,0,0,0,0,0,0,0,0,0,0,0,0,0,0,0,0,0,0,0,0,0,0,0,0,0,0,0,0,0,0,0,0,0,0,0,0,0,0,0,0,0,0,0,0,0,1,0,0,0,0,0,0,0,0,0,0,0,0,0,0,0,0,0,0,0,0,0,0,0,0,0,0,0,0,0,0
AF-P28358-F1-model_v4,ten_percent_graphs/graph_AF-P28358-F1-model_v4.pt,ten_percent_voxels/voxel_AF-P28358-F1-model_v4.pt,P28358,1,1,0,0,1,0,0,0,0,0,0,0,1,0,0,1,0,0,1,0,1,0,0,0,0,0,0,0,0,0,0,0,0,0,0,0,0,1,0,0,0,0,0,0,0,1,0,0,1,0,0,0,0,0,0,0,0,0,0,0,0,0,0,0,0,0,0,0,0,0,0,0,0,0,0,0,0,0,0,0,0,0,0,0,0,0,0,0,0,0,0,0,0,0,0,0,0,0,0,0
AF-P49750-F1-model_v4,ten_percent_graphs/graph_AF-P49750-F1-model_v4.pt,ten_percent_voxels/voxel_AF-P49750-F1-model_v4.pt,P49750,1,0,0,0,0,0,0,0,0,0,0,0,0,1,0,0,0,0,0,0,0,0,0,0,0,0,0,0,0,0,0,0,0,0,0,0,0,0,0,0,0,0,0,0,0,0,0,0,0,0,0,0,0,0,0,0,0,0,0,0,0,0,0,0,0,0,0,0,0,1,0,0,0,0,0,0,0,0,0,0,0,0,0,0,0,0,0,0,0,0,0,0,0,0,0,0,0,0,0,0
AF-Q8NB66-F1-model_v4,ten_percent_graphs/graph_AF-Q8NB66-F1-model_v4.pt,ten_percent_voxels/voxel_AF-Q8NB66-F1-model_v4.pt,Q8NB66,0,0,1,0,0,0,0,0,0,0,0,0,0,0,0,0,0,0,0,0,0,0,0,0,0,0,0,1,0,0,0,0,0,0,0,0,0,0,0,0,0,0,0,0,0,0,0,0,0,0,0,0,0,0,0,0,0,0,0,0,0,0,0,0,0,0,0,0,0,0,0,0,0,0,0,0,0,0,0,0,0,0,0,0,0,0,0,0,0,0,0,0,0,0,0,0,0,0,0,0
AF-L7RXH5-F1-model_v4,ten_percent_graphs/graph_AF-L7RXH5-F1-model_v4.pt,ten_percent_voxels/voxel_AF-L7RXH5-F1-model_v4.pt,L7RXH5,1,1,0,0,0,0,0,0,0,0,0,0,0,0,1,0,0,1,0,0,0,0,0,0,0,0,0,0,0,0,0,1,0,0,0,0,0,0,0,0,0,0,0,0,0,0,0,0,0,0,0,0,0,0,0,0,0,1,0,0,1,1,0,0,0,0,0,0,0,0,0,0,0,0,0,0,0,0,0,0,0,0,0,0,0,0,0,0,0,0,0,0,0,0,0,0,0,0,0,0
AF-P38606-F1-model_v4,ten_percent_graphs/graph_AF-P38606-F1-model_v4.pt,ten_percent_voxels/voxel_AF-P38606-F1-model_v4.pt,P38606,0,1,1,0,1,1,0,0,1,0,0,0,0,0,1,0,0,0,0,0,0,0,0,0,0,0,1,0,0,1,0,0,0,0,0,0,0,0,0,0,0,0,0,0,0,0,0,0,0,0,0,0,0,0,0,0,0,0,0,0,0,0,0,0,0,1,0,0,0,0,0,0,0,0,1,0,0,0,1,0,0,0,0,0,0,0,0,0,0,0,0,0,0,0,0,0,0,0,0,0
AF-Q7Z7B7-F1-model_v4,ten_percent_graphs/graph_AF-Q7Z7B7-F1-model_v4.pt,ten_percent_voxels/voxel_AF-Q7Z7B7-F1-model_v4.pt,Q7Z7B7,0,0,0,0,0,0,0,1,0,0,0,0,0,0,0,0,0,0,0,0,0,0,0,0,0,0,0,0,0,0,0,0,0,0,0,1,0,0,0,0,0,0,0,0,0,0,0,0,0,0,0,0,0,0,0,0,0,0,0,0,0,0,0,0,0,0,0,0,0,0,0,0,0,0,0,0,0,0,0,0,0,0,0,0,0,0,0,0,0,0,0,0,0,0,0,0,0,0,0,0
AF-A6NI56-F1-model_v4,ten_percent_graphs/graph_AF-A6NI56-F1-model_v4.pt,ten_percent_voxels/voxel_AF-A6NI56-F1-model_v4.pt,A6NI56,0,0,0,0,0,0,0,0,0,0,0,0,0,0,0,0,0,0,0,0,0,0,0,0,0,0,0,0,0,0,0,0,0,0,0,0,0,0,0,0,0,0,0,0,0,0,0,0,0,0,0,0,0,0,0,0,0,0,0,0,0,0,0,0,0,0,0,0,0,0,0,0,0,0,0,0,0,0,0,0,0,0,0,0,0,0,0,0,0,0,0,0,0,0,0,0,0,0,0,0
AF-Q96C57-F1-model_v4,ten_percent_graphs/graph_AF-Q96C57-F1-model_v4.pt,ten_percent_voxels/voxel_AF-Q96C57-F1-model_v4.pt,Q96C57,0,0,0,0,0,0,0,0,0,0,0,0,0,0,0,0,0,0,0,0,0,0,0,0,0,0,0,0,0,0,0,0,0,0,0,0,0,0,0,0,0,0,0,0,0,0,0,0,0,0,0,0,0,0,0,0,0,0,0,0,0,0,0,0,0,0,0,0,0,0,0,0,0,0,0,0,0,0,0,0,0,0,0,0,0,0,0,0,0,0,0,0,0,0,0,0,0,0,0,0
AF-Q9NPB3-F1-model_v4,ten_percent_graphs/graph_AF-Q9NPB3-F1-model_v4.pt,ten_percent_voxels/voxel_AF-Q9NPB3-F1-model_v4.pt,Q9NPB3,0,0,1,1,0,0,0,0,0,0,0,0,0,0,0,0,0,1,0,0,0,0,0,1,0,0,0,1,0,0,0,0,0,0,0,0,0,0,0,0,1,0,0,0,0,0,0,0,0,0,0,0,0,0,0,0,0,0,0,0,0,0,0,0,0,0,0,0,0,0,0,0,0,0,0,0,0,0,0,0,0,0,0,0,0,0,0,0,0,0,0,0,0,0,0,0,0,0,0,0
AF-Q5TA89-F1-model_v4,ten_percent_graphs/graph_AF-Q5TA89-F1-model_v4.pt,ten_percent_voxels/voxel_AF-Q5TA89-F1-model_v4.pt,Q5TA89,1,0,0,0,1,0,0,0,0,0,0,0,1,0,0,1,0,0,1,0,1,1,0,0,1,0,0,0,0,0,0,0,0,0,0,0,0,1,0,1,0,0,0,0,0,1,0,0,0,0,1,0,0,0,0,0,0,0,0,0,0,0,0,0,1,0,0,0,0,0,0,0,0,0,0,0,0,0,0,0,0,0,0,0,0,0,0,0,1,0,0,0,1,0,0,0,0,0,0,0
AF-Q71RS6-F1-model_v4,ten_percent_graphs/graph_AF-Q71RS6-F1-model_v4.pt,ten_percent_voxels/voxel_AF-Q71RS6-F1-model_v4.pt,Q71RS6,0,0,0,0,0,0,0,0,0,0,0,0,0,0,0,0,0,0,0,0,0,0,0,0,0,0,0,0,0,0,0,0,0,0,0,0,0,0,0,0,0,0,0,0,0,0,0,0,0,0,0,0,0,0,0,0,0,0,0,0,0,0,0,0,0,0,0,0,0,0,0,0,0,0,0,0,0,0,0,0,0,0,0,0,0,0,0,0,0,0,0,0,0,0,0,0,0,0,0,0
AF-P00338-F1-model_v4,ten_percent_graphs/graph_AF-P00338-F1-model_v4.pt,ten_percent_voxels/voxel_AF-P00338-F1-model_v4.pt,P00338,1,1,0,0,0,1,0,0,1,0,1,1,0,0,0,0,0,0,0,0,0,0,0,0,0,0,0,0,0,0,0,0,0,0,0,0,0,0,0,0,0,0,0,0,0,0,0,0,0,0,0,0,0,0,0,0,0,0,0,0,0,0,0,0,0,0,0,0,0,0,0,0,0,0,0,0,0,0,0,0,0,0,0,0,0,1,0,0,0,0,0,0,0,0,0,0,0,0,0,0
AF-Q5VTL7-F1-model_v4,ten_percent_graphs/graph_AF-Q5VTL7-F1-model_v4.pt,ten_percent_voxels/voxel_AF-Q5VTL7-F1-model_v4.pt,Q5VTL7,0,0,0,0,0,0,0,0,0,1,0,0,0,0,0,0,0,0,0,0,0,0,0,0,0,0,0,0,0,0,0,0,0,0,0,0,0,0,0,0,0,0,0,0,0,0,0,0,0,0,0,0,0,0,0,0,0,0,0,0,0,0,0,0,0,0,0,0,0,0,0,0,0,0,0,0,0,0,0,0,0,0,0,0,0,0,0,0,0,0,0,0,0,0,0,0,0,0,0,0
AF-P23219-F1-model_v4,ten_percent_graphs/graph_AF-P23219-F1-model_v4.pt,ten_percent_voxels/voxel_AF-P23219-F1-model_v4.pt,P23219,0,0,0,1,0,0,1,0,1,0,0,0,0,0,0,0,0,1,0,1,0,0,0,0,0,0,1,0,0,0,0,0,0,0,0,0,0,0,0,0,0,0,0,0,0,0,0,0,0,0,0,0,0,0,0,0,0,0,0,0,0,0,0,0,0,0,0,0,0,0,0,0,0,0,0,0,1,0,0,0,0,0,0,0,0,0,0,0,0,0,0,0,0,0,0,0,0,0,0,0
AF-P42336-F1-model_v4,ten_percent_graphs/graph_AF-P42336-F1-model_v4.pt,ten_percent_voxels/voxel_AF-P42336-F1-model_v4.pt,P42336,0,1,1,1,0,0,0,0,0,0,0,0,0,0,1,0,0,0,0,0,0,0,0,0,0,0,0,0,0,0,0,0,0,0,0,0,0,0,0,0,1,0,0,0,0,0,0,0,0,0,0,0,0,0,0,0,0,0,0,0,0,0,0,0,0,0,0,0,0,0,0,0,0,0,0,0,0,0,0,0,0,0,0,0,0,0,0,0,0,0,0,0,0,0,0,0,0,1,0,0
AF-P33260-F1-model_v4,ten_percent_graphs/graph_AF-P33260-F1-model_v4.pt,ten_percent_voxels/voxel_AF-P33260-F1-model_v4.pt,P33260,0,0,1,1,0,0,0,0,0,0,0,0,0,0,0,0,0,0,0,1,0,0,0,0,0,0,1,0,0,0,0,0,0,0,0,0,0,0,0,0,0,0,0,0,0,0,0,0,0,0,0,0,0,0,0,0,0,0,0,0,0,0,0,0,0,0,0,0,0,0,0,0,0,0,0,0,0,0,0,0,0,0,0,0,0,0,0,0,0,0,0,0,0,0,0,0,0,0,0,0
AF-Q765I0-F1-model_v4,ten_percent_graphs/graph_AF-Q765I0-F1-model_v4.pt,ten_percent_voxels/voxel_AF-Q765I0-F1-model_v4.pt,Q765I0,0,0,0,0,0,0,0,0,0,1,0,0,0,0,0,0,0,0,0,0,0,0,0,0,0,0,0,0,0,0,0,0,0,0,0,0,0,0,0,0,0,0,0,0,0,0,0,0,0,0,0,0,0,0,0,0,0,0,0,0,0,0,0,0,0,0,0,0,0,0,0,0,0,0,0,0,0,0,0,0,0,0,0,0,0,0,0,0,0,0,0,0,0,0,0,0,0,0,0,0
AF-Q86VM9-F1-model_v4,ten_percent_graphs/graph_AF-Q86VM9-F1-model_v4.pt,ten_percent_voxels/voxel_AF-Q86VM9-F1-model_v4.pt,Q86VM9,0,0,0,0,0,0,1,0,0,0,0,0,0,1,0,0,0,0,0,0,0,0,0,0,0,0,0,0,0,0,0,0,0,0,1,0,0,0,0,0,0,0,0,0,0,0,0,0,0,0,0,0,0,0,0,0,0,0,0,0,0,0,0,0,0,0,0,0,0,1,0,0,0,0,0,0,0,0,0,0,0,0,0,0,0,0,0,0,0,0,0,0,0,0,0,0,1,0,0,0
AF-Q8WXK3-F1-model_v4,ten_percent_graphs/graph_AF-Q8WXK3-F1-model_v4.pt,ten_percent_voxels/voxel_AF-Q8WXK3-F1-model_v4.pt,Q8WXK3,0,1,0,0,0,0,0,0,0,0,0,0,0,0,0,0,0,0,0,0,0,0,0,0,0,0,0,0,0,0,0,0,0,0,0,0,0,0,0,0,0,0,0,0,0,0,0,1,0,0,0,0,0,0,0,0,0,0,0,0,0,0,0,0,0,0,0,0,1,0,0,0,0,0,0,0,0,0,0,0,0,0,0,0,0,0,0,0,0,0,0,0,0,0,0,0,0,0,0,0
AF-Q6ZWE6-F1-model_v4,ten_percent_graphs/graph_AF-Q6ZWE6-F1-model_v4.pt,ten_percent_voxels/voxel_AF-Q6ZWE6-F1-model_v4.pt,Q6ZWE6,0,0,1,1,0,0,1,0,0,0,0,0,0,0,0,0,0,1,0,0,0,0,0,0,0,0,0,0,0,0,0,0,0,0,0,0,0,0,0,0,0,0,0,0,0,0,0,0,0,0,0,0,0,0,0,0,0,0,0,0,0,0,0,0,0,0,0,0,0,0,0,0,0,0,0,0,0,0,0,0,0,0,0,0,0,0,0,0,0,0,0,0,0,0,0,0,0,0,0,0
AF-P12872-F1-model_v4,ten_percent_graphs/graph_AF-P12872-F1-model_v4.pt,ten_percent_voxels/voxel_AF-P12872-F1-model_v4.pt,P12872,0,0,0,0,0,0,0,0,0,1,0,0,0,0,0,0,0,0,0,0,0,0,0,0,0,0,0,0,0,0,0,0,0,0,0,0,0,0,0,0,0,0,0,0,0,0,0,0,0,0,0,0,0,0,0,0,0,0,0,0,0,0,0,0,0,0,0,0,0,0,0,0,0,0,0,0,0,0,0,0,0,0,0,0,0,0,0,0,0,0,0,0,0,0,0,0,0,0,0,0
AF-P04792-F1-model_v4,ten_percent_graphs/graph_AF-P04792-F1-model_v4.pt,ten_percent_voxels/voxel_AF-P04792-F1-model_v4.pt,P04792,1,1,0,1,0,0,0,1,1,0,0,1,0,1,0,0,0,0,0,0,0,0,0,0,0,0,0,0,1,0,0,0,0,0,0,0,0,0,0,0,0,0,0,0,0,0,0,0,0,0,0,0,0,0,0,0,1,1,0,0,1,0,1,0,0,0,0,0,1,0,0,0,0,0,0,0,0,0,0,0,0,0,0,0,0,0,0,0,0,0,0,0,0,0,0,0,0,0,0,0
AF-P25963-F1-model_v4,ten_percent_graphs/graph_AF-P25963-F1-model_v4.pt,ten_percent_voxels/voxel_AF-P25963-F1-model_v4.pt,P25963,1,1,1,1,1,0,0,0,0,0,0,1,0,0,0,0,0,0,0,0,0,1,0,0,0,0,0,0,0,0,0,0,0,0,0,0,0,0,0,0,0,0,0,0,0,0,0,0,0,0,0,0,0,0,0,0,0,0,0,0,0,0,0,0,0,0,0,0,0,0,0,0,0,0,0,0,0,0,0,0,0,0,0,0,0,0,1,0,0,0,0,0,0,0,0,0,0,0,0,0
AF-P35354-F1-model_v4,ten_percent_graphs/graph_AF-P35354-F1-model_v4.pt,ten_percent_voxels/voxel_AF-P35354-F1-model_v4.pt,P35354,0,0,0,1,0,0,1,0,0,0,0,0,0,0,0,0,1,0,0,1,0,0,0,0,0,0,0,0,1,0,0,0,0,0,1,0,0,0,0,0,0,0,0,0,0,0,0,0,0,0,0,0,0,0,0,1,0,0,0,0,0,0,0,0,0,0,0,0,0,0,0,0,0,0,0,0,1,0,0,0,0,0,0,0,0,0,1,0,0,0,0,0,0,0,0,0,0,0,1,0
AF-B4DHI3-F1-model_v4,ten_percent_graphs/graph_AF-B4DHI3-F1-model_v4.pt,ten_percent_voxels/voxel_AF-B4DHI3-F1-model_v4.pt,B4DHI3,0,0,1,0,0,0,0,0,0,0,0,0,0,0,0,0,0,0,0,0,0,0,0,0,0,0,0,0,0,0,0,0,0,0,0,0,0,0,0,0,0,0,0,0,0,0,0,0,0,0,1,0,0,0,0,0,0,0,0,0,0,0,0,0,0,0,0,0,0,0,0,0,0,0,0,0,0,0,0,0,0,0,0,0,0,0,0,0,0,0,0,0,0,0,0,0,0,0,0,0
AF-P81408-F1-model_v4,ten_percent_graphs/graph_AF-P81408-F1-model_v4.pt,ten_percent_voxels/voxel_AF-P81408-F1-model_v4.pt,P81408,0,0,0,0,0,1,0,0,0,0,0,0,0,0,0,0,0,0,0,0,0,0,0,0,0,0,0,0,0,0,0,0,0,0,0,0,0,0,0,0,0,0,0,0,0,0,0,0,0,0,0,0,0,0,0,0,0,0,0,0,0,0,0,0,0,0,0,0,0,0,0,0,0,0,0,0,0,0,0,0,0,0,0,0,0,0,0,0,0,0,0,0,0,0,0,0,0,0,0,0
AF-Q9UL40-F1-model_v4,ten_percent_graphs/graph_AF-Q9UL40-F1-model_v4.pt,ten_percent_voxels/voxel_AF-Q9UL40-F1-model_v4.pt,Q9UL40,1,0,0,1,1,0,0,0,0,0,0,0,0,1,0,0,0,0,0,0,0,0,0,0,0,1,0,0,0,0,1,0,0,0,0,0,0,0,0,0,0,0,0,0,0,0,0,0,0,0,0,0,0,0,0,0,0,0,0,0,0,0,0,0,0,0,0,0,0,0,0,0,0,0,0,0,0,0,0,0,0,0,0,0,0,0,1,0,0,0,0,0,0,0,0,0,0,0,0,0
AF-P50895-F1-model_v4,ten_percent_graphs/graph_AF-P50895-F1-model_v4.pt,ten_percent_voxels/voxel_AF-P50895-F1-model_v4.pt,P50895,0,0,1,0,0,0,0,0,1,1,0,0,0,0,0,0,0,0,0,0,0,0,0,1,0,0,0,0,0,0,0,0,0,0,0,0,0,0,0,0,0,0,1,0,0,0,0,0,0,0,1,0,0,0,0,0,0,0,0,0,0,0,0,0,0,0,0,0,0,0,0,0,0,0,0,0,0,0,0,0,0,0,0,0,0,0,0,0,0,0,0,0,0,0,0,0,0,0,0,0
AF-Q6ZRI8-F1-model_v4,ten_percent_graphs/graph_AF-Q6ZRI8-F1-model_v4.pt,ten_percent_voxels/voxel_AF-Q6ZRI8-F1-model_v4.pt,Q6ZRI8,0,0,0,0,0,0,0,0,0,0,0,0,0,0,0,0,0,0,0,0,0,0,0,1,0,0,0,0,0,0,0,0,0,0,0,0,0,0,0,0,0,0,0,0,0,0,0,0,0,0,0,0,0,0,0,0,0,0,0,0,0,0,0,0,0,0,0,0,0,0,0,0,0,0,0,0,0,0,0,0,0,0,0,0,0,0,0,0,0,1,0,0,0,0,0,0,0,0,0,0
AF-O14709-F1-model_v4,ten_percent_graphs/graph_AF-O14709-F1-model_v4.pt,ten_percent_voxels/voxel_AF-O14709-F1-model_v4.pt,O14709,1,0,0,0,0,0,1,0,0,0,0,0,1,0,0,0,0,0,0,0,1,0,0,0,0,0,0,0,0,0,0,0,0,0,0,0,0,0,0,0,0,0,0,0,0,0,0,0,1,0,0,0,0,0,0,0,0,0,0,0,0,0,0,0,0,0,0,0,0,0,0,0,0,0,0,0,0,0,0,0,0,0,0,0,0,0,0,0,0,0,0,0,0,0,0,0,0,0,0,0
AF-Q9BQP7-F1-model_v4,ten_percent_graphs/graph_AF-Q9BQP7-F1-model_v4.pt,ten_percent_voxels/voxel_AF-Q9BQP7-F1-model_v4.pt,Q9BQP7,0,0,0,0,0,0,0,0,0,0,1,0,0,0,0,0,0,0,0,0,0,0,0,0,0,0,0,0,0,0,0,0,0,0,0,0,0,0,0,0,0,0,0,0,0,0,0,0,0,0,0,0,0,0,0,0,0,0,0,0,0,0,0,0,0,0,0,0,0,0,0,0,0,0,0,0,0,0,0,0,0,0,0,0,0,0,0,0,0,0,0,0,0,0,0,0,0,0,0,0
AF-Q9H0C2-F1-model_v4,ten_percent_graphs/graph_AF-Q9H0C2-F1-model_v4.pt,ten_percent_voxels/voxel_AF-Q9H0C2-F1-model_v4.pt,Q9H0C2,1,0,1,0,0,1,0,0,0,0,1,0,0,0,0,0,0,0,0,0,0,0,0,0,0,0,0,0,0,0,0,0,0,1,0,0,0,0,0,0,0,0,0,0,0,0,0,0,0,0,0,1,0,0,0,0,0,0,0,0,0,0,0,0,0,0,0,0,0,0,0,0,0,0,0,0,0,0,0,0,0,0,1,0,0,0,0,0,0,0,0,0,0,0,0,0,0,0,0,0
AF-Q69YH5-F1-model_v4,ten_percent_graphs/graph_AF-Q69YH5-F1-model_v4.pt,ten_percent_voxels/voxel_AF-Q69YH5-F1-model_v4.pt,Q69YH5,1,1,0,0,1,0,0,0,0,0,0,0,0,0,0,0,0,0,0,0,0,0,0,0,0,0,0,0,0,0,0,0,0,0,0,0,0,0,0,0,0,0,0,0,0,0,0,0,0,0,0,0,0,0,0,0,0,0,0,1,0,0,0,0,0,0,0,0,0,0,0,0,0,0,0,0,0,0,0,0,0,0,0,0,0,0,0,0,0,0,0,0,0,0,0,0,0,0,0,0
AF-O75626-F1-model_v4,ten_percent_graphs/graph_AF-O75626-F1-model_v4.pt,ten_percent_voxels/voxel_AF-O75626-F1-model_v4.pt,O75626,1,0,0,1,1,0,1,0,0,0,0,0,1,0,0,0,0,0,0,0,1,0,0,0,1,1,0,0,0,0,0,0,0,0,0,1,0,1,0,0,0,0,0,0,0,0,0,0,0,1,0,0,0,0,0,0,0,0,0,0,0,0,0,0,0,0,0,0,0,0,0,0,0,0,0,0,0,0,0,0,0,1,0,0,0,0,0,0,0,0,0,0,1,0,0,0,0,1,0,0
AF-Q3LI62-F1-model_v4,ten_percent_graphs/graph_AF-Q3LI62-F1-model_v4.pt,ten_percent_voxels/voxel_AF-Q3LI62-F1-model_v4.pt,Q3LI62,0,0,0,0,0,0,0,0,0,0,0,0,0,0,0,0,0,0,0,0,0,0,0,0,0,0,0,0,0,0,0,0,0,0,0,0,0,0,0,0,0,0,0,0,0,0,0,0,0,0,0,0,0,0,0,0,0,0,0,0,0,0,0,0,0,0,0,0,0,0,0,0,0,0,0,0,0,0,0,0,0,0,0,0,0,0,0,0,0,0,0,0,0,0,0,0,0,0,0,0
AF-O95433-F1-model_v4,ten_percent_graphs/graph_AF-O95433-F1-model_v4.pt,ten_percent_voxels/voxel_AF-O95433-F1-model_v4.pt,O95433,0,1,0,0,0,0,0,0,1,0,0,0,0,0,0,0,1,0,0,0,0,0,0,0,0,0,0,0,0,0,0,0,0,0,0,0,0,0,0,0,0,0,0,0,0,0,0,0,0,0,0,0,0,0,0,0,0,0,0,0,0,0,0,0,0,0,0,0,0,0,0,0,0,0,0,0,0,0,0,0,0,0,0,0,0,1,0,0,0,0,0,0,0,0,0,0,0,0,0,0
AF-Q7L2H7-F1-model_v4,ten_percent_graphs/graph_AF-Q7L2H7-F1-model_v4.pt,ten_percent_voxels/voxel_AF-Q7L2H7-F1-model_v4.pt,Q7L2H7,0,1,0,0,0,0,0,0,0,0,0,0,0,0,0,0,0,0,0,0,0,0,0,0,0,0,0,0,0,0,0,0,0,0,0,0,0,0,0,0,0,0,0,0,0,0,0,0,0,0,0,0,0,0,0,0,0,0,0,0,0,0,0,0,0,0,0,0,0,0,0,0,0,0,0,0,0,0,0,0,0,0,0,0,0,0,0,0,0,0,0,0,0,0,0,0,0,0,0,0
AF-Q9UBY0-F1-model_v4,ten_percent_graphs/graph_AF-Q9UBY0-F1-model_v4.pt,ten_percent_voxels/voxel_AF-Q9UBY0-F1-model_v4.pt,Q9UBY0,0,0,1,0,0,1,0,0,0,0,0,0,0,0,0,0,0,0,0,0,0,0,0,0,0,0,0,0,0,0,0,0,0,0,0,0,0,0,0,0,0,0,0,0,0,0,0,0,0,0,0,0,0,0,0,0,0,0,0,0,0,0,0,0,0,1,0,0,0,0,0,0,0,0,0,0,0,0,0,0,0,0,0,0,0,0,0,0,0,0,0,0,0,0,0,0,0,0,0,0
AF-Q5JU00-F1-model_v4,ten_percent_graphs/graph_AF-Q5JU00-F1-model_v4.pt,ten_percent_voxels/voxel_AF-Q5JU00-F1-model_v4.pt,Q5JU00,0,0,0,1,0,0,0,0,0,0,0,0,0,0,0,0,0,0,0,0,0,0,0,0,0,0,0,0,0,0,0,0,0,0,0,0,0,0,0,0,0,0,0,0,0,0,0,0,0,0,0,0,0,0,0,0,0,0,0,0,1,0,0,0,0,0,0,0,0,0,0,0,0,0,0,0,0,0,0,0,0,0,0,0,0,0,0,0,0,0,0,0,0,0,0,0,0,0,0,0
AF-Q9BU70-F1-model_v4,ten_percent_graphs/graph_AF-Q9BU70-F1-model_v4.pt,ten_percent_voxels/voxel_AF-Q9BU70-F1-model_v4.pt,Q9BU70,0,0,0,0,0,0,0,0,0,0,0,0,0,0,0,0,0,0,0,0,0,0,0,0,0,0,0,0,0,0,0,0,0,0,0,0,0,0,0,0,0,0,0,0,0,0,0,0,0,0,0,0,0,0,0,0,0,0,0,0,0,0,0,0,0,0,0,0,0,0,0,0,0,0,0,0,0,0,0,0,0,0,0,0,0,0,0,0,0,0,0,0,0,0,0,0,0,0,0,0
AF-P23416-F1-model_v4,ten_percent_graphs/graph_AF-P23416-F1-model_v4.pt,ten_percent_voxels/voxel_AF-P23416-F1-model_v4.pt,P23416,0,0,1,0,0,0,1,0,0,0,0,0,0,0,0,0,0,0,0,0,0,0,0,0,0,0,1,0,0,0,0,0,0,0,0,0,0,0,0,0,0,0,0,0,0,0,0,0,0,0,0,0,0,0,0,0,0,0,0,0,0,0,0,0,0,0,0,0,0,0,0,0,1,0,0,0,1,0,0,0,0,0,0,0,0,0,0,0,0,0,0,0,0,0,0,0,0,0,0,0
AF-A1LT29-F1-model_v4,ten_percent_graphs/graph_AF-A1LT29-F1-model_v4.pt,ten_percent_voxels/voxel_AF-A1LT29-F1-model_v4.pt,A1LT29,0,0,0,0,0,0,0,0,0,0,0,0,0,0,0,0,0,0,0,0,0,0,0,0,0,0,0,0,0,0,0,0,0,0,0,0,0,0,0,0,0,0,0,0,0,0,0,0,0,0,0,0,0,0,0,0,0,0,0,0,0,0,0,0,0,0,0,0,0,0,0,0,0,0,0,0,0,0,0,0,0,0,0,0,0,0,0,0,0,0,0,0,0,0,0,0,0,0,0,0
AF-Q04756-F1-model_v4,ten_percent_graphs/graph_AF-Q04756-F1-model_v4.pt,ten_percent_voxels/voxel_AF-Q04756-F1-model_v4.pt,Q04756,0,1,0,0,0,0,0,1,0,1,0,0,0,0,0,0,0,0,0,0,0,0,0,0,0,0,0,0,0,0,0,0,0,0,0,0,0,0,0,0,0,0,0,0,1,0,0,0,0,0,0,0,0,0,0,0,0,0,0,0,0,0,0,0,0,0,0,0,0,0,0,0,0,0,0,0,0,0,0,0,0,0,0,0,0,0,0,0,0,0,0,0,0,0,0,0,0,0,0,0
AF-Q9BZ19-F1-model_v4,ten_percent_graphs/graph_AF-Q9BZ19-F1-model_v4.pt,ten_percent_voxels/voxel_AF-Q9BZ19-F1-model_v4.pt,Q9BZ19,0,0,0,0,0,0,0,0,0,0,0,0,0,0,0,0,0,0,0,0,0,0,0,0,0,0,0,0,0,0,0,0,0,0,0,0,0,0,0,0,0,0,0,0,0,0,0,0,0,0,0,0,0,0,0,0,0,0,0,0,0,0,0,0,0,0,0,0,0,0,0,0,0,0,0,0,0,0,0,0,0,0,0,0,0,0,0,0,0,0,0,0,0,0,0,0,0,0,0,0
AF-P16070-F1-model_v4,ten_percent_graphs/graph_AF-P16070-F1-model_v4.pt,ten_percent_voxels/voxel_AF-P16070-F1-model_v4.pt,P16070,0,1,1,0,0,0,0,0,1,0,0,0,0,0,0,0,0,1,0,0,0,0,0,0,0,0,0,0,0,0,0,0,1,0,0,0,0,0,0,0,0,0,0,0,0,0,0,0,0,0,1,0,0,0,0,0,1,1,0,0,0,0,0,1,0,1,0,0,0,0,0,0,0,0,0,0,0,0,0,0,0,0,0,0,0,0,0,0,0,0,0,0,0,0,0,0,0,0,0,1
AF-Q9Y385-F1-model_v4,ten_percent_graphs/graph_AF-Q9Y385-F1-model_v4.pt,ten_percent_voxels/voxel_AF-Q9Y385-F1-model_v4.pt,Q9Y385,1,0,0,0,0,0,0,0,0,0,0,0,0,0,1,0,0,0,0,1,0,0,0,0,0,0,0,0,0,0,0,0,0,0,0,0,0,0,0,0,0,0,0,0,0,0,0,0,0,0,0,0,0,0,0,0,0,0,0,0,0,0,0,0,0,0,0,0,0,0,0,0,0,0,0,0,0,0,0,0,0,0,0,0,0,0,0,0,0,0,0,0,0,0,0,0,0,0,0,0
AF-P49914-F1-model_v4,ten_percent_graphs/graph_AF-P49914-F1-model_v4.pt,ten_percent_voxels/voxel_AF-P49914-F1-model_v4.pt,P49914,0,1,0,1,0,0,1,0,0,0,1,0,0,0,1,0,0,0,0,0,0,0,0,0,0,0,0,0,0,0,0,0,0,0,0,0,0,0,1,0,0,0,0,0,0,0,0,0,0,0,0,0,0,0,0,0,0,0,0,0,0,0,0,0,0,0,0,0,0,0,0,0,0,0,0,0,0,0,0,0,0,0,0,0,0,0,0,0,0,0,0,0,0,0,0,0,0,0,0,0
AF-Q96PD6-F1-model_v4,ten_percent_graphs/graph_AF-Q96PD6-F1-model_v4.pt,ten_percent_voxels/voxel_AF-Q96PD6-F1-model_v4.pt,Q96PD6,0,0,0,0,0,0,0,0,0,0,0,0,0,0,0,0,0,0,0,1,0,0,0,0,0,0,0,0,0,0,0,0,0,0,0,0,0,0,0,0,0,0,0,0,0,0,0,0,0,0,0,0,0,0,0,0,0,0,0,0,0,0,0,0,0,0,0,0,0,0,0,0,0,0,0,0,0,0,0,0,0,0,0,0,0,0,0,0,0,0,0,0,0,0,0,0,0,0,0,0
AF-Q6PID6-F1-model_v4,ten_percent_graphs/graph_AF-Q6PID6-F1-model_v4.pt,ten_percent_voxels/voxel_AF-Q6PID6-F1-model_v4.pt,Q6PID6,0,0,0,0,0,0,0,0,0,0,0,0,0,0,0,0,0,0,0,0,0,0,0,0,0,0,0,0,0,0,0,0,0,0,0,0,0,0,0,0,0,0,0,0,0,0,0,0,0,0,0,0,0,0,0,0,0,0,0,0,0,0,0,0,0,0,0,0,0,0,0,0,0,0,0,0,0,0,0,0,0,0,0,0,0,0,0,0,0,0,0,0,0,0,0,0,0,0,0,0
AF-Q8N7G0-F1-model_v4,ten_percent_graphs/graph_AF-Q8N7G0-F1-model_v4.pt,ten_percent_voxels/voxel_AF-Q8N7G0-F1-model_v4.pt,Q8N7G0,1,0,0,0,0,0,0,0,0,0,0,0,1,0,0,1,0,0,1,0,1,0,0,0,0,0,0,0,0,0,0,0,0,0,0,0,0,0,0,0,0,0,0,0,0,0,0,0,0,0,0,0,0,0,0,0,0,0,0,0,0,0,0,0,0,0,0,0,0,0,0,0,0,0,0,0,0,0,0,0,0,0,0,0,0,0,0,0,0,0,0,0,0,0,0,0,0,0,0,0
AF-D6RGX4-F1-model_v4,ten_percent_graphs/graph_AF-D6RGX4-F1-model_v4.pt,ten_percent_voxels/voxel_AF-D6RGX4-F1-model_v4.pt,D6RGX4,0,0,0,0,0,0,0,0,0,0,0,0,0,0,0,0,0,0,0,0,0,0,0,0,0,0,0,0,0,0,0,0,0,0,0,0,0,0,0,0,0,0,0,0,0,0,0,0,0,0,0,0,0,0,0,0,0,0,0,0,0,0,0,0,0,0,0,0,0,0,0,0,0,0,0,0,0,0,0,0,0,0,0,0,0,0,0,0,0,0,0,0,0,0,0,0,0,0,0,0
AF-Q7Z3Z0-F1-model_v4,ten_percent_graphs/graph_AF-Q7Z3Z0-F1-model_v4.pt,ten_percent_voxels/voxel_AF-Q7Z3Z0-F1-model_v4.pt,Q7Z3Z0,0,1,0,0,0,0,0,0,1,0,0,0,0,0,0,0,0,0,0,0,0,0,0,0,0,0,0,0,0,0,0,0,0,0,0,0,0,0,0,0,0,0,0,0,0,0,0,0,0,0,0,0,0,0,0,0,0,0,0,0,1,0,0,0,0,0,0,0,0,0,0,0,0,0,0,0,0,0,0,0,1,0,0,0,0,0,0,0,0,0,0,0,0,0,0,0,0,0,0,0
AF-Q92539-F1-model_v4,ten_percent_graphs/graph_AF-Q92539-F1-model_v4.pt,ten_percent_voxels/voxel_AF-Q92539-F1-model_v4.pt,Q92539,1,1,0,0,0,0,0,0,0,0,0,0,0,0,0,0,0,0,0,1,0,1,0,0,0,0,0,0,0,0,0,0,0,0,0,0,0,0,0,0,0,0,0,0,0,0,0,0,0,0,0,0,0,0,0,0,0,0,0,0,0,0,0,0,0,0,0,0,0,0,0,0,0,0,0,0,0,0,0,0,0,0,0,0,0,0,0,0,0,0,0,0,0,0,0,0,0,0,0,0
AF-Q8NBI6-F1-model_v4,ten_percent_graphs/graph_AF-Q8NBI6-F1-model_v4.pt,ten_percent_voxels/voxel_AF-Q8NBI6-F1-model_v4.pt,Q8NBI6,0,0,0,0,0,0,0,0,0,0,0,0,0,0,0,0,0,0,0,1,0,0,0,0,0,0,0,0,0,0,0,0,0,0,0,0,0,0,0,0,0,0,0,0,0,0,0,0,0,0,0,0,0,0,0,0,0,0,0,0,0,0,0,0,0,0,0,0,0,0,0,0,0,0,0,0,0,0,0,0,0,0,0,0,0,0,0,0,0,0,0,0,0,0,0,0,0,0,0,0
AF-Q9Y2E8-F1-model_v4,ten_percent_graphs/graph_AF-Q9Y2E8-F1-model_v4.pt,ten_percent_voxels/voxel_AF-Q9Y2E8-F1-model_v4.pt,Q9Y2E8,0,0,0,0,0,0,0,0,0,0,0,0,0,0,0,0,0,0,0,0,0,0,0,0,0,0,0,0,0,1,0,0,0,0,0,0,0,0,0,0,0,0,0,0,0,0,0,0,0,0,0,0,0,0,0,0,0,0,0,0,0,0,0,0,0,1,0,0,0,0,0,0,0,0,0,0,0,0,0,0,0,0,0,0,0,0,0,0,0,0,0,0,0,0,0,0,0,0,0,0
AF-Q712K3-F1-model_v4,ten_percent_graphs/graph_AF-Q712K3-F1-model_v4.pt,ten_percent_voxels/voxel_AF-Q712K3-F1-model_v4.pt,Q712K3,0,1,0,0,0,0,0,0,0,0,0,0,0,0,1,0,0,0,0,0,0,0,0,0,0,0,0,0,0,0,0,0,0,0,0,0,0,0,0,0,0,0,0,0,0,0,0,0,0,0,0,0,0,0,0,0,0,0,0,0,0,0,0,0,0,0,0,0,0,0,0,0,0,0,0,0,0,0,0,0,0,0,0,0,0,0,0,0,0,0,0,0,0,0,0,0,0,0,0,0
AF-Q9H0U6-F1-model_v4,ten_percent_graphs/graph_AF-Q9H0U6-F1-model_v4.pt,ten_percent_voxels/voxel_AF-Q9H0U6-F1-model_v4.pt,Q9H0U6,0,0,0,0,0,0,0,1,0,0,1,0,0,0,0,0,0,0,0,0,0,0,0,0,0,0,0,0,0,0,0,0,0,0,0,0,0,0,0,0,0,0,0,0,0,0,0,0,0,0,0,1,0,0,0,0,0,0,0,0,0,0,0,0,0,0,0,0,0,0,0,0,0,0,0,0,0,0,0,0,0,0,0,0,0,0,0,0,0,0,0,0,0,0,0,0,0,0,0,0
AF-P22004-F1-model_v4,ten_percent_graphs/graph_AF-P22004-F1-model_v4.pt,ten_percent_voxels/voxel_AF-P22004-F1-model_v4.pt,P22004,0,0,0,0,0,0,0,1,0,0,0,0,0,0,0,0,0,0,0,0,0,1,0,0,1,0,0,0,0,0,0,0,0,0,0,0,0,0,0,0,0,0,0,0,0,0,0,0,0,0,0,0,0,0,1,0,0,0,0,0,0,0,0,1,1,0,0,0,0,0,0,0,0,0,0,0,0,0,0,0,1,1,0,0,0,0,0,0,0,0,0,0,0,0,0,0,0,0,0,0
AF-P26583-F1-model_v4,ten_percent_graphs/graph_AF-P26583-F1-model_v4.pt,ten_percent_voxels/voxel_AF-P26583-F1-model_v4.pt,P26583,1,0,0,1,1,0,0,1,0,0,0,0,1,1,0,0,0,0,1,0,0,1,1,0,1,1,0,0,0,0,0,0,0,0,1,1,0,0,0,1,1,0,0,0,0,0,1,0,0,0,0,0,0,0,0,0,0,0,0,0,0,0,0,0,0,0,0,0,0,0,0,0,0,0,0,0,0,0,0,0,0,0,0,0,0,0,0,0,0,0,0,0,0,0,0,0,0,1,0,0
AF-Q15973-F1-model_v4,ten_percent_graphs/graph_AF-Q15973-F1-model_v4.pt,ten_percent_voxels/voxel_AF-Q15973-F1-model_v4.pt,Q15973,1,0,0,0,0,0,1,0,0,0,0,0,1,0,0,1,0,0,0,0,0,0,1,0,0,0,0,0,0,0,0,0,0,0,0,0,0,0,0,0,0,0,0,0,0,0,0,0,0,0,0,0,0,1,0,0,0,0,0,0,0,0,0,0,0,0,0,0,0,0,0,0,0,0,0,0,0,0,0,0,0,0,0,0,0,0,0,0,0,0,0,0,0,0,0,0,0,0,0,0
AF-Q8N5Q1-F1-model_v4,ten_percent_graphs/graph_AF-Q8N5Q1-F1-model_v4.pt,ten_percent_voxels/voxel_AF-Q8N5Q1-F1-model_v4.pt,Q8N5Q1,0,0,0,0,0,0,0,0,0,0,0,0,0,0,0,0,0,0,0,0,0,0,0,0,0,0,0,0,0,0,0,0,0,0,0,0,0,0,0,0,0,0,0,0,0,0,0,0,0,0,0,0,0,0,0,0,0,0,0,0,0,0,0,0,0,0,0,0,0,0,0,0,0,0,0,0,0,0,0,0,0,0,0,0,0,0,0,0,0,0,0,0,0,0,0,0,0,0,0,0
AF-O15439-F1-model_v4,ten_percent_graphs/graph_AF-O15439-F1-model_v4.pt,ten_percent_voxels/voxel_AF-O15439-F1-model_v4.pt,O15439,0,0,1,0,0,1,0,0,0,0,0,0,0,0,1,0,0,1,0,0,0,0,0,0,0,1,0,0,0,0,0,0,0,0,0,0,0,0,0,0,0,0,0,0,0,0,0,0,0,0,0,0,0,0,0,0,0,0,0,0,0,0,0,0,0,1,0,0,0,0,0,0,0,0,1,0,0,0,0,0,0,0,0,0,0,0,0,0,0,0,0,0,0,1,0,0,0,0,0,1
AF-Q96NB2-F1-model_v4,ten_percent_graphs/graph_AF-Q96NB2-F1-model_v4.pt,ten_percent_voxels/voxel_AF-Q96NB2-F1-model_v4.pt,Q96NB2,0,0,0,0,0,0,0,0,0,0,1,0,0,0,0,0,0,0,0,0,0,0,0,0,0,0,0,0,0,0,0,0,0,0,0,0,0,0,0,0,0,0,0,0,0,0,0,0,0,0,0,1,0,0,0,0,0,0,0,0,0,0,0,0,0,0,0,0,0,0,0,0,0,0,0,0,0,0,0,0,0,0,0,0,0,0,0,0,0,0,0,0,0,0,0,0,0,0,0,0
AF-O76061-F1-model_v4,ten_percent_graphs/graph_AF-O76061-F1-model_v4.pt,ten_percent_voxels/voxel_AF-O76061-F1-model_v4.pt,O76061,0,0,0,0,0,0,0,1,0,0,0,0,0,0,0,0,1,1,0,0,0,0,0,0,0,0,0,0,1,0,0,0,0,0,0,0,0,0,0,0,1,0,0,0,0,0,0,0,0,0,0,0,0,0,0,0,0,0,0,0,0,0,0,0,0,0,0,0,0,0,0,0,0,0,0,0,0,0,0,0,0,0,0,0,0,0,1,0,0,0,0,0,0,0,0,0,0,1,0,0
AF-Q8WYQ3-F1-model_v4,ten_percent_graphs/graph_AF-Q8WYQ3-F1-model_v4.pt,ten_percent_voxels/voxel_AF-Q8WYQ3-F1-model_v4.pt,Q8WYQ3,1,0,0,0,0,0,0,0,0,0,1,0,0,0,0,0,0,0,0,0,0,0,0,0,0,0,0,0,0,0,0,0,0,0,0,0,0,0,0,0,0,0,0,0,0,0,0,0,0,0,0,0,0,0,0,0,0,0,0,0,0,0,0,0,0,0,0,0,0,0,0,0,0,0,0,0,0,0,0,0,0,0,0,0,0,0,0,0,0,0,0,0,0,0,0,0,0,0,0,0
AF-Q9Y2K1-F1-model_v4,ten_percent_graphs/graph_AF-Q9Y2K1-F1-model_v4.pt,ten_percent_voxels/voxel_AF-Q9Y2K1-F1-model_v4.pt,Q9Y2K1,1,0,0,0,1,0,1,0,0,0,0,0,0,0,0,0,0,0,0,0,1,0,0,0,1,0,0,0,1,0,0,0,0,0,0,1,0,0,0,0,0,0,0,0,0,0,0,0,0,0,0,0,0,0,0,0,0,0,0,0,0,1,0,0,0,0,0,0,0,0,0,1,0,0,0,0,0,0,0,0,1,0,0,0,1,0,0,0,0,0,0,0,1,0,0,0,0,0,0,0
AF-Q6ZRQ5-F1-model_v4,ten_percent_graphs/graph_AF-Q6ZRQ5-F1-model_v4.pt,ten_percent_voxels/voxel_AF-Q6ZRQ5-F1-model_v4.pt,Q6ZRQ5,1,1,0,0,1,0,0,0,0,0,0,0,0,0,0,0,0,0,0,0,0,0,0,0,0,0,0,0,0,0,0,0,0,0,0,0,0,0,0,0,0,0,0,0,0,0,0,0,0,0,0,0,0,0,0,0,0,0,0,0,0,0,0,0,0,0,0,0,0,0,0,0,0,0,0,0,0,0,0,0,0,0,0,0,0,0,0,0,0,0,0,0,0,0,0,0,0,0,0,0
AF-Q9BYL1-F1-model_v4,ten_percent_graphs/graph_AF-Q9BYL1-F1-model_v4.pt,ten_percent_voxels/voxel_AF-Q9BYL1-F1-model_v4.pt,Q9BYL1,0,0,0,0,0,0,0,0,0,0,0,0,0,0,0,0,0,0,0,0,0,0,0,0,0,0,0,0,0,0,0,0,0,0,0,0,0,0,0,0,0,0,0,0,0,0,0,0,0,0,0,0,0,0,0,0,0,0,0,0,0,0,0,0,0,0,0,0,0,0,0,0,0,0,0,0,0,0,0,0,0,0,0,0,0,0,0,0,0,0,0,0,0,0,0,0,0,0,0,0
AF-D2SNZ4-F1-model_v4,ten_percent_graphs/graph_AF-D2SNZ4-F1-model_v4.pt,ten_percent_voxels/voxel_AF-D2SNZ4-F1-model_v4.pt,D2SNZ4,0,0,0,0,0,0,0,0,0,0,0,0,0,0,0,0,0,0,0,0,0,0,0,0,0,0,0,0,0,0,0,0,0,0,0,0,0,0,0,0,0,0,0,0,0,0,0,0,0,0,0,0,0,0,0,0,0,0,0,0,0,0,0,0,0,0,0,0,0,0,0,0,0,0,0,0,0,0,0,0,0,0,0,0,0,0,0,0,0,0,0,0,0,0,0,0,0,0,0,0
AF-P36896-F1-model_v4,ten_percent_graphs/graph_AF-P36896-F1-model_v4.pt,ten_percent_voxels/voxel_AF-P36896-F1-model_v4.pt,P36896,0,1,1,0,0,0,1,0,0,0,0,0,0,0,1,0,0,0,0,0,0,0,0,1,0,0,0,0,0,0,0,0,1,0,0,0,0,0,0,0,0,1,0,0,0,0,0,0,0,0,0,0,0,0,0,0,0,0,0,0,0,0,0,0,0,0,0,0,0,0,0,0,0,0,0,1,0,0,0,0,0,1,0,0,0,0,0,0,0,0,0,0,0,0,0,0,0,1,0,0
AF-Q8N441-F1-model_v4,ten_percent_graphs/graph_AF-Q8N441-F1-model_v4.pt,ten_percent_voxels/voxel_AF-Q8N441-F1-model_v4.pt,Q8N441,0,0,1,0,0,0,0,0,0,0,0,1,0,0,0,0,0,1,0,0,0,0,0,0,0,0,0,0,0,0,0,0,0,0,0,0,0,0,0,0,0,0,0,0,0,0,0,0,0,0,0,0,0,0,0,1,0,0,0,0,0,0,0,0,0,0,0,0,0,0,0,0,0,0,0,0,0,0,0,0,0,0,0,0,0,0,0,0,0,0,0,0,0,0,0,0,0,0,0,0
AF-P07339-F1-model_v4,ten_percent_graphs/graph_AF-P07339-F1-model_v4.pt,ten_percent_voxels/voxel_AF-P07339-F1-model_v4.pt,P07339,0,1,0,0,0,0,0,1,1,1,0,0,0,0,0,0,0,0,0,0,0,0,0,0,0,0,0,0,0,0,0,0,0,0,0,0,0,0,0,0,0,0,0,0,1,0,0,0,0,0,0,0,0,0,0,0,0,0,0,0,0,0,0,0,0,0,0,0,0,0,0,0,0,0,0,0,0,0,1,0,0,0,0,0,0,0,0,0,0,0,1,0,0,0,0,0,0,0,1,0
AF-Q9Y5I3-F1-model_v4,ten_percent_graphs/graph_AF-Q9Y5I3-F1-model_v4.pt,ten_percent_voxels/voxel_AF-Q9Y5I3-F1-model_v4.pt,Q9Y5I3,0,0,1,0,0,0,0,0,0,1,0,0,0,0,0,0,1,0,0,0,0,0,0,0,0,0,0,1,0,0,0,0,0,0,0,0,0,0,0,0,0,0,0,0,0,0,0,0,0,0,1,0,0,0,0,0,0,0,0,0,0,0,0,0,0,0,0,0,0,0,0,0,0,0,0,1,0,0,0,0,0,0,0,0,0,0,0,0,0,0,0,0,0,0,0,0,0,0,0,0
AF-P18583-F1-model_v4,ten_percent_graphs/graph_AF-P18583-F1-model_v4.pt,ten_percent_voxels/voxel_AF-P18583-F1-model_v4.pt,P18583,0,0,0,0,0,0,0,0,0,0,0,0,0,1,0,0,0,0,0,0,0,0,1,0,0,0,0,0,0,0,0,0,0,0,0,0,0,0,0,0,0,0,0,0,0,0,0,0,0,0,0,0,0,0,0,0,1,0,0,0,0,0,0,0,0,0,0,0,0,1,0,0,0,0,0,0,0,0,0,0,0,0,0,0,0,0,0,0,0,0,0,0,0,0,0,0,0,0,0,0
AF-P0CG13-F1-model_v4,ten_percent_graphs/graph_AF-P0CG13-F1-model_v4.pt,ten_percent_voxels/voxel_AF-P0CG13-F1-model_v4.pt,P0CG13,0,0,0,0,1,0,0,0,0,0,0,0,0,0,0,0,0,0,0,0,0,0,1,0,0,0,0,0,0,0,0,0,0,0,0,0,0,0,0,0,0,0,0,0,0,0,0,0,0,0,0,0,0,0,0,0,0,0,0,0,0,0,0,0,0,0,0,0,0,0,0,0,0,0,0,0,0,0,0,0,0,0,0,0,0,0,0,0,0,0,0,0,0,0,0,0,0,0,0,0
AF-Q96FH0-F1-model_v4,ten_percent_graphs/graph_AF-Q96FH0-F1-model_v4.pt,ten_percent_voxels/voxel_AF-Q96FH0-F1-model_v4.pt,Q96FH0,0,0,0,0,0,0,0,0,0,0,0,0,0,0,0,0,0,0,0,0,0,0,0,0,0,0,0,0,0,0,0,0,0,0,0,0,0,0,0,0,0,0,0,0,0,0,0,0,0,0,0,0,0,0,0,0,0,0,0,0,0,0,0,0,0,0,0,0,0,0,0,0,0,0,0,0,0,0,0,0,0,0,0,0,0,0,0,0,0,0,0,0,0,0,0,0,0,0,0,0
AF-Q5DSZ6-F1-model_v4,ten_percent_graphs/graph_AF-Q5DSZ6-F1-model_v4.pt,ten_percent_voxels/voxel_AF-Q5DSZ6-F1-model_v4.pt,Q5DSZ6,0,0,0,0,0,0,0,0,0,0,0,0,0,0,0,0,0,0,0,1,0,0,0,0,0,0,0,0,1,0,0,0,0,0,0,0,0,0,0,0,0,0,0,0,0,0,0,0,0,0,0,0,0,0,0,0,0,0,0,0,0,0,0,0,0,0,0,0,0,0,0,0,0,0,0,0,0,0,0,0,1,0,0,0,0,0,1,0,0,0,0,0,0,0,0,0,0,0,0,0
AF-P47929-F1-model_v4,ten_percent_graphs/graph_AF-P47929-F1-model_v4.pt,ten_percent_voxels/voxel_AF-P47929-F1-model_v4.pt,P47929,1,0,0,1,0,0,0,1,1,0,0,0,0,0,0,0,0,0,0,0,0,0,0,0,0,0,0,0,0,0,0,0,0,0,0,0,0,0,0,0,0,0,0,0,0,0,0,0,0,0,0,0,0,0,0,0,0,0,0,0,0,0,0,0,0,0,0,0,0,0,1,0,0,0,0,0,0,0,0,0,0,0,0,0,0,0,0,0,0,0,0,0,0,0,0,0,0,0,0,0
AF-P47929-F1-model_v4,ten_percent_graphs/graph_AF-P47929-F1-model_v4.pt,ten_percent_voxels/voxel_AF-P47929-F1-model_v4.pt,P47929,1,0,0,1,0,0,0,1,1,0,0,0,0,0,0,0,0,0,0,0,0,0,0,0,0,0,0,0,0,0,0,0,0,0,0,0,0,0,0,0,0,0,0,0,0,0,0,0,0,0,0,0,0,0,0,0,0,0,0,0,0,0,0,0,0,0,0,0,0,0,1,0,0,0,0,0,0,0,0,0,0,0,0,0,0,0,0,0,0,0,0,0,0,0,0,0,0,0,0,0
AF-Q86UY5-F1-model_v4,ten_percent_graphs/graph_AF-Q86UY5-F1-model_v4.pt,ten_percent_voxels/voxel_AF-Q86UY5-F1-model_v4.pt,Q86UY5,0,0,0,1,0,0,0,0,0,0,0,1,0,0,0,0,0,0,0,0,0,0,0,0,0,0,0,0,0,0,0,0,0,0,0,0,0,0,0,0,0,0,0,0,0,0,0,0,0,0,0,0,0,0,0,0,0,0,0,0,0,0,1,0,0,0,0,0,0,0,0,0,0,0,0,0,0,0,0,0,0,0,0,0,0,0,0,0,0,0,0,0,0,0,0,0,0,0,0,0
AF-A6NCN8-F1-model_v4,ten_percent_graphs/graph_AF-A6NCN8-F1-model_v4.pt,ten_percent_voxels/voxel_AF-A6NCN8-F1-model_v4.pt,A6NCN8,0,0,0,0,0,0,0,0,0,0,0,0,0,0,0,0,0,0,0,0,0,0,0,0,0,0,0,0,0,0,0,0,0,0,0,0,0,0,0,0,0,0,0,0,0,0,0,0,0,0,0,0,0,0,0,0,0,0,0,0,0,0,0,0,0,0,0,0,0,0,0,0,0,0,0,0,0,0,0,0,0,0,0,0,0,0,0,0,0,0,0,0,0,0,0,0,0,0,0,0
AF-Q9H106-F1-model_v4,ten_percent_graphs/graph_AF-Q9H106-F1-model_v4.pt,ten_percent_voxels/voxel_AF-Q9H106-F1-model_v4.pt,Q9H106,0,0,1,0,0,0,0,0,0,1,0,0,0,0,0,0,0,0,0,0,0,0,0,0,0,0,0,0,0,0,0,0,0,0,0,0,0,0,0,0,0,0,0,0,0,0,0,0,0,0,0,0,0,0,0,0,0,0,0,0,0,0,0,0,0,0,0,0,0,0,0,0,0,0,0,0,0,0,0,0,0,0,0,0,0,0,0,0,0,0,0,0,0,0,0,0,0,0,0,0
AF-Q6UWQ7-F1-model_v4,ten_percent_graphs/graph_AF-Q6UWQ7-F1-model_v4.pt,ten_percent_voxels/voxel_AF-Q6UWQ7-F1-model_v4.pt,Q6UWQ7,0,0,0,0,0,0,0,1,0,0,0,0,0,0,0,0,0,0,0,0,0,0,0,0,0,0,0,0,0,0,0,0,0,0,0,0,0,0,0,0,0,0,0,1,0,0,0,0,0,0,0,0,0,0,0,0,0,0,0,0,0,0,0,0,0,0,0,0,0,0,0,0,0,0,0,0,0,0,0,0,0,0,0,0,0,0,0,0,0,0,0,0,0,0,0,0,0,0,0,0
AF-P30622-F1-model_v4,ten_percent_graphs/graph_AF-P30622-F1-model_v4.pt,ten_percent_voxels/voxel_AF-P30622-F1-model_v4.pt,P30622,1,1,1,0,0,0,0,0,0,0,0,1,0,0,0,0,0,0,0,0,0,0,0,0,0,0,0,0,0,0,1,0,0,0,0,0,1,0,0,0,0,0,0,0,0,0,0,0,0,0,0,0,0,0,0,0,0,0,0,0,0,0,0,0,0,0,0,0,0,0,0,0,0,0,0,0,0,0,0,0,0,0,0,0,0,0,0,0,0,0,0,0,0,0,0,0,0,0,0,0
AF-Q8N9U0-F1-model_v4,ten_percent_graphs/graph_AF-Q8N9U0-F1-model_v4.pt,ten_percent_voxels/voxel_AF-Q8N9U0-F1-model_v4.pt,Q8N9U0,1,0,0,0,0,0,0,0,0,0,0,0,0,0,0,0,0,0,0,0,0,0,0,0,0,0,0,0,0,0,0,0,0,0,0,0,0,0,0,0,0,0,0,0,0,0,0,0,0,0,0,0,0,0,0,0,0,0,0,0,0,0,0,0,0,0,0,0,0,0,0,0,0,0,0,0,0,0,0,0,0,0,0,0,0,0,0,0,0,0,0,0,0,0,0,0,0,0,0,0
AF-P30305-F1-model_v4,ten_percent_graphs/graph_AF-P30305-F1-model_v4.pt,ten_percent_voxels/voxel_AF-P30305-F1-model_v4.pt,P30305,1,1,0,1,1,0,0,0,0,0,0,0,0,0,0,0,0,0,0,0,0,0,0,0,0,0,0,0,0,0,0,0,0,0,0,0,1,0,0,0,0,0,0,0,0,0,0,0,0,0,0,0,0,0,0,0,0,0,0,1,0,0,1,0,1,0,0,0,0,0,0,0,0,0,0,0,0,0,0,0,0,0,0,0,0,0,0,0,0,0,0,0,0,0,0,0,0,0,0,0
AF-Q5JRM2-F1-model_v4,ten_percent_graphs/graph_AF-Q5JRM2-F1-model_v4.pt,ten_percent_voxels/voxel_AF-Q5JRM2-F1-model_v4.pt,Q5JRM2,0,0,0,0,0,1,0,0,0,0,0,0,0,0,0,0,0,0,0,0,0,0,0,0,0,0,0,0,0,0,0,0,0,0,0,0,0,0,0,0,0,0,0,0,0,0,0,0,0,0,0,0,0,0,0,0,0,0,0,0,0,0,0,0,0,0,0,0,0,0,0,0,0,0,0,0,0,0,0,0,0,0,0,0,0,0,0,0,0,0,0,0,0,0,0,0,0,0,0,0
AF-C9JLR9-F1-model_v4,ten_percent_graphs/graph_AF-C9JLR9-F1-model_v4.pt,ten_percent_voxels/voxel_AF-C9JLR9-F1-model_v4.pt,C9JLR9,1,0,0,0,0,0,0,0,0,0,0,0,0,0,0,0,0,0,0,0,0,0,0,0,0,0,0,0,0,0,0,0,0,0,0,0,0,0,0,0,0,0,0,0,0,0,1,0,0,0,0,0,0,0,0,0,0,0,0,0,0,0,0,0,0,0,0,0,0,0,0,0,0,0,0,0,0,0,0,0,0,0,0,0,0,0,0,0,0,0,0,0,0,0,0,0,0,0,0,0
AF-Q96GD4-F1-model_v4,ten_percent_graphs/graph_AF-Q96GD4-F1-model_v4.pt,ten_percent_voxels/voxel_AF-Q96GD4-F1-model_v4.pt,Q96GD4,1,1,0,0,1,0,0,0,0,0,0,0,0,0,1,0,0,0,0,0,0,0,0,0,1,0,0,0,0,0,0,0,0,0,0,0,1,0,0,0,0,0,0,0,0,0,0,0,0,0,0,0,0,0,0,0,0,0,0,0,0,0,0,0,0,0,0,0,0,0,0,0,0,0,0,0,0,0,0,0,0,0,0,0,0,0,0,0,0,0,0,0,0,0,0,0,0,0,0,0
AF-A5D8V7-F1-model_v4,ten_percent_graphs/graph_AF-A5D8V7-F1-model_v4.pt,ten_percent_voxels/voxel_AF-A5D8V7-F1-model_v4.pt,A5D8V7,0,0,0,0,0,0,0,0,0,1,0,0,0,0,0,0,0,0,0,0,0,0,0,0,0,0,0,0,0,0,0,0,0,0,0,0,0,0,0,0,0,0,0,0,0,0,0,0,0,0,0,0,0,0,0,0,0,0,0,0,0,0,0,0,0,0,0,0,0,0,0,0,0,0,0,0,0,0,0,0,0,0,1,0,0,0,0,0,1,0,0,0,0,0,1,0,0,0,0,0
AF-A4D105-F1-model_v4,ten_percent_graphs/graph_AF-A4D105-F1-model_v4.pt,ten_percent_voxels/voxel_AF-A4D105-F1-model_v4.pt,A4D105,0,0,0,0,0,0,0,0,0,0,0,0,0,0,0,0,0,0,0,0,0,0,1,0,0,0,0,0,0,0,0,0,0,0,0,0,0,0,0,0,0,0,0,0,0,0,0,0,0,0,0,0,0,0,0,0,0,0,0,0,0,0,0,0,0,0,0,0,0,0,0,0,0,0,0,0,0,0,0,0,0,0,0,0,1,0,0,0,0,0,0,0,0,0,0,0,0,0,0,0
AF-P51864-F1-model_v4,ten_percent_graphs/graph_AF-P51864-F1-model_v4.pt,ten_percent_voxels/voxel_AF-P51864-F1-model_v4.pt,P51864,0,0,1,0,0,0,0,0,0,1,0,0,0,0,0,0,0,0,0,0,0,0,0,1,0,0,0,0,0,0,0,0,1,0,0,0,0,0,0,0,0,0,0,0,0,0,0,0,0,0,0,0,0,0,0,0,0,0,0,0,0,0,0,0,0,0,0,0,0,0,0,0,0,0,0,0,0,0,0,0,0,0,0,0,0,0,0,0,0,0,0,0,0,0,0,0,0,0,0,0
AF-P60985-F1-model_v4,ten_percent_graphs/graph_AF-P60985-F1-model_v4.pt,ten_percent_voxels/voxel_AF-P60985-F1-model_v4.pt,P60985,0,0,0,0,0,0,0,1,0,0,0,0,0,0,0,0,0,0,0,0,0,0,0,0,0,0,0,0,0,0,0,0,0,1,0,0,0,0,0,0,0,0,0,0,0,0,0,0,0,0,0,0,0,0,0,0,0,0,0,0,0,0,0,0,0,0,0,0,0,0,0,0,0,0,0,0,0,0,0,0,0,0,0,0,0,0,0,0,0,0,0,0,0,0,0,0,0,0,0,0
AF-Q71UI9-F1-model_v4,ten_percent_graphs/graph_AF-Q71UI9-F1-model_v4.pt,ten_percent_voxels/voxel_AF-Q71UI9-F1-model_v4.pt,Q71UI9,1,0,0,0,0,0,0,0,1,0,0,0,0,0,0,0,0,0,0,0,0,0,1,0,0,0,0,0,0,0,0,0,0,0,0,0,0,0,0,0,0,0,0,0,0,0,0,0,0,0,0,0,0,0,0,0,0,0,0,0,0,0,0,0,0,0,0,0,0,0,0,0,0,0,0,0,0,0,0,0,1,0,0,0,0,0,0,0,0,0,0,0,0,0,0,0,0,0,0,0
AF-P47804-F1-model_v4,ten_percent_graphs/graph_AF-P47804-F1-model_v4.pt,ten_percent_voxels/voxel_AF-P47804-F1-model_v4.pt,P47804,0,0,1,0,0,0,0,0,0,0,0,0,0,0,0,0,0,0,0,0,0,0,0,0,0,0,0,0,0,0,0,0,0,0,0,0,0,0,0,0,0,0,0,0,0,0,0,0,0,0,0,0,0,0,0,0,0,0,1,0,0,0,0,0,0,0,0,0,0,0,0,0,0,1,0,0,0,0,0,0,0,0,0,0,0,0,0,0,0,0,0,0,0,0,0,0,0,0,0,0
AF-P55263-F1-model_v4,ten_percent_graphs/graph_AF-P55263-F1-model_v4.pt,ten_percent_voxels/voxel_AF-P55263-F1-model_v4.pt,P55263,1,1,1,0,1,0,1,0,0,0,0,0,0,1,1,0,0,0,0,0,0,0,0,0,0,0,0,0,0,0,0,0,0,0,0,0,0,0,0,0,0,0,0,0,0,0,0,0,0,0,0,0,0,0,0,0,0,0,0,0,0,0,0,0,0,0,0,0,0,0,0,0,0,0,0,0,0,0,0,0,0,0,0,0,0,0,0,0,0,0,0,0,0,0,0,0,0,0,0,0
AF-A4QMS7-F1-model_v4,ten_percent_graphs/graph_AF-A4QMS7-F1-model_v4.pt,ten_percent_voxels/voxel_AF-A4QMS7-F1-model_v4.pt,A4QMS7,0,0,0,0,0,0,0,0,0,0,0,0,0,0,0,0,0,0,0,0,0,0,0,0,0,0,0,0,0,0,0,0,0,0,0,0,0,0,0,0,0,0,0,0,0,0,0,0,0,0,0,0,0,0,0,0,0,0,0,0,0,0,0,0,0,0,0,0,0,0,0,0,0,0,0,0,0,0,0,0,0,0,0,0,0,0,0,0,0,0,0,0,0,0,0,0,0,0,0,0
AF-L7RT34-F1-model_v4,ten_percent_graphs/graph_AF-L7RT34-F1-model_v4.pt,ten_percent_voxels/voxel_AF-L7RT34-F1-model_v4.pt,L7RT34,1,1,1,0,0,0,0,0,0,0,0,0,0,0,0,0,0,0,0,0,0,0,0,0,0,0,0,0,0,0,0,0,0,0,0,0,0,0,0,0,0,0,0,0,0,0,0,0,0,0,0,0,0,0,0,0,0,0,0,0,0,0,0,0,0,0,0,0,0,0,0,0,0,0,0,0,0,0,0,0,0,0,0,0,0,0,0,0,0,0,0,0,0,0,0,0,0,0,0,0
AF-P11274-F1-model_v4,ten_percent_graphs/graph_AF-P11274-F1-model_v4.pt,ten_percent_voxels/voxel_AF-P11274-F1-model_v4.pt,P11274,0,1,1,0,0,1,0,0,1,0,0,0,0,0,1,0,0,0,0,0,0,0,0,1,0,0,0,0,0,0,0,1,0,0,1,0,0,0,0,0,0,0,0,0,0,0,0,0,0,0,0,0,0,0,0,0,0,0,0,0,0,0,0,0,0,0,0,0,0,0,0,0,0,0,0,0,0,0,0,0,0,0,0,0,0,0,0,0,1,1,0,0,0,0,0,1,0,0,0,0
AF-P13224-F1-model_v4,ten_percent_graphs/graph_AF-P13224-F1-model_v4.pt,ten_percent_voxels/voxel_AF-P13224-F1-model_v4.pt,P13224,0,0,1,0,0,0,0,0,0,0,0,1,0,0,0,0,0,0,0,0,0,0,0,0,0,0,0,0,0,0,0,0,0,0,0,0,0,0,0,0,0,0,0,0,0,0,0,0,0,0,1,0,0,0,0,0,0,0,0,0,0,0,0,0,0,0,0,0,0,0,0,0,0,0,0,0,0,0,0,0,0,0,0,0,0,0,0,0,0,0,0,0,0,0,0,0,0,0,0,0
AF-Q9ULK0-F1-model_v4,ten_percent_graphs/graph_AF-Q9ULK0-F1-model_v4.pt,ten_percent_voxels/voxel_AF-Q9ULK0-F1-model_v4.pt,Q9ULK0,0,0,1,0,0,0,0,0,1,0,0,1,0,0,0,0,0,0,0,0,0,0,0,0,0,0,0,0,0,0,0,1,0,0,0,0,0,0,0,0,0,0,0,0,0,0,0,0,0,0,0,0,0,0,0,0,0,0,0,0,0,0,0,0,0,0,0,0,0,0,0,0,0,0,0,0,0,0,0,0,0,0,0,0,0,0,0,0,0,0,0,0,0,0,0,0,0,0,0,0
AF-P48147-F1-model_v4,ten_percent_graphs/graph_AF-P48147-F1-model_v4.pt,ten_percent_voxels/voxel_AF-P48147-F1-model_v4.pt,P48147,1,1,0,1,0,1,0,0,0,0,0,0,0,0,0,0,0,0,0,0,0,0,0,0,0,0,0,0,0,0,0,0,0,0,0,0,0,0,0,0,0,0,0,0,1,0,0,0,0,0,0,0,0,0,0,0,0,0,0,0,0,0,0,0,0,0,0,0,0,0,0,0,0,0,0,0,0,0,0,0,0,0,0,0,0,0,0,0,0,0,0,0,0,0,0,0,0,0,0,0
AF-Q9H9S0-F1-model_v4,ten_percent_graphs/graph_AF-Q9H9S0-F1-model_v4.pt,ten_percent_voxels/voxel_AF-Q9H9S0-F1-model_v4.pt,Q9H9S0,1,0,0,0,1,0,0,0,0,0,0,0,1,0,0,1,0,0,1,0,1,1,1,0,0,1,1,0,0,0,0,0,0,1,0,0,0,1,0,0,0,1,0,0,0,0,0,0,0,1,0,0,0,1,0,0,0,0,0,0,0,0,0,0,0,0,0,0,0,0,0,0,0,0,0,0,0,0,0,0,0,0,0,0,0,0,0,0,0,0,0,0,1,0,0,0,0,0,0,0
AF-P26447-F1-model_v4,ten_percent_graphs/graph_AF-P26447-F1-model_v4.pt,ten_percent_voxels/voxel_AF-P26447-F1-model_v4.pt,P26447,1,1,0,0,1,0,0,1,1,1,0,1,0,1,0,0,0,0,0,0,0,0,0,0,0,0,0,1,0,0,0,0,0,0,0,0,0,0,0,0,1,0,0,0,0,0,0,0,0,0,0,0,0,0,0,0,0,0,0,0,0,0,0,0,0,0,0,0,0,0,0,0,0,0,0,0,0,0,0,0,0,0,0,0,0,0,0,0,0,0,0,0,0,0,0,0,0,0,0,0
AF-Q9UKI2-F1-model_v4,ten_percent_graphs/graph_AF-Q9UKI2-F1-model_v4.pt,ten_percent_voxels/voxel_AF-Q9UKI2-F1-model_v4.pt,Q9UKI2,0,1,1,1,0,0,0,0,0,0,0,0,0,0,0,0,0,0,0,0,0,0,0,1,0,0,0,0,0,0,0,0,0,0,0,0,0,0,0,0,0,0,0,0,0,0,0,0,0,0,0,0,0,0,0,0,0,0,0,0,1,0,0,0,0,0,0,0,0,0,0,0,0,0,0,0,0,0,0,1,0,0,0,0,0,0,0,0,0,0,0,0,0,0,0,0,0,0,0,0
AF-A2RRD8-F1-model_v4,ten_percent_graphs/graph_AF-A2RRD8-F1-model_v4.pt,ten_percent_voxels/voxel_AF-A2RRD8-F1-model_v4.pt,A2RRD8,1,0,0,0,0,0,1,0,0,0,0,0,1,0,0,1,0,0,0,0,1,0,0,0,0,0,0,0,0,0,0,0,0,0,0,0,0,0,0,0,0,0,0,0,0,0,0,0,0,0,0,0,0,0,0,0,0,0,0,0,0,0,0,0,0,0,0,0,0,0,0,0,0,0,0,0,0,0,0,0,0,0,0,0,0,0,0,0,0,0,0,0,0,0,0,0,0,0,0,0
AF-P17081-F1-model_v4,ten_percent_graphs/graph_AF-P17081-F1-model_v4.pt,ten_percent_voxels/voxel_AF-P17081-F1-model_v4.pt,P17081,0,0,1,0,0,0,0,0,1,0,0,0,0,0,0,0,0,0,0,0,0,1,0,1,0,0,0,0,0,0,0,0,0,0,0,0,0,0,0,0,0,0,0,0,0,0,0,0,0,0,0,0,0,0,0,0,0,0,0,0,0,0,1,0,0,0,1,0,0,0,0,0,0,0,0,0,0,0,0,0,0,0,0,0,0,0,0,0,0,0,0,1,0,0,0,0,0,0,0,0
AF-P51508-F1-model_v4,ten_percent_graphs/graph_AF-P51508-F1-model_v4.pt,ten_percent_voxels/voxel_AF-P51508-F1-model_v4.pt,P51508,1,0,0,0,0,0,1,0,0,0,0,0,1,0,0,1,0,0,0,0,1,0,0,0,0,0,0,0,0,0,0,0,0,0,0,0,0,0,0,0,0,0,0,0,0,0,0,0,0,0,0,0,0,0,0,0,0,0,0,0,0,0,0,0,0,0,0,0,0,0,0,0,0,0,0,0,0,0,0,0,0,0,0,0,0,0,0,0,0,0,0,0,0,0,0,0,0,0,0,0
AF-Q9NV35-F1-model_v4,ten_percent_graphs/graph_AF-Q9NV35-F1-model_v4.pt,ten_percent_voxels/voxel_AF-Q9NV35-F1-model_v4.pt,Q9NV35,0,1,0,0,0,0,1,0,0,0,0,0,0,0,0,0,0,0,0,0,0,0,0,0,0,0,0,0,0,0,0,0,0,0,0,0,0,0,0,0,0,0,0,0,0,0,0,0,0,0,0,0,0,0,0,0,0,0,0,0,0,0,0,0,0,0,0,0,0,0,0,0,0,0,0,0,0,0,0,0,0,0,0,0,0,0,0,0,0,0,0,0,0,0,0,0,0,0,0,0
AF-O15514-F1-model_v4,ten_percent_graphs/graph_AF-O15514-F1-model_v4.pt,ten_percent_voxels/voxel_AF-O15514-F1-model_v4.pt,O15514,1,1,0,0,1,0,0,0,0,0,0,0,0,0,0,0,0,0,0,0,0,0,0,0,0,0,0,0,0,0,0,0,0,0,0,0,0,0,0,0,0,0,0,0,0,0,0,0,0,0,0,0,0,0,0,0,0,0,0,0,0,0,0,0,0,0,0,0,0,1,0,0,0,0,0,0,0,0,0,0,0,0,0,0,0,0,0,0,0,0,0,0,0,0,0,0,0,0,0,0
AF-Q5KU18-F1-model_v4,ten_percent_graphs/graph_AF-Q5KU18-F1-model_v4.pt,ten_percent_voxels/voxel_AF-Q5KU18-F1-model_v4.pt,Q5KU18,0,0,1,0,0,0,0,0,0,0,0,0,0,0,0,0,0,0,0,0,0,0,0,0,0,0,0,0,0,0,0,0,0,0,0,0,0,0,0,0,0,0,0,0,0,0,0,0,0,0,0,0,0,0,0,0,0,0,1,0,0,0,0,0,0,0,0,0,0,0,0,0,0,0,0,0,0,0,0,0,0,0,0,0,0,0,0,0,0,0,0,0,0,0,0,0,0,0,0,0
AF-Q5SRI9-F1-model_v4,ten_percent_graphs/graph_AF-Q5SRI9-F1-model_v4.pt,ten_percent_voxels/voxel_AF-Q5SRI9-F1-model_v4.pt,Q5SRI9,0,0,0,0,0,0,0,0,0,0,0,0,0,0,0,0,0,1,0,0,0,0,0,0,0,0,0,0,0,1,0,0,0,0,0,0,0,0,0,0,0,0,0,0,0,0,0,0,0,0,0,0,0,0,0,0,0,0,0,0,0,0,0,0,0,0,0,0,0,0,0,0,0,0,0,0,0,0,0,0,0,0,0,0,0,0,0,0,0,0,0,0,0,0,0,0,0,0,0,0
AF-O15033-F1-model_v4,ten_percent_graphs/graph_AF-O15033-F1-model_v4.pt,ten_percent_voxels/voxel_AF-O15033-F1-model_v4.pt,O15033,0,1,0,1,0,0,0,0,0,0,0,0,0,0,0,0,0,0,0,0,0,0,0,0,0,0,0,0,0,0,0,0,0,0,0,0,0,0,0,0,0,0,0,0,0,0,0,1,0,0,0,0,0,0,0,0,1,0,0,0,0,0,0,0,0,0,0,0,0,0,1,0,0,0,0,0,0,0,0,0,0,0,0,1,0,0,0,0,0,0,0,0,0,0,0,0,0,0,0,0
AF-Q96JB8-F1-model_v4,ten_percent_graphs/graph_AF-Q96JB8-F1-model_v4.pt,ten_percent_voxels/voxel_AF-Q96JB8-F1-model_v4.pt,Q96JB8,0,1,1,0,0,0,0,0,0,0,0,0,0,0,0,0,0,0,0,0,0,0,0,0,0,0,0,0,0,0,0,0,0,0,1,0,0,0,0,0,0,0,0,0,0,0,0,0,0,0,0,0,0,0,0,0,0,0,0,0,0,0,0,0,0,0,0,0,0,0,0,0,0,0,0,0,0,0,0,0,0,0,0,0,0,0,0,0,0,0,0,0,0,0,0,0,0,0,0,0
AF-Q8WWU7-F1-model_v4,ten_percent_graphs/graph_AF-Q8WWU7-F1-model_v4.pt,ten_percent_voxels/voxel_AF-Q8WWU7-F1-model_v4.pt,Q8WWU7,0,0,0,0,0,0,1,1,0,0,0,0,0,0,0,0,0,0,0,0,0,0,0,0,0,0,0,0,0,0,0,0,0,0,0,0,0,0,0,0,0,0,0,0,0,0,0,0,0,0,0,0,0,0,0,0,0,0,0,0,0,0,0,0,0,0,0,0,0,0,0,0,0,0,0,0,0,0,0,0,0,0,0,0,0,0,0,0,0,0,0,0,0,0,0,0,0,0,0,0
AF-C3U3A0-F1-model_v4,ten_percent_graphs/graph_AF-C3U3A0-F1-model_v4.pt,ten_percent_voxels/voxel_AF-C3U3A0-F1-model_v4.pt,C3U3A0,0,1,0,0,1,0,0,0,0,0,0,0,0,0,0,0,0,1,0,0,0,0,1,0,0,1,0,0,0,0,0,0,0,0,0,0,0,0,0,0,0,0,0,0,0,0,0,0,0,0,0,0,0,0,0,0,0,0,0,0,0,0,0,0,0,0,0,0,0,0,0,0,0,0,0,0,0,0,0,0,0,0,0,0,0,0,0,0,0,0,0,0,0,0,0,0,0,0,0,0
AF-A4D0U5-F1-model_v4,ten_percent_graphs/graph_AF-A4D0U5-F1-model_v4.pt,ten_percent_voxels/voxel_AF-A4D0U5-F1-model_v4.pt,A4D0U5,0,1,1,0,0,0,0,0,0,0,0,0,0,0,0,0,0,0,0,0,0,0,0,0,0,0,0,0,0,0,1,0,0,0,0,0,0,0,0,0,0,0,0,0,0,0,0,0,0,0,0,0,0,0,0,0,0,1,0,0,0,0,0,0,0,0,0,0,0,0,0,0,0,0,0,0,0,0,0,0,0,0,0,0,0,0,0,0,0,0,0,0,0,0,0,0,0,0,0,0
AF-Q8NCE2-F1-model_v4,ten_percent_graphs/graph_AF-Q8NCE2-F1-model_v4.pt,ten_percent_voxels/voxel_AF-Q8NCE2-F1-model_v4.pt,Q8NCE2,0,1,0,0,0,0,0,0,0,0,0,0,0,0,0,0,0,0,0,0,0,0,0,0,0,0,0,0,0,0,0,0,0,0,0,0,0,0,0,0,1,0,0,0,0,0,0,0,0,0,0,0,0,0,0,0,0,0,0,0,0,0,0,0,0,0,0,0,0,0,0,0,0,0,0,0,0,0,0,0,0,0,0,0,0,0,0,0,0,0,0,0,0,0,0,0,0,0,0,0
AF-Q9BYX4-F1-model_v4,ten_percent_graphs/graph_AF-Q9BYX4-F1-model_v4.pt,ten_percent_voxels/voxel_AF-Q9BYX4-F1-model_v4.pt,Q9BYX4,1,1,0,1,0,0,0,0,0,0,1,1,0,1,1,0,0,0,0,0,0,0,1,0,0,0,0,0,0,0,1,0,0,0,0,1,0,0,0,0,0,0,0,0,0,0,0,0,0,0,0,0,0,0,0,0,0,0,0,0,0,0,0,0,0,0,0,0,0,0,0,0,0,0,1,0,0,0,0,0,0,0,0,0,0,0,0,0,0,0,0,0,0,0,0,0,0,0,0,0
AF-P12018-F1-model_v4,ten_percent_graphs/graph_AF-P12018-F1-model_v4.pt,ten_percent_voxels/voxel_AF-P12018-F1-model_v4.pt,P12018,0,0,0,0,0,0,0,0,0,1,0,0,0,0,0,0,1,0,0,0,0,0,0,0,0,0,0,0,0,0,0,0,0,0,0,0,0,0,0,0,0,0,0,0,0,0,0,0,0,0,0,0,0,0,1,0,0,0,0,0,0,0,0,0,0,0,0,0,0,0,0,0,0,0,0,0,0,0,0,0,0,0,0,0,0,0,0,0,0,0,0,0,0,0,0,0,0,0,0,0
AF-Q30KQ7-F1-model_v4,ten_percent_graphs/graph_AF-Q30KQ7-F1-model_v4.pt,ten_percent_voxels/voxel_AF-Q30KQ7-F1-model_v4.pt,Q30KQ7,0,0,0,0,0,0,0,0,0,1,0,0,0,0,0,0,0,0,0,0,0,0,0,0,0,0,0,0,0,0,0,0,0,0,0,1,0,0,0,0,0,0,0,0,0,0,0,0,0,0,0,0,0,0,0,0,0,0,0,0,0,0,0,0,0,0,0,0,0,0,0,0,0,0,0,0,0,0,0,0,0,0,0,0,0,0,0,0,0,0,0,0,0,0,0,0,0,0,0,0
AF-O95997-F1-model_v4,ten_percent_graphs/graph_AF-O95997-F1-model_v4.pt,ten_percent_voxels/voxel_AF-O95997-F1-model_v4.pt,O95997,1,1,0,1,0,0,0,0,0,0,0,0,0,0,0,0,0,0,0,0,0,0,0,0,0,0,0,0,0,0,0,0,0,0,0,0,0,0,0,0,0,0,0,0,0,0,0,0,0,0,0,0,0,0,0,0,0,0,0,1,0,0,0,0,0,0,0,0,0,0,0,0,0,0,0,0,0,0,0,0,0,0,1,0,1,0,0,0,0,0,0,0,0,0,0,0,0,0,0,0
AF-P54578-F1-model_v4,ten_percent_graphs/graph_AF-P54578-F1-model_v4.pt,ten_percent_voxels/voxel_AF-P54578-F1-model_v4.pt,P54578,0,1,1,1,0,0,0,0,1,0,0,0,0,0,0,0,0,0,0,0,0,0,0,0,0,0,0,0,0,0,0,1,1,0,0,1,0,0,0,0,0,0,0,0,0,0,0,0,0,0,0,0,0,0,0,0,0,0,0,0,0,0,0,0,0,0,0,0,0,0,0,0,0,0,0,0,0,0,0,0,0,0,0,0,0,0,0,0,0,0,0,0,0,0,0,0,0,0,0,0
AF-Q5TB80-F1-model_v4,ten_percent_graphs/graph_AF-Q5TB80-F1-model_v4.pt,ten_percent_voxels/voxel_AF-Q5TB80-F1-model_v4.pt,Q5TB80,0,1,0,0,1,0,0,0,0,0,0,0,0,0,0,0,0,0,0,0,0,0,0,0,0,0,0,0,0,0,0,0,0,0,0,0,1,0,0,0,0,0,0,0,0,0,0,0,0,0,0,0,0,0,0,0,0,0,0,0,0,0,0,0,0,0,0,0,0,0,0,0,0,0,0,0,0,0,0,0,0,0,0,0,0,0,0,0,0,0,0,0,0,1,0,0,0,0,0,0
AF-Q5JZ48-F1-model_v4,ten_percent_graphs/graph_AF-Q5JZ48-F1-model_v4.pt,ten_percent_voxels/voxel_AF-Q5JZ48-F1-model_v4.pt,Q5JZ48,0,0,0,0,0,1,0,0,0,0,0,0,0,0,0,0,0,0,0,0,0,0,0,0,0,0,0,0,0,0,0,0,0,0,0,0,0,0,0,0,0,0,0,0,0,0,0,0,0,0,0,0,0,0,0,0,0,0,0,0,0,0,0,0,0,0,0,0,0,0,0,0,0,0,0,0,0,0,0,0,0,0,0,0,0,0,0,0,0,0,0,0,0,0,0,0,0,0,0,0
AF-P10586-F1-model_v4,ten_percent_graphs/graph_AF-P10586-F1-model_v4.pt,ten_percent_voxels/voxel_AF-P10586-F1-model_v4.pt,P10586,0,0,1,0,0,0,0,0,1,0,0,0,0,0,0,0,0,0,0,0,0,0,0,1,0,0,0,0,0,0,0,0,0,0,0,0,0,0,0,0,0,0,0,0,0,0,0,0,0,0,1,0,1,0,0,0,0,0,0,0,0,0,0,0,0,0,0,0,0,0,0,0,0,0,0,1,1,0,0,0,0,0,0,0,0,0,0,1,0,0,0,0,0,0,0,0,0,0,0,0
AF-Q7L0J3-F1-model_v4,ten_percent_graphs/graph_AF-Q7L0J3-F1-model_v4.pt,ten_percent_voxels/voxel_AF-Q7L0J3-F1-model_v4.pt,Q7L0J3,0,0,1,0,0,0,0,0,0,0,0,0,0,0,0,0,1,0,0,0,0,0,0,0,0,0,0,0,0,0,0,1,0,0,0,0,0,0,0,0,0,0,0,0,0,0,0,0,0,0,0,0,0,0,0,0,0,0,0,0,0,0,1,0,0,0,0,1,0,0,0,0,0,0,0,0,1,0,0,0,0,0,0,0,0,0,0,1,0,0,0,0,0,0,0,0,0,0,0,0
AF-P98066-F1-model_v4,ten_percent_graphs/graph_AF-P98066-F1-model_v4.pt,ten_percent_voxels/voxel_AF-P98066-F1-model_v4.pt,P98066,0,0,0,0,0,0,0,1,0,1,0,0,0,0,0,0,0,0,0,0,0,0,0,1,0,0,0,1,0,0,0,0,0,0,0,0,0,0,0,0,0,0,0,0,0,0,0,0,0,0,1,0,0,0,0,0,0,0,0,0,0,0,0,1,0,0,0,0,0,0,0,0,0,0,0,0,0,0,0,0,0,0,0,0,0,0,0,0,0,0,0,0,0,0,0,0,0,0,0,0
AF-P06028-F1-model_v4,ten_percent_graphs/graph_AF-P06028-F1-model_v4.pt,ten_percent_voxels/voxel_AF-P06028-F1-model_v4.pt,P06028,0,0,1,0,0,0,0,0,0,0,0,0,0,0,0,0,0,0,0,0,0,0,0,0,0,0,0,0,0,0,0,0,0,0,0,0,0,0,0,0,0,0,0,0,0,0,0,0,0,0,0,0,0,0,0,0,0,0,0,0,0,0,0,0,0,0,0,0,0,0,0,0,0,0,0,0,0,0,0,0,0,0,0,0,0,0,0,0,0,0,0,0,0,0,0,0,0,0,0,0
AF-D9ZGF5-F1-model_v4,ten_percent_graphs/graph_AF-D9ZGF5-F1-model_v4.pt,ten_percent_voxels/voxel_AF-D9ZGF5-F1-model_v4.pt,D9ZGF5,1,0,0,0,0,0,0,1,0,0,0,0,0,0,0,0,0,0,0,0,0,1,0,0,0,0,0,0,0,0,0,0,0,0,0,0,0,0,0,0,0,0,0,0,0,0,0,0,0,0,0,0,0,0,0,0,0,0,0,0,0,0,0,0,0,0,0,0,0,0,0,0,0,0,0,0,0,0,0,0,0,1,0,0,0,0,0,0,0,0,0,0,0,0,0,0,0,0,0,0
AF-O14841-F1-model_v4,ten_percent_graphs/graph_AF-O14841-F1-model_v4.pt,ten_percent_voxels/voxel_AF-O14841-F1-model_v4.pt,O14841,0,1,0,0,0,0,0,0,0,0,0,1,0,0,1,0,0,0,0,0,0,0,0,0,0,0,0,0,0,0,0,0,0,0,0,0,0,0,0,0,0,0,0,0,0,0,0,0,0,0,0,0,0,0,0,0,0,0,0,0,0,0,0,0,0,0,0,0,0,0,0,0,0,0,0,0,0,0,0,0,0,0,0,0,0,0,0,0,0,0,0,0,0,0,0,0,0,0,0,0
AF-Q5BN46-F1-model_v4,ten_percent_graphs/graph_AF-Q5BN46-F1-model_v4.pt,ten_percent_voxels/voxel_AF-Q5BN46-F1-model_v4.pt,Q5BN46,1,0,0,1,0,0,0,0,0,0,0,0,0,0,0,0,0,0,0,0,0,0,0,0,0,0,0,0,0,0,0,0,0,0,0,0,0,0,0,0,0,0,0,0,0,0,0,0,0,0,0,0,0,0,0,0,0,0,0,0,0,1,0,0,0,0,0,0,0,0,0,0,0,0,0,0,0,0,0,0,0,0,0,0,0,0,0,0,0,0,0,0,0,0,0,0,0,0,0,0
AF-P50213-F1-model_v4,ten_percent_graphs/graph_AF-P50213-F1-model_v4.pt,ten_percent_voxels/voxel_AF-P50213-F1-model_v4.pt,P50213,1,0,0,0,0,0,0,0,0,0,1,0,0,0,0,0,0,0,0,0,0,0,0,0,0,0,0,0,0,0,0,0,0,0,0,0,0,0,1,0,0,0,0,0,0,0,0,0,0,0,0,0,0,0,0,0,0,0,0,0,0,0,0,0,0,0,0,0,0,0,0,0,0,0,0,0,0,0,0,0,0,0,0,0,0,0,0,0,0,0,0,0,0,0,0,0,0,0,0,0
AF-O75607-F1-model_v4,ten_percent_graphs/graph_AF-O75607-F1-model_v4.pt,ten_percent_voxels/voxel_AF-O75607-F1-model_v4.pt,O75607,0,1,0,1,1,0,0,0,0,0,0,0,0,1,0,0,0,0,0,0,0,0,0,0,0,1,0,0,0,0,0,0,0,0,0,0,0,0,0,0,0,0,0,0,0,1,0,0,0,0,0,0,0,0,0,0,0,0,0,0,0,0,0,0,0,0,0,0,0,0,0,0,0,0,0,0,0,0,0,0,0,0,0,0,0,0,0,0,0,0,0,0,0,0,0,0,0,0,0,0
AF-Q86XE5-F1-model_v4,ten_percent_graphs/graph_AF-Q86XE5-F1-model_v4.pt,ten_percent_voxels/voxel_AF-Q86XE5-F1-model_v4.pt,Q86XE5,0,0,0,0,0,0,0,0,0,0,1,0,0,0,0,0,0,0,0,0,0,0,0,0,0,0,0,0,1,0,0,0,0,0,0,0,0,0,1,0,0,0,0,0,0,0,0,0,0,0,0,0,0,0,0,0,0,0,0,0,0,0,0,0,0,0,0,0,0,0,0,0,0,0,0,0,0,0,0,0,0,0,0,0,0,0,0,0,0,0,0,0,0,0,0,0,0,0,0,0
AF-P49459-F1-model_v4,ten_percent_graphs/graph_AF-P49459-F1-model_v4.pt,ten_percent_voxels/voxel_AF-P49459-F1-model_v4.pt,P49459,0,1,0,0,1,0,0,0,0,0,0,0,0,0,1,0,0,0,1,0,0,0,0,0,0,0,0,0,0,0,0,0,0,0,0,0,0,0,0,0,0,0,0,0,0,0,0,0,0,0,0,0,0,0,0,0,0,0,0,0,0,0,0,0,0,0,0,0,0,0,0,0,0,0,0,0,0,0,0,0,0,0,0,0,1,0,0,0,0,0,1,0,0,0,0,0,0,0,0,0
AF-Q6L8G8-F1-model_v4,ten_percent_graphs/graph_AF-Q6L8G8-F1-model_v4.pt,ten_percent_voxels/voxel_AF-Q6L8G8-F1-model_v4.pt,Q6L8G8,0,1,0,0,0,0,0,0,0,0,0,0,0,0,0,0,0,0,0,0,0,0,0,0,0,0,0,0,0,0,0,0,0,0,0,0,0,0,0,0,0,0,0,0,0,0,0,0,0,0,0,0,0,0,0,0,0,0,0,0,0,0,0,0,0,0,0,0,0,0,0,0,0,0,0,0,0,0,0,0,0,0,0,0,0,0,0,0,0,0,0,0,0,0,0,0,0,0,0,0
AF-Q96H15-F1-model_v4,ten_percent_graphs/graph_AF-Q96H15-F1-model_v4.pt,ten_percent_voxels/voxel_AF-Q96H15-F1-model_v4.pt,Q96H15,0,0,1,0,0,0,0,0,0,1,0,0,0,0,0,0,0,0,0,0,0,0,0,0,0,0,0,0,0,0,0,0,0,0,0,0,0,0,0,0,0,0,0,0,0,0,0,0,0,0,0,0,0,0,0,0,0,0,0,0,0,0,0,0,0,0,0,0,0,0,0,0,0,0,0,0,0,0,0,0,0,0,0,0,0,0,0,0,0,0,0,0,0,0,0,0,0,0,0,0
AF-P02743-F1-model_v4,ten_percent_graphs/graph_AF-P02743-F1-model_v4.pt,ten_percent_voxels/voxel_AF-P02743-F1-model_v4.pt,P02743,1,0,0,0,0,0,0,1,1,1,0,1,0,0,0,0,0,0,0,0,0,0,0,0,0,0,0,1,0,0,0,0,0,0,0,1,0,0,0,0,0,0,0,0,0,0,0,0,0,0,0,0,0,0,0,0,0,0,0,0,0,0,0,0,0,0,0,0,0,0,0,0,0,0,0,0,0,0,0,0,0,0,0,0,0,0,0,0,0,0,0,0,0,0,0,0,0,0,0,0
AF-Q96M32-F1-model_v4,ten_percent_graphs/graph_AF-Q96M32-F1-model_v4.pt,ten_percent_voxels/voxel_AF-Q96M32-F1-model_v4.pt,Q96M32,0,1,0,1,0,0,0,0,0,0,0,0,0,0,1,0,0,0,0,0,0,0,0,0,0,0,0,0,0,0,0,0,0,0,0,0,0,0,0,0,0,0,0,0,0,0,0,0,0,0,0,0,0,0,0,0,0,0,0,0,0,0,0,0,0,0,0,0,0,0,0,0,0,0,0,0,0,0,0,0,0,0,0,0,0,0,0,0,0,0,0,0,0,0,0,0,0,0,0,0
AF-P04350-F1-model_v4,ten_percent_graphs/graph_AF-P04350-F1-model_v4.pt,ten_percent_voxels/voxel_AF-P04350-F1-model_v4.pt,P04350,1,1,0,1,0,0,0,0,1,0,0,0,0,0,0,0,0,0,0,0,0,0,0,0,0,0,0,1,0,0,0,0,0,0,0,0,0,0,0,0,0,0,0,0,0,0,0,0,0,0,0,0,0,0,0,0,0,0,0,0,0,0,0,0,0,0,1,0,0,0,0,0,0,0,0,0,0,0,0,0,0,0,0,0,0,0,0,1,0,0,0,1,0,0,0,0,0,0,0,0
AF-P33241-F1-model_v4,ten_percent_graphs/graph_AF-P33241-F1-model_v4.pt,ten_percent_voxels/voxel_AF-P33241-F1-model_v4.pt,P33241,0,0,1,0,0,1,0,0,1,0,0,0,0,0,0,0,0,0,0,0,0,0,0,1,0,0,0,0,0,0,0,0,0,0,0,0,0,0,0,0,0,0,0,0,0,0,0,0,0,0,0,0,0,0,0,0,0,0,0,0,0,0,0,0,0,0,0,0,0,0,0,0,0,0,0,0,0,0,0,0,0,0,0,0,0,0,0,0,0,0,0,0,0,0,0,0,0,0,0,0
AF-Q5KSL6-F1-model_v4,ten_percent_graphs/graph_AF-Q5KSL6-F1-model_v4.pt,ten_percent_voxels/voxel_AF-Q5KSL6-F1-model_v4.pt,Q5KSL6,0,0,1,0,0,0,1,0,0,0,0,0,0,0,1,0,0,0,0,0,0,0,0,0,0,0,0,0,0,0,0,0,0,0,0,0,0,0,0,0,0,0,0,0,0,0,0,0,0,0,0,0,0,0,0,0,0,0,0,0,0,0,0,0,0,0,0,0,1,0,0,0,0,0,0,0,0,0,0,0,0,0,0,0,0,0,0,0,0,0,0,0,0,0,0,0,0,0,0,0
AF-Q9H4A9-F1-model_v4,ten_percent_graphs/graph_AF-Q9H4A9-F1-model_v4.pt,ten_percent_voxels/voxel_AF-Q9H4A9-F1-model_v4.pt,Q9H4A9,0,0,0,0,0,1,1,0,0,0,0,0,0,0,0,0,0,0,0,0,0,0,0,0,0,0,0,0,0,0,0,0,0,0,0,0,0,0,0,0,0,0,0,0,1,0,0,0,0,0,0,0,0,0,0,0,0,0,0,0,0,0,0,0,0,0,0,0,0,0,0,0,0,0,0,0,0,0,0,0,0,0,0,0,0,0,0,0,0,0,0,0,0,0,0,0,0,0,0,0
AF-Q9BV79-F1-model_v4,ten_percent_graphs/graph_AF-Q9BV79-F1-model_v4.pt,ten_percent_voxels/voxel_AF-Q9BV79-F1-model_v4.pt,Q9BV79,1,0,0,0,0,1,0,0,0,0,1,0,0,0,0,0,0,0,0,0,0,0,0,0,0,0,0,0,0,0,0,0,0,0,0,0,0,0,1,0,0,0,0,0,0,0,0,0,0,0,0,0,0,0,0,0,0,0,0,0,0,0,0,0,0,0,0,0,0,0,0,0,0,0,0,0,0,0,0,0,0,0,0,0,0,0,0,0,0,0,0,0,0,0,0,0,0,0,0,0
AF-Q8WXI2-F1-model_v4,ten_percent_graphs/graph_AF-Q8WXI2-F1-model_v4.pt,ten_percent_voxels/voxel_AF-Q8WXI2-F1-model_v4.pt,Q8WXI2,0,0,1,1,0,0,0,0,1,0,0,1,0,0,0,0,0,0,0,0,0,0,0,0,0,0,0,0,0,0,0,1,0,0,0,0,0,0,0,0,0,0,0,0,0,0,0,0,0,0,0,0,0,0,0,0,0,0,0,0,0,0,1,0,0,0,0,0,1,0,0,0,0,0,0,0,0,0,0,0,0,0,0,0,0,0,0,1,0,0,0,0,0,0,0,0,0,0,0,0
AF-Q9NZJ5-F1-model_v4,ten_percent_graphs/graph_AF-Q9NZJ5-F1-model_v4.pt,ten_percent_voxels/voxel_AF-Q9NZJ5-F1-model_v4.pt,Q9NZJ5,1,1,0,1,0,1,0,0,0,0,0,1,0,0,1,0,1,0,0,1,0,0,0,0,0,0,0,0,0,0,0,0,0,0,0,0,0,0,0,0,1,0,0,0,0,0,0,0,0,0,0,0,0,0,0,0,0,0,0,0,0,0,0,0,0,0,0,0,0,0,0,0,0,0,0,0,0,0,0,0,0,1,0,0,0,0,1,0,0,0,0,0,0,0,0,0,0,0,0,0
AF-O75843-F1-model_v4,ten_percent_graphs/graph_AF-O75843-F1-model_v4.pt,ten_percent_voxels/voxel_AF-O75843-F1-model_v4.pt,O75843,0,0,0,0,0,1,0,0,0,0,0,0,0,0,0,0,0,1,0,0,0,0,0,0,0,0,0,0,0,1,0,0,0,0,0,0,0,0,0,0,0,0,0,0,0,0,0,0,0,0,0,0,0,0,0,0,0,0,0,0,0,0,0,0,0,0,0,0,0,0,0,0,1,0,0,0,0,0,0,0,0,0,0,0,0,0,0,0,0,0,0,0,0,0,0,0,0,0,0,0
AF-Q53FR9-F1-model_v4,ten_percent_graphs/graph_AF-Q53FR9-F1-model_v4.pt,ten_percent_voxels/voxel_AF-Q53FR9-F1-model_v4.pt,Q53FR9,0,1,0,0,1,0,0,0,0,0,0,0,0,0,0,0,0,1,0,0,0,0,0,0,0,0,0,0,0,0,0,0,0,0,0,0,0,0,0,0,0,0,0,0,0,0,0,0,0,0,0,0,0,0,0,0,0,0,0,0,0,0,0,0,0,0,0,0,0,0,0,0,0,0,0,0,0,0,0,0,0,0,0,0,0,0,0,0,0,0,0,0,0,0,0,0,0,0,0,0
AF-Q02446-F1-model_v4,ten_percent_graphs/graph_AF-Q02446-F1-model_v4.pt,ten_percent_voxels/voxel_AF-Q02446-F1-model_v4.pt,Q02446,0,1,0,0,1,0,1,0,0,0,0,1,1,0,0,1,0,0,1,0,1,0,0,0,0,0,0,0,0,0,0,0,0,0,0,0,0,0,0,0,0,0,0,0,0,0,0,0,0,0,0,0,0,0,0,0,0,0,0,0,0,0,0,0,0,0,0,0,0,0,0,0,0,0,0,0,0,1,0,0,0,0,0,0,0,0,0,0,0,0,0,0,0,0,0,0,0,0,0,0
AF-Q9Y289-F1-model_v4,ten_percent_graphs/graph_AF-Q9Y289-F1-model_v4.pt,ten_percent_voxels/voxel_AF-Q9Y289-F1-model_v4.pt,Q9Y289,0,0,1,0,0,1,0,0,0,0,0,0,0,0,0,0,0,0,0,0,0,0,0,0,0,0,0,0,0,0,0,0,0,0,0,0,0,0,0,0,0,0,0,0,0,0,0,0,0,0,0,0,0,0,0,0,0,0,0,0,0,0,0,0,0,1,0,0,0,0,0,0,0,0,0,0,0,0,0,0,0,0,0,0,0,0,0,0,0,0,0,0,0,0,0,0,0,0,0,1
AF-Q6ZN28-F1-model_v4,ten_percent_graphs/graph_AF-Q6ZN28-F1-model_v4.pt,ten_percent_voxels/voxel_AF-Q6ZN28-F1-model_v4.pt,Q6ZN28,1,0,0,1,0,0,0,0,0,0,1,0,0,0,0,0,0,0,0,0,0,1,0,0,0,0,0,0,0,0,0,0,0,0,0,0,0,0,0,0,0,0,0,0,0,0,0,0,0,0,0,0,0,0,0,0,0,0,0,0,0,0,0,0,0,0,0,0,0,0,0,0,0,0,0,0,0,0,0,0,0,0,0,0,0,0,0,0,0,0,0,0,0,0,0,0,0,0,0,0
AF-P25024-F1-model_v4,ten_percent_graphs/graph_AF-P25024-F1-model_v4.pt,ten_percent_voxels/voxel_AF-P25024-F1-model_v4.pt,P25024,0,0,1,0,0,0,0,0,0,0,0,0,0,0,0,0,0,0,0,0,0,0,0,0,0,0,0,0,0,0,0,0,0,0,0,0,0,0,0,0,0,0,1,0,0,0,0,0,0,0,0,0,0,0,1,0,0,0,1,0,0,0,0,0,0,0,0,0,0,0,0,0,0,1,0,0,0,0,0,0,0,0,0,0,0,0,0,0,0,0,0,0,0,0,0,0,0,0,0,0
AF-Q00613-F1-model_v4,ten_percent_graphs/graph_AF-Q00613-F1-model_v4.pt,ten_percent_voxels/voxel_AF-Q00613-F1-model_v4.pt,Q00613,1,1,0,1,1,0,0,0,0,0,0,1,1,0,0,1,0,0,1,0,1,1,1,0,1,0,0,0,0,0,0,0,0,0,0,0,1,1,0,0,1,0,0,0,0,0,0,0,1,1,0,0,0,0,0,0,0,0,0,0,0,0,1,0,0,0,0,0,0,0,0,0,0,0,0,0,0,1,0,0,1,1,0,0,1,0,0,0,0,0,0,0,1,0,0,0,1,1,0,0
AF-Q8WUA7-F1-model_v4,ten_percent_graphs/graph_AF-Q8WUA7-F1-model_v4.pt,ten_percent_voxels/voxel_AF-Q8WUA7-F1-model_v4.pt,Q8WUA7,0,0,0,0,0,0,0,0,0,0,0,0,0,0,0,0,0,1,0,0,0,0,0,0,0,0,0,0,1,0,0,0,0,0,0,0,0,0,0,0,0,0,0,0,0,0,0,0,0,0,0,0,0,0,0,0,0,0,0,0,0,0,0,0,0,0,0,0,0,0,0,0,0,0,0,0,0,0,0,0,0,0,0,0,0,0,0,0,0,1,0,0,0,0,0,0,0,0,0,0
AF-P59861-F1-model_v4,ten_percent_graphs/graph_AF-P59861-F1-model_v4.pt,ten_percent_voxels/voxel_AF-P59861-F1-model_v4.pt,P59861,0,0,0,0,0,0,0,1,0,0,0,0,0,0,0,0,0,0,0,0,0,0,0,0,0,0,0,0,0,0,0,0,0,0,0,1,0,0,0,0,0,0,0,0,0,0,0,0,0,0,0,0,0,0,0,0,0,0,0,0,0,0,0,0,0,0,0,0,0,0,0,0,0,0,0,0,0,0,0,0,0,0,0,0,0,0,0,0,0,0,0,0,0,0,0,0,0,0,0,0
AF-P49771-F1-model_v4,ten_percent_graphs/graph_AF-P49771-F1-model_v4.pt,ten_percent_voxels/voxel_AF-P49771-F1-model_v4.pt,P49771,0,1,1,0,0,1,0,1,0,1,0,0,0,0,0,0,0,0,0,0,0,0,0,1,0,0,0,0,0,0,0,0,1,0,0,0,0,0,0,0,0,0,0,1,0,0,0,0,0,0,0,0,0,0,0,0,0,0,0,0,0,0,0,0,1,0,0,0,0,0,0,0,0,0,0,0,0,0,0,0,0,0,0,0,0,0,0,0,0,0,0,0,0,0,0,0,0,0,0,0
AF-Q14623-F1-model_v4,ten_percent_graphs/graph_AF-Q14623-F1-model_v4.pt,ten_percent_voxels/voxel_AF-Q14623-F1-model_v4.pt,Q14623,0,0,1,0,0,0,0,1,0,0,0,0,0,0,0,0,0,0,0,1,0,1,0,0,0,0,0,1,0,1,0,0,0,0,0,0,0,0,0,0,0,0,0,0,0,0,0,0,0,0,0,0,0,0,0,0,1,0,0,0,0,0,0,0,0,0,0,0,0,0,0,0,0,0,0,0,0,0,0,0,0,0,0,0,0,0,0,0,0,0,0,0,0,0,0,0,0,0,0,0
AF-Q6NUJ5-F1-model_v4,ten_percent_graphs/graph_AF-Q6NUJ5-F1-model_v4.pt,ten_percent_voxels/voxel_AF-Q6NUJ5-F1-model_v4.pt,Q6NUJ5,1,0,0,0,1,0,0,0,0,0,0,0,0,0,0,0,0,0,0,0,0,0,0,0,0,0,0,0,0,0,0,0,0,0,0,0,0,0,0,0,0,0,0,0,0,0,0,0,0,0,0,0,0,0,0,0,0,0,0,0,0,0,0,0,0,0,0,0,0,0,0,0,0,0,0,0,0,0,0,0,0,0,0,0,0,0,0,0,0,0,0,0,0,0,0,0,0,0,0,0
AF-P04155-F1-model_v4,ten_percent_graphs/graph_AF-P04155-F1-model_v4.pt,ten_percent_voxels/voxel_AF-P04155-F1-model_v4.pt,P04155,0,0,0,0,0,0,0,1,0,1,0,0,0,0,0,0,0,0,0,0,0,0,0,0,0,0,0,0,0,0,0,0,0,1,0,0,0,0,0,0,0,0,0,0,0,0,0,0,0,0,0,0,0,0,0,1,0,0,0,0,0,0,0,0,0,0,0,0,0,0,0,0,0,0,0,0,0,0,0,0,0,0,0,0,0,0,0,0,0,0,0,0,0,0,0,0,0,0,0,0
AF-Q2XQG6-F1-model_v4,ten_percent_graphs/graph_AF-Q2XQG6-F1-model_v4.pt,ten_percent_voxels/voxel_AF-Q2XQG6-F1-model_v4.pt,Q2XQG6,0,0,0,0,0,0,0,0,0,0,0,0,0,0,0,0,0,0,0,0,0,0,0,0,0,0,0,0,0,0,0,0,0,0,0,0,0,0,0,0,0,0,0,0,1,0,0,0,0,0,0,0,0,0,0,0,0,0,0,0,0,0,0,0,0,0,0,0,0,0,0,0,0,0,0,0,0,0,0,0,0,0,0,0,0,0,0,0,0,0,0,0,0,0,0,0,0,0,0,0
AF-Q9NXJ0-F1-model_v4,ten_percent_graphs/graph_AF-Q9NXJ0-F1-model_v4.pt,ten_percent_voxels/voxel_AF-Q9NXJ0-F1-model_v4.pt,Q9NXJ0,0,0,1,0,0,0,0,0,0,0,0,0,0,0,0,0,0,0,0,0,0,0,0,0,0,0,0,0,0,0,0,0,0,0,0,0,0,0,0,0,0,0,0,0,0,0,0,0,0,0,0,0,0,0,0,0,0,0,0,0,0,0,0,0,0,0,0,0,0,0,0,0,0,0,0,0,0,0,0,0,0,0,0,0,0,0,0,0,0,0,0,0,0,0,0,0,0,0,0,0
AF-Q8IVG5-F1-model_v4,ten_percent_graphs/graph_AF-Q8IVG5-F1-model_v4.pt,ten_percent_voxels/voxel_AF-Q8IVG5-F1-model_v4.pt,Q8IVG5,0,0,0,1,0,0,0,0,0,0,1,0,0,0,0,0,0,0,0,0,0,0,0,0,0,0,0,0,0,0,0,0,0,0,0,0,0,0,0,0,0,0,0,0,0,0,0,0,0,0,0,0,0,0,0,0,0,0,0,0,0,0,0,0,0,0,0,0,0,0,0,0,0,0,0,0,0,0,0,0,0,0,0,0,0,0,0,0,0,0,0,0,0,0,0,0,0,0,0,0
AF-Q6NXT4-F1-model_v4,ten_percent_graphs/graph_AF-Q6NXT4-F1-model_v4.pt,ten_percent_voxels/voxel_AF-Q6NXT4-F1-model_v4.pt,Q6NXT4,0,0,0,0,0,0,0,0,0,0,0,0,0,0,0,0,0,1,0,0,0,0,0,0,0,0,0,0,0,0,0,0,0,0,0,0,0,0,0,0,0,0,0,0,0,0,0,0,0,0,0,0,0,0,0,0,0,0,0,0,0,0,0,0,0,0,0,0,0,0,0,0,0,0,0,0,0,0,0,0,0,0,0,0,0,0,0,0,0,0,0,0,0,0,0,0,0,0,0,0
AF-Q2I0M5-F1-model_v4,ten_percent_graphs/graph_AF-Q2I0M5-F1-model_v4.pt,ten_percent_voxels/voxel_AF-Q2I0M5-F1-model_v4.pt,Q2I0M5,0,0,0,0,0,0,0,1,0,1,0,0,0,0,0,0,0,0,0,0,0,0,0,0,0,0,0,0,0,0,0,0,0,0,0,0,0,0,0,0,0,0,0,1,0,0,0,0,0,0,0,0,0,0,0,0,0,0,0,0,0,0,0,0,0,0,0,0,0,0,0,0,0,0,0,0,0,0,0,0,0,0,0,0,0,0,0,0,0,0,0,0,0,0,0,0,0,0,0,0
AF-A4D0W4-F1-model_v4,ten_percent_graphs/graph_AF-A4D0W4-F1-model_v4.pt,ten_percent_voxels/voxel_AF-A4D0W4-F1-model_v4.pt,A4D0W4,0,0,0,0,0,0,0,0,0,0,1,0,0,0,0,0,0,0,0,0,0,0,0,0,0,0,1,0,0,0,0,0,0,0,0,0,0,0,0,0,0,0,0,0,0,0,0,0,0,0,0,0,0,0,0,0,0,0,0,0,0,0,0,0,0,0,0,0,0,0,0,0,0,0,0,0,0,0,0,0,0,0,0,0,0,0,0,0,0,0,0,0,0,0,0,0,0,0,0,0
AF-Q7Z2T5-F1-model_v4,ten_percent_graphs/graph_AF-Q7Z2T5-F1-model_v4.pt,ten_percent_voxels/voxel_AF-Q7Z2T5-F1-model_v4.pt,Q7Z2T5,1,0,0,0,0,0,1,0,0,0,0,0,0,1,0,0,0,0,0,0,0,0,0,0,0,0,0,0,0,0,0,0,0,0,0,0,0,0,0,0,0,0,0,0,0,0,0,0,0,0,0,0,0,0,0,0,0,0,0,0,0,0,0,0,0,0,0,0,0,0,0,0,0,0,0,0,0,0,0,0,0,0,0,0,0,0,0,0,0,0,0,0,0,0,0,0,0,0,0,0
AF-Q96EF0-F1-model_v4,ten_percent_graphs/graph_AF-Q96EF0-F1-model_v4.pt,ten_percent_voxels/voxel_AF-Q96EF0-F1-model_v4.pt,Q96EF0,0,1,0,1,0,0,0,0,0,0,0,0,0,0,0,0,0,0,0,0,0,0,0,0,0,0,0,0,0,0,0,0,0,0,1,0,0,0,0,0,0,0,0,0,0,0,0,0,0,0,0,0,0,0,0,0,0,0,0,0,0,0,0,0,0,0,0,0,0,0,0,0,0,0,0,0,0,0,0,0,0,0,0,0,0,0,0,0,0,0,0,0,0,0,0,0,0,0,0,0
AF-P05060-F1-model_v4,ten_percent_graphs/graph_AF-P05060-F1-model_v4.pt,ten_percent_voxels/voxel_AF-P05060-F1-model_v4.pt,P05060,0,0,0,0,0,0,0,1,0,0,0,0,0,0,0,0,0,0,0,0,0,0,0,0,0,0,0,0,0,0,0,0,0,0,0,0,0,0,0,0,0,0,0,0,0,0,0,0,0,0,0,0,0,0,0,0,0,0,0,0,0,0,0,0,0,0,0,0,0,0,0,0,0,0,0,0,0,0,0,0,0,0,0,0,0,0,0,0,0,0,0,0,0,0,0,0,0,0,0,0
AF-P32456-F1-model_v4,ten_percent_graphs/graph_AF-P32456-F1-model_v4.pt,ten_percent_voxels/voxel_AF-P32456-F1-model_v4.pt,P32456,1,1,0,1,1,0,0,0,0,0,0,1,0,0,0,0,0,1,0,0,0,0,0,0,0,0,0,0,1,1,0,0,0,0,0,0,0,0,0,0,1,0,0,0,0,0,0,0,0,0,0,0,0,0,1,0,0,0,0,0,0,0,0,0,0,0,1,0,0,0,0,0,0,0,0,0,0,0,0,0,0,0,0,0,0,0,0,0,0,0,0,1,0,0,0,0,0,0,0,0
AF-Q01726-F1-model_v4,ten_percent_graphs/graph_AF-Q01726-F1-model_v4.pt,ten_percent_voxels/voxel_AF-Q01726-F1-model_v4.pt,Q01726,0,0,1,1,0,0,0,0,0,0,0,0,0,0,0,0,0,0,0,0,0,1,0,0,0,0,0,0,0,0,0,0,0,0,0,0,0,0,0,0,0,0,0,0,0,0,0,0,0,0,0,0,0,0,0,0,0,0,0,0,0,0,0,0,0,0,0,0,1,0,0,0,0,0,0,0,0,0,0,0,0,0,0,0,0,0,0,0,0,0,0,0,0,0,0,0,0,0,0,0
AF-Q9UKK3-F1-model_v4,ten_percent_graphs/graph_AF-Q9UKK3-F1-model_v4.pt,ten_percent_voxels/voxel_AF-Q9UKK3-F1-model_v4.pt,Q9UKK3,1,1,0,1,1,1,0,0,1,0,0,0,0,0,0,0,0,0,0,0,0,0,1,0,0,0,0,0,0,0,0,0,0,0,0,0,0,0,0,0,0,0,0,0,0,0,0,0,0,0,0,0,0,0,0,0,0,0,0,0,0,1,0,1,0,0,0,0,0,0,0,0,0,0,0,0,0,0,0,0,0,0,0,0,1,0,1,0,0,0,0,0,0,0,0,0,1,0,0,0
AF-Q6PI97-F1-model_v4,ten_percent_graphs/graph_AF-Q6PI97-F1-model_v4.pt,ten_percent_voxels/voxel_AF-Q6PI97-F1-model_v4.pt,Q6PI97,0,0,0,1,0,0,0,0,0,0,0,0,0,0,0,0,0,0,0,0,0,0,0,0,0,0,0,0,0,0,0,0,0,0,0,0,0,0,0,0,0,0,0,0,0,0,0,0,0,0,0,0,0,0,0,0,0,0,0,0,0,0,0,0,0,0,0,0,0,0,0,0,0,0,0,0,0,0,0,0,0,0,1,0,0,0,0,0,0,0,0,0,0,1,1,0,0,0,0,0
AF-Q9H841-F1-model_v4,ten_percent_graphs/graph_AF-Q9H841-F1-model_v4.pt,ten_percent_voxels/voxel_AF-Q9H841-F1-model_v4.pt,Q9H841,0,0,0,0,0,1,0,0,0,0,0,0,0,0,0,0,0,0,0,0,0,0,0,0,0,0,0,0,0,0,0,0,0,0,0,0,0,0,0,0,0,0,0,0,0,0,0,0,0,0,0,0,0,0,0,0,0,0,0,0,0,0,0,0,0,0,0,0,0,0,0,0,0,0,0,0,0,0,0,0,0,0,0,0,0,0,0,0,0,0,0,0,0,0,0,0,0,0,0,0
AF-Q99798-F1-model_v4,ten_percent_graphs/graph_AF-Q99798-F1-model_v4.pt,ten_percent_voxels/voxel_AF-Q99798-F1-model_v4.pt,Q99798,0,1,0,0,0,0,0,0,0,0,1,0,0,0,0,0,0,0,0,0,0,0,0,0,0,0,0,0,0,0,0,0,0,0,0,0,0,0,1,0,0,0,0,0,0,0,0,0,0,0,0,0,0,0,0,0,0,0,0,0,0,0,0,0,0,0,0,0,0,0,0,0,0,0,0,0,0,0,0,0,0,0,0,0,0,0,0,0,0,0,0,0,0,0,0,0,0,0,0,0
AF-Q01201-F1-model_v4,ten_percent_graphs/graph_AF-Q01201-F1-model_v4.pt,ten_percent_voxels/voxel_AF-Q01201-F1-model_v4.pt,Q01201,1,1,0,1,1,0,0,0,0,0,0,1,0,0,0,1,0,0,1,0,1,1,0,0,0,0,0,0,0,0,0,0,0,0,1,1,1,0,0,0,0,0,0,0,0,0,1,0,0,0,0,0,0,0,0,0,0,0,0,0,0,0,1,1,0,0,0,0,0,0,0,0,1,0,0,0,0,0,0,0,0,0,0,0,0,0,0,0,0,0,0,0,0,0,0,0,0,0,0,0
AF-Q13228-F1-model_v4,ten_percent_graphs/graph_AF-Q13228-F1-model_v4.pt,ten_percent_voxels/voxel_AF-Q13228-F1-model_v4.pt,Q13228,0,1,0,0,0,1,0,1,1,0,0,0,0,0,0,0,0,0,0,0,0,0,0,0,0,1,0,0,0,0,0,0,0,0,0,0,0,0,0,0,0,0,0,0,0,0,0,0,0,0,0,0,0,0,0,0,0,0,0,0,0,0,0,0,0,0,0,0,0,0,0,0,0,0,0,0,0,0,0,0,0,0,0,0,0,0,0,0,0,0,0,0,0,0,0,0,0,0,0,0
AF-P05089-F1-model_v4,ten_percent_graphs/graph_AF-P05089-F1-model_v4.pt,ten_percent_voxels/voxel_AF-P05089-F1-model_v4.pt,P05089,1,1,0,1,0,0,0,1,0,1,0,0,0,0,0,0,0,0,0,0,0,0,0,0,0,0,0,0,0,0,0,0,0,0,0,1,0,0,0,0,0,0,0,0,0,0,0,0,0,0,0,0,0,0,0,0,0,0,0,0,0,0,0,0,0,0,0,0,0,0,0,0,0,0,0,0,0,0,0,0,0,0,0,0,0,0,0,0,0,0,0,0,0,0,0,0,0,0,0,0
AF-O60308-F1-model_v4,ten_percent_graphs/graph_AF-O60308-F1-model_v4.pt,ten_percent_voxels/voxel_AF-O60308-F1-model_v4.pt,O60308,0,0,0,1,0,0,0,0,0,0,0,0,0,0,0,0,0,0,0,0,0,0,0,0,0,0,0,0,0,0,0,0,0,0,0,0,1,0,0,0,0,0,0,0,0,0,0,0,0,0,0,0,0,0,0,0,0,0,0,0,0,0,0,0,0,0,0,0,0,0,0,0,0,0,0,0,0,0,0,0,0,0,0,0,0,0,0,0,0,0,0,0,0,0,1,0,0,0,0,0
AF-Q9ULI1-F1-model_v4,ten_percent_graphs/graph_AF-Q9ULI1-F1-model_v4.pt,ten_percent_voxels/voxel_AF-Q9ULI1-F1-model_v4.pt,Q9ULI1,0,0,0,0,0,0,0,0,0,0,0,0,0,0,0,0,0,0,0,0,0,0,0,0,0,0,0,0,0,0,0,0,0,0,0,0,0,0,0,0,0,0,0,0,0,0,0,0,0,0,0,0,0,0,0,0,0,0,0,0,0,0,0,0,0,0,0,0,0,0,0,0,1,0,0,0,0,0,0,0,0,0,0,0,0,0,0,0,0,0,0,0,0,0,0,0,0,0,0,0
AF-Q5VZ52-F1-model_v4,ten_percent_graphs/graph_AF-Q5VZ52-F1-model_v4.pt,ten_percent_voxels/voxel_AF-Q5VZ52-F1-model_v4.pt,Q5VZ52,0,0,0,0,0,0,0,0,0,0,0,0,0,0,0,0,0,0,0,0,0,0,0,0,0,0,0,0,0,0,0,0,0,0,0,0,0,0,0,0,0,0,0,0,0,0,0,0,0,0,0,0,0,0,0,0,0,0,0,0,0,0,0,0,0,0,0,0,0,0,0,0,0,0,0,0,0,0,0,0,0,0,0,0,0,0,0,0,0,0,0,0,0,0,0,0,0,0,0,0
AF-Q92630-F1-model_v4,ten_percent_graphs/graph_AF-Q92630-F1-model_v4.pt,ten_percent_voxels/voxel_AF-Q92630-F1-model_v4.pt,Q92630,1,1,0,1,1,0,0,0,0,0,0,0,0,0,1,0,0,0,0,0,0,0,0,0,0,0,0,0,0,0,0,0,0,0,0,0,0,0,0,0,0,0,0,0,0,0,0,0,0,0,0,0,0,0,0,0,0,0,0,0,1,1,0,0,0,0,0,0,0,0,0,0,0,0,0,0,0,0,0,0,0,0,0,0,0,0,0,0,0,0,0,0,0,0,0,0,1,0,0,0
AF-Q01523-F1-model_v4,ten_percent_graphs/graph_AF-Q01523-F1-model_v4.pt,ten_percent_voxels/voxel_AF-Q01523-F1-model_v4.pt,Q01523,0,0,0,0,0,0,0,1,0,1,0,0,0,0,0,0,0,0,0,0,0,0,0,0,0,0,1,0,1,0,0,0,0,0,0,1,0,0,0,0,0,0,0,0,0,0,0,0,0,0,0,0,0,0,0,0,0,0,0,0,0,0,0,0,0,0,0,0,0,0,0,0,0,0,0,0,0,0,0,0,0,0,0,0,0,0,0,0,0,0,0,0,0,0,0,0,0,0,0,0
AF-P57735-F1-model_v4,ten_percent_graphs/graph_AF-P57735-F1-model_v4.pt,ten_percent_voxels/voxel_AF-P57735-F1-model_v4.pt,P57735,0,0,1,0,0,0,0,0,1,0,0,0,0,0,0,0,0,1,0,0,0,0,0,0,0,0,0,0,0,0,0,0,0,0,0,0,0,0,0,0,0,0,0,0,0,0,0,0,0,0,0,0,0,0,0,0,0,0,0,0,0,0,0,0,1,0,1,0,0,0,0,0,0,0,0,0,0,0,0,0,0,0,0,0,0,0,0,0,0,0,0,1,0,0,0,0,0,0,0,0
AF-Q9Y4G6-F1-model_v4,ten_percent_graphs/graph_AF-Q9Y4G6-F1-model_v4.pt,ten_percent_voxels/voxel_AF-Q9Y4G6-F1-model_v4.pt,Q9Y4G6,0,0,1,1,0,0,0,0,0,0,0,0,0,0,0,0,0,0,0,0,0,0,0,0,0,0,0,0,0,0,0,0,0,0,0,0,0,0,0,0,0,0,0,0,0,0,0,0,0,0,1,0,0,0,0,0,0,1,0,0,0,0,0,0,0,0,0,0,0,0,0,0,1,0,0,0,0,0,0,0,0,0,0,0,0,0,0,0,0,0,0,0,0,0,0,0,0,0,0,0
AF-Q92959-F1-model_v4,ten_percent_graphs/graph_AF-Q92959-F1-model_v4.pt,ten_percent_voxels/voxel_AF-Q92959-F1-model_v4.pt,Q92959,0,0,1,0,0,1,0,0,0,0,0,0,0,0,0,0,0,0,0,0,0,0,0,0,0,0,0,0,0,0,0,0,0,0,0,0,0,0,0,0,0,0,0,0,0,0,0,0,0,0,0,0,0,0,0,0,0,0,0,0,0,0,0,0,0,0,0,0,0,0,0,0,0,0,0,0,0,0,0,0,0,0,0,0,0,0,0,0,0,0,1,0,0,0,0,0,0,0,0,1
AF-Q8NAG6-F1-model_v4,ten_percent_graphs/graph_AF-Q8NAG6-F1-model_v4.pt,ten_percent_voxels/voxel_AF-Q8NAG6-F1-model_v4.pt,Q8NAG6,0,1,0,1,1,0,0,0,0,0,0,0,0,0,0,0,0,0,0,0,0,0,0,0,0,0,0,0,0,0,0,0,0,0,0,0,0,0,0,0,0,0,0,0,0,0,0,0,0,0,0,0,0,0,0,0,0,0,0,0,0,1,0,0,0,0,0,0,0,0,0,0,0,0,0,0,0,0,0,0,0,0,0,0,0,0,0,0,0,0,0,0,0,0,0,0,0,0,0,0
AF-Q8N6Q8-F1-model_v4,ten_percent_graphs/graph_AF-Q8N6Q8-F1-model_v4.pt,ten_percent_voxels/voxel_AF-Q8N6Q8-F1-model_v4.pt,Q8N6Q8,0,0,0,0,0,0,0,0,0,0,0,0,0,0,0,0,0,0,0,0,0,0,0,0,0,0,0,0,0,0,0,0,0,0,0,0,0,0,0,0,0,0,0,0,0,0,0,0,0,0,0,0,0,0,0,0,0,0,0,0,0,0,0,0,0,0,0,0,0,0,0,0,0,0,0,0,0,0,0,0,0,0,0,0,0,0,0,0,0,0,0,0,0,0,0,0,0,0,0,0
AF-Q86W25-F1-model_v4,ten_percent_graphs/graph_AF-Q86W25-F1-model_v4.pt,ten_percent_voxels/voxel_AF-Q86W25-F1-model_v4.pt,Q86W25,0,0,0,1,0,0,0,0,0,0,0,0,0,0,1,0,0,0,0,0,0,0,0,0,0,0,0,0,0,0,0,0,0,0,0,0,0,0,0,0,0,0,0,0,0,0,0,0,0,0,0,0,0,0,0,0,0,0,0,0,0,0,0,0,0,0,0,0,0,0,0,0,0,0,0,0,0,0,0,0,0,0,0,0,0,0,0,0,0,0,0,0,0,0,0,0,0,0,0,0
AF-P08138-F1-model_v4,ten_percent_graphs/graph_AF-P08138-F1-model_v4.pt,ten_percent_voxels/voxel_AF-P08138-F1-model_v4.pt,P08138,0,1,1,0,1,1,0,0,0,1,0,0,0,0,0,0,0,0,0,0,0,0,0,0,0,0,0,0,0,0,0,0,1,0,0,0,0,0,0,0,0,0,0,0,0,0,0,0,0,0,0,0,0,0,0,0,0,0,0,0,0,0,0,0,0,0,0,0,0,0,0,0,0,0,0,0,0,0,0,1,0,0,0,0,0,0,0,0,0,0,0,0,0,0,0,0,0,0,0,0
AF-Q15034-F1-model_v4,ten_percent_graphs/graph_AF-Q15034-F1-model_v4.pt,ten_percent_voxels/voxel_AF-Q15034-F1-model_v4.pt,Q15034,0,0,0,1,0,0,0,0,0,0,0,0,0,0,0,0,0,0,0,0,0,0,0,0,0,0,0,0,0,0,0,0,0,0,0,0,0,0,0,0,0,0,0,0,0,0,0,1,0,0,0,0,0,0,0,0,0,0,0,0,0,0,0,0,0,0,0,0,0,0,0,0,0,0,0,0,0,0,0,0,0,0,0,1,0,0,0,0,0,0,0,0,0,0,0,0,0,0,0,0
AF-Q9H400-F1-model_v4,ten_percent_graphs/graph_AF-Q9H400-F1-model_v4.pt,ten_percent_voxels/voxel_AF-Q9H400-F1-model_v4.pt,Q9H400,0,0,0,0,0,0,0,1,0,0,0,0,1,0,0,0,0,0,0,0,0,0,0,0,0,0,0,0,0,0,0,0,0,0,0,0,0,0,0,0,0,0,0,0,0,0,0,0,0,0,0,0,0,0,0,0,0,0,0,0,0,0,1,0,0,0,0,0,0,0,0,0,0,0,0,0,0,0,0,0,0,0,0,0,0,0,0,0,0,0,0,0,0,0,0,0,0,0,0,0
AF-P60709-F1-model_v4,ten_percent_graphs/graph_AF-P60709-F1-model_v4.pt,ten_percent_voxels/voxel_AF-P60709-F1-model_v4.pt,P60709,1,1,1,1,1,1,0,1,1,0,0,1,1,0,1,0,0,0,1,0,0,0,0,0,0,0,0,0,0,0,0,1,0,0,1,0,0,0,0,1,0,0,0,0,0,0,0,0,0,0,0,0,0,0,0,0,0,1,0,0,1,0,1,0,1,0,0,0,0,0,0,0,1,0,1,0,0,0,0,0,0,0,0,0,0,0,0,0,0,0,0,0,0,0,0,1,1,0,0,0
AF-Q13427-F1-model_v4,ten_percent_graphs/graph_AF-Q13427-F1-model_v4.pt,ten_percent_voxels/voxel_AF-Q13427-F1-model_v4.pt,Q13427,1,1,0,1,1,0,0,0,0,0,1,0,0,1,0,0,0,0,0,0,0,0,0,0,0,0,0,0,0,0,0,0,0,0,0,0,0,0,0,0,0,0,0,0,0,0,0,0,0,0,0,0,0,0,0,0,0,0,0,0,0,0,0,0,0,0,0,0,0,1,0,0,0,0,0,0,0,0,0,0,0,0,0,0,0,0,0,0,0,0,0,0,0,0,0,0,0,0,0,0
AF-Q92874-F1-model_v4,ten_percent_graphs/graph_AF-Q92874-F1-model_v4.pt,ten_percent_voxels/voxel_AF-Q92874-F1-model_v4.pt,Q92874,1,0,0,1,0,0,0,0,0,1,0,0,0,0,0,0,0,0,0,0,0,0,1,0,0,0,0,1,0,0,0,0,0,0,0,0,0,0,0,0,0,0,0,0,0,0,0,0,0,0,0,0,0,0,0,0,0,0,0,0,0,0,0,0,0,0,0,0,0,0,0,0,0,0,0,0,0,0,0,0,0,0,0,0,0,0,0,0,0,0,0,0,0,0,0,0,0,0,0,0
AF-O60225-F1-model_v4,ten_percent_graphs/graph_AF-O60225-F1-model_v4.pt,ten_percent_voxels/voxel_AF-O60225-F1-model_v4.pt,O60225,1,0,0,0,0,0,0,0,0,0,0,0,0,0,0,0,0,0,0,0,0,0,0,0,0,0,0,0,0,0,0,0,0,0,0,0,0,0,0,0,0,1,0,0,0,0,0,0,0,0,0,0,0,0,0,0,0,0,0,0,0,0,0,0,0,0,0,0,0,0,0,0,0,0,0,0,0,0,0,0,0,0,0,0,0,0,0,0,0,0,0,0,0,0,0,0,0,0,0,0
AF-A6NIH7-F1-model_v4,ten_percent_graphs/graph_AF-A6NIH7-F1-model_v4.pt,ten_percent_voxels/voxel_AF-A6NIH7-F1-model_v4.pt,A6NIH7,0,1,0,0,0,0,0,0,0,0,0,0,0,0,0,0,0,0,0,0,0,0,0,0,0,0,0,0,0,0,0,0,0,0,0,0,0,0,0,0,0,0,0,0,0,0,0,0,0,0,0,0,0,0,0,0,0,0,0,0,0,0,0,0,0,0,0,0,0,0,0,0,0,0,0,1,0,0,0,0,0,0,0,0,0,0,0,0,0,0,0,0,0,1,1,0,0,0,0,0
AF-Q9GZQ4-F1-model_v4,ten_percent_graphs/graph_AF-Q9GZQ4-F1-model_v4.pt,ten_percent_voxels/voxel_AF-Q9GZQ4-F1-model_v4.pt,Q9GZQ4,0,0,1,0,0,1,0,0,0,0,0,0,0,0,0,0,0,0,0,0,0,0,0,0,0,0,0,0,0,0,0,0,0,0,0,0,0,0,0,0,0,0,0,0,0,0,0,0,0,0,0,0,0,0,0,0,0,0,1,0,0,0,0,0,0,0,1,0,0,0,0,0,0,0,0,0,0,0,0,0,0,0,0,0,0,0,0,0,0,0,0,0,0,0,0,0,0,0,0,0
AF-P0CG32-F1-model_v4,ten_percent_graphs/graph_AF-P0CG32-F1-model_v4.pt,ten_percent_voxels/voxel_AF-P0CG32-F1-model_v4.pt,P0CG32,1,0,0,0,0,0,1,0,0,0,0,0,0,0,0,0,0,0,0,0,0,0,0,0,0,0,0,0,0,0,0,0,0,0,0,0,0,0,0,0,0,0,0,0,0,0,0,0,0,0,0,0,0,0,0,0,0,0,0,0,0,0,0,0,0,0,0,0,0,0,0,0,0,0,0,0,0,0,0,0,0,0,0,0,0,0,0,0,0,0,0,0,0,0,0,0,0,0,0,0
AF-A6NLJ0-F1-model_v4,ten_percent_graphs/graph_AF-A6NLJ0-F1-model_v4.pt,ten_percent_voxels/voxel_AF-A6NLJ0-F1-model_v4.pt,A6NLJ0,1,0,0,0,0,0,0,0,0,0,0,0,0,0,0,0,0,0,0,0,0,0,0,0,0,0,0,0,0,0,0,0,0,0,0,0,0,0,0,0,0,0,0,0,0,0,0,0,0,0,0,0,0,0,0,0,0,0,0,0,0,0,0,0,0,0,0,0,0,0,0,0,0,0,0,0,0,0,0,0,0,0,0,0,0,0,0,0,0,0,0,0,0,0,0,0,0,0,0,0
AF-P18085-F1-model_v4,ten_percent_graphs/graph_AF-P18085-F1-model_v4.pt,ten_percent_voxels/voxel_AF-P18085-F1-model_v4.pt,P18085,0,1,1,0,0,1,0,0,1,0,0,0,0,0,0,0,0,0,0,0,0,1,0,0,0,0,0,0,0,1,0,1,0,0,0,0,0,0,0,0,0,0,0,0,0,0,0,0,0,0,0,0,0,0,0,0,1,0,0,0,0,0,0,0,0,0,1,0,0,0,0,0,0,0,0,0,0,0,0,0,0,0,0,0,0,0,0,0,0,0,0,1,0,1,0,0,0,0,0,0
AF-Q9NVV9-F1-model_v4,ten_percent_graphs/graph_AF-Q9NVV9-F1-model_v4.pt,ten_percent_voxels/voxel_AF-Q9NVV9-F1-model_v4.pt,Q9NVV9,1,0,0,0,1,0,0,0,0,0,0,1,1,0,0,1,0,0,1,0,1,0,0,0,1,0,1,0,1,0,1,0,0,0,0,0,0,0,0,0,0,1,0,0,0,0,0,0,0,1,0,0,0,0,0,0,0,0,0,0,0,0,0,0,0,0,0,0,0,0,0,0,0,0,0,0,0,1,0,0,0,0,0,0,0,0,0,0,0,0,0,0,1,0,0,0,0,0,0,0
AF-O60882-F1-model_v4,ten_percent_graphs/graph_AF-O60882-F1-model_v4.pt,ten_percent_voxels/voxel_AF-O60882-F1-model_v4.pt,O60882,0,0,0,0,0,0,0,1,0,1,0,0,0,0,0,0,0,0,0,0,0,0,0,0,0,0,0,0,0,0,1,0,0,0,0,0,0,0,0,0,0,0,0,0,1,0,0,0,0,0,0,0,0,0,0,0,0,0,0,0,0,0,0,0,0,0,0,0,0,0,0,0,0,0,0,0,0,0,0,0,0,0,0,0,0,0,0,0,0,0,0,0,0,0,0,0,0,0,0,0
AF-O43623-F1-model_v4,ten_percent_graphs/graph_AF-O43623-F1-model_v4.pt,ten_percent_voxels/voxel_AF-O43623-F1-model_v4.pt,O43623,1,0,0,1,1,0,1,0,0,0,0,0,0,0,0,1,0,0,1,0,1,0,0,0,1,0,0,0,0,0,0,0,0,0,0,0,0,1,0,0,0,1,0,0,0,1,0,0,0,0,0,0,0,1,0,0,0,0,0,0,0,0,0,0,0,0,0,0,0,0,0,0,0,0,0,0,0,1,0,0,0,0,0,0,0,0,0,0,0,0,0,0,1,0,0,0,0,0,0,0
AF-Q15119-F1-model_v4,ten_percent_graphs/graph_AF-Q15119-F1-model_v4.pt,ten_percent_voxels/voxel_AF-Q15119-F1-model_v4.pt,Q15119,0,1,0,0,1,0,0,0,0,0,1,0,0,0,1,0,0,0,0,0,0,0,0,0,0,0,0,0,1,0,0,0,0,0,0,0,0,0,1,0,0,0,0,0,0,0,0,0,0,0,0,0,0,0,0,0,0,0,0,0,0,0,0,0,0,0,0,0,0,0,0,0,0,0,0,0,0,0,0,0,0,0,0,0,0,0,0,0,0,0,0,0,0,0,0,0,0,0,0,0
AF-O43304-F1-model_v4,ten_percent_graphs/graph_AF-O43304-F1-model_v4.pt,ten_percent_voxels/voxel_AF-O43304-F1-model_v4.pt,O43304,0,0,0,1,0,0,0,0,0,0,0,0,0,0,0,0,0,0,0,0,0,0,0,0,0,0,0,0,0,0,0,0,0,0,0,0,0,0,0,0,0,0,0,0,0,0,0,0,0,0,0,0,0,0,0,0,0,0,0,0,0,0,0,0,0,0,0,0,0,0,0,0,0,0,0,0,0,0,0,0,0,0,0,0,0,0,0,0,0,0,0,0,0,0,0,0,0,0,0,0
AF-Q8IZC4-F1-model_v4,ten_percent_graphs/graph_AF-Q8IZC4-F1-model_v4.pt,ten_percent_voxels/voxel_AF-Q8IZC4-F1-model_v4.pt,Q8IZC4,1,0,1,1,0,0,0,0,0,0,0,0,0,0,0,0,0,0,0,0,0,0,0,1,0,0,0,0,0,0,0,0,0,0,0,0,0,0,0,0,0,0,0,0,0,0,0,0,0,0,0,0,0,0,0,0,0,0,0,0,0,0,0,0,1,0,0,0,0,0,0,0,0,0,0,0,0,0,0,0,0,0,0,0,0,0,0,0,0,0,0,0,0,0,0,0,0,0,0,0
AF-Q9BYN0-F1-model_v4,ten_percent_graphs/graph_AF-Q9BYN0-F1-model_v4.pt,ten_percent_voxels/voxel_AF-Q9BYN0-F1-model_v4.pt,Q9BYN0,0,1,0,1,0,0,0,0,0,0,0,0,0,0,1,0,0,0,0,1,0,0,0,0,0,0,0,0,0,0,0,0,0,0,0,0,0,0,0,0,0,0,0,0,0,0,0,0,0,0,0,0,0,0,0,0,0,0,0,0,0,0,0,0,0,0,0,0,0,0,0,0,0,0,0,0,0,0,0,0,0,0,0,0,0,0,0,0,0,0,0,0,0,0,0,0,0,0,0,0
AF-Q9UHG2-F1-model_v4,ten_percent_graphs/graph_AF-Q9UHG2-F1-model_v4.pt,ten_percent_voxels/voxel_AF-Q9UHG2-F1-model_v4.pt,Q9UHG2,0,0,0,0,0,0,0,1,0,0,0,0,0,0,0,0,0,0,0,0,0,0,0,0,0,0,0,0,0,0,0,0,0,0,0,0,0,0,0,0,0,0,0,1,0,0,0,0,0,0,0,0,0,0,0,0,0,0,0,0,0,0,0,0,0,0,0,0,0,0,0,0,0,0,0,0,0,0,0,0,0,0,0,0,0,0,0,0,0,0,0,0,0,0,0,0,0,0,0,0
AF-Q99459-F1-model_v4,ten_percent_graphs/graph_AF-Q99459-F1-model_v4.pt,ten_percent_voxels/voxel_AF-Q99459-F1-model_v4.pt,Q99459,1,0,0,1,1,1,0,0,0,0,0,1,1,1,0,1,0,0,0,0,0,1,1,0,0,0,0,0,0,0,0,0,0,0,0,0,0,0,0,0,0,0,0,0,0,0,0,0,1,0,0,0,0,1,0,0,0,0,0,0,0,0,0,0,0,0,0,0,0,1,0,0,0,0,0,0,0,0,0,0,0,0,0,0,1,0,0,0,0,0,0,0,0,0,0,0,0,0,0,0
AF-P18827-F1-model_v4,ten_percent_graphs/graph_AF-P18827-F1-model_v4.pt,ten_percent_voxels/voxel_AF-P18827-F1-model_v4.pt,P18827,0,0,1,0,0,0,0,0,1,0,0,1,0,0,0,0,0,0,0,0,0,0,0,0,0,0,0,0,0,0,0,0,1,0,1,0,0,0,0,0,0,0,1,0,0,0,0,0,0,0,0,0,0,0,0,0,0,0,0,0,0,0,0,0,0,0,0,0,0,0,0,0,0,0,0,0,0,0,0,0,0,0,0,0,0,0,0,0,0,0,0,0,0,0,0,0,0,0,0,0
AF-Q99935-F1-model_v4,ten_percent_graphs/graph_AF-Q99935-F1-model_v4.pt,ten_percent_voxels/voxel_AF-Q99935-F1-model_v4.pt,Q99935,0,0,0,0,0,0,0,1,0,1,0,0,0,0,0,0,0,0,0,0,0,0,0,0,0,0,0,0,0,0,0,0,0,0,0,0,0,0,0,0,0,0,0,0,0,0,0,0,0,0,0,0,0,0,0,0,0,0,0,0,0,0,0,0,0,0,0,0,0,0,0,0,0,0,0,0,0,0,0,0,0,0,0,0,0,0,0,0,0,0,0,0,0,0,0,0,0,0,0,0
AF-Q6ZRS4-F1-model_v4,ten_percent_graphs/graph_AF-Q6ZRS4-F1-model_v4.pt,ten_percent_voxels/voxel_AF-Q6ZRS4-F1-model_v4.pt,Q6ZRS4,0,0,0,0,0,0,0,0,0,0,0,0,0,0,0,0,0,0,0,0,0,0,0,0,0,0,0,0,0,0,0,0,0,0,0,0,0,0,0,0,0,0,0,1,0,0,0,0,0,0,0,0,0,0,0,0,0,0,0,0,0,0,0,0,0,0,0,0,0,0,0,0,0,0,0,0,0,0,0,0,0,0,0,0,0,0,0,0,0,0,0,0,0,0,0,0,0,0,0,0
AF-B9A6J2-F1-model_v4,ten_percent_graphs/graph_AF-B9A6J2-F1-model_v4.pt,ten_percent_voxels/voxel_AF-B9A6J2-F1-model_v4.pt,B9A6J2,0,0,0,0,0,0,0,0,0,0,0,0,0,0,0,0,1,0,0,0,0,0,0,0,0,0,0,0,0,0,0,0,0,0,0,0,0,0,0,0,0,0,0,0,0,0,0,0,0,0,0,0,0,0,0,0,0,0,0,0,0,0,0,0,0,0,0,0,0,0,0,0,0,0,0,0,0,0,0,0,0,0,0,0,0,0,0,0,0,1,0,0,0,0,0,0,0,0,0,0
AF-Q03395-F1-model_v4,ten_percent_graphs/graph_AF-Q03395-F1-model_v4.pt,ten_percent_voxels/voxel_AF-Q03395-F1-model_v4.pt,Q03395,0,0,1,0,0,0,0,0,0,0,0,0,0,0,0,0,0,0,0,0,0,0,0,0,0,0,0,0,1,0,0,0,0,0,0,0,0,0,0,0,0,0,0,0,0,0,0,0,0,0,1,0,0,0,0,0,0,0,0,0,0,0,0,0,0,0,0,0,0,0,0,0,0,0,0,0,0,0,0,0,0,0,0,0,0,0,0,0,0,0,0,0,0,0,0,0,0,0,0,0
AF-Q68J44-F1-model_v4,ten_percent_graphs/graph_AF-Q68J44-F1-model_v4.pt,ten_percent_voxels/voxel_AF-Q68J44-F1-model_v4.pt,Q68J44,1,0,0,1,0,0,0,0,0,0,0,0,0,0,0,0,0,0,0,0,0,0,0,0,0,0,0,0,1,0,0,0,0,0,1,0,0,0,0,0,0,0,0,0,0,0,0,0,0,0,0,0,0,0,0,0,0,0,0,0,0,0,0,0,0,0,0,0,0,0,0,0,0,0,0,0,0,0,0,0,0,0,0,0,0,0,0,0,0,0,0,0,0,0,0,0,0,0,0,0
AF-Q9H322-F1-model_v4,ten_percent_graphs/graph_AF-Q9H322-F1-model_v4.pt,ten_percent_voxels/voxel_AF-Q9H322-F1-model_v4.pt,Q9H322,0,0,0,0,0,0,0,0,0,0,0,0,0,0,0,0,0,0,0,0,0,0,0,0,0,0,0,0,0,0,0,0,0,0,0,0,0,0,0,0,0,0,0,0,0,0,0,0,0,0,0,0,0,0,0,0,0,0,0,0,0,0,0,0,0,0,0,0,0,0,0,0,0,0,0,0,0,0,0,0,0,0,0,0,0,0,0,0,1,0,0,0,0,0,0,0,0,0,0,0
AF-Q6E213-F1-model_v4,ten_percent_graphs/graph_AF-Q6E213-F1-model_v4.pt,ten_percent_voxels/voxel_AF-Q6E213-F1-model_v4.pt,Q6E213,0,0,0,0,0,0,0,0,0,0,0,0,0,0,0,0,0,0,0,1,0,0,0,0,0,0,0,0,0,0,0,0,0,0,0,0,0,0,0,0,0,0,0,0,0,0,0,0,0,0,0,0,0,0,0,0,0,0,0,0,0,0,0,0,0,0,0,0,0,0,0,0,0,0,0,0,0,0,0,0,0,0,0,0,0,0,0,0,0,0,0,0,0,0,0,0,0,0,0,0
AF-Q9Y2G9-F1-model_v4,ten_percent_graphs/graph_AF-Q9Y2G9-F1-model_v4.pt,ten_percent_voxels/voxel_AF-Q9Y2G9-F1-model_v4.pt,Q9Y2G9,1,0,0,0,0,0,0,0,0,0,0,0,0,0,0,0,0,0,0,0,0,1,0,0,0,0,0,0,0,0,0,0,0,0,0,0,0,0,0,0,0,0,0,0,0,0,1,0,0,0,0,0,0,0,0,0,0,0,0,0,0,0,0,0,0,0,0,0,0,0,0,0,0,0,0,0,0,0,0,0,0,0,0,0,0,0,0,0,0,0,0,0,0,0,0,0,0,0,0,0
AF-Q9NQZ2-F1-model_v4,ten_percent_graphs/graph_AF-Q9NQZ2-F1-model_v4.pt,ten_percent_voxels/voxel_AF-Q9NQZ2-F1-model_v4.pt,Q9NQZ2,1,0,0,0,1,0,0,0,0,0,0,0,0,1,0,0,0,0,0,0,0,0,0,0,0,1,0,0,0,0,0,0,0,0,0,0,0,0,0,0,0,0,0,0,0,0,0,0,0,0,0,0,0,0,0,0,0,0,0,0,0,0,0,0,0,0,0,0,0,0,0,0,0,0,0,0,0,0,0,0,0,0,0,0,0,0,0,0,1,0,0,0,0,0,0,0,0,0,0,0
AF-Q49A92-F1-model_v4,ten_percent_graphs/graph_AF-Q49A92-F1-model_v4.pt,ten_percent_voxels/voxel_AF-Q49A92-F1-model_v4.pt,Q49A92,0,0,0,0,0,0,0,0,0,0,0,0,0,0,0,0,0,0,0,0,0,0,0,0,0,0,0,0,0,0,0,0,0,0,0,0,0,0,0,0,0,0,0,0,0,0,0,0,0,0,0,0,0,0,0,0,0,0,0,0,0,0,0,0,0,0,0,0,0,0,0,0,0,0,0,0,0,0,0,0,0,0,0,0,0,0,0,0,0,0,0,0,0,0,0,0,0,0,0,0
AF-Q5T1Q4-F1-model_v4,ten_percent_graphs/graph_AF-Q5T1Q4-F1-model_v4.pt,ten_percent_voxels/voxel_AF-Q5T1Q4-F1-model_v4.pt,Q5T1Q4,0,0,0,0,0,0,0,0,0,0,0,0,0,0,0,0,0,0,0,0,0,0,0,0,0,0,0,0,0,0,0,0,0,0,0,0,0,0,0,0,0,0,0,0,0,0,0,0,0,0,0,0,0,0,0,0,0,0,0,0,0,0,0,0,0,0,0,0,0,0,0,0,0,0,0,0,0,0,0,0,0,0,0,0,0,0,0,0,0,0,0,0,0,0,0,0,0,0,0,0
AF-Q9H0W7-F1-model_v4,ten_percent_graphs/graph_AF-Q9H0W7-F1-model_v4.pt,ten_percent_voxels/voxel_AF-Q9H0W7-F1-model_v4.pt,Q9H0W7,1,0,0,0,0,0,1,0,0,0,0,0,0,0,0,0,0,0,0,0,0,0,1,0,0,1,0,0,0,0,0,0,0,0,0,0,0,0,0,0,0,0,0,0,0,0,0,0,0,0,0,0,0,0,0,0,0,0,0,0,0,0,0,0,0,0,0,0,0,0,0,0,0,0,0,0,0,0,0,0,0,0,0,0,0,0,0,0,0,0,0,0,0,0,0,0,0,0,0,0
AF-Q8NGI0-F1-model_v4,ten_percent_graphs/graph_AF-Q8NGI0-F1-model_v4.pt,ten_percent_voxels/voxel_AF-Q8NGI0-F1-model_v4.pt,Q8NGI0,0,0,1,0,0,0,0,0,0,0,0,0,0,0,0,0,0,0,0,0,0,0,0,0,0,0,0,0,0,0,0,0,0,0,0,0,0,0,0,0,0,0,0,0,0,0,0,0,0,0,0,0,0,0,0,0,0,0,1,0,0,0,0,0,0,0,0,0,0,0,0,0,0,0,0,0,0,0,0,0,0,0,0,0,0,0,0,0,0,0,0,0,0,0,0,0,0,0,0,0
AF-Q7Z6Z6-F1-model_v4,ten_percent_graphs/graph_AF-Q7Z6Z6-F1-model_v4.pt,ten_percent_voxels/voxel_AF-Q7Z6Z6-F1-model_v4.pt,Q7Z6Z6,0,1,0,1,0,1,0,0,0,0,0,0,0,0,0,0,0,0,0,0,0,0,0,0,0,0,0,0,0,0,0,0,0,0,0,0,0,0,0,0,0,0,0,0,0,0,0,0,0,0,0,0,0,0,0,0,0,0,0,0,0,0,0,0,0,0,0,0,0,0,0,0,0,0,0,0,0,0,0,0,0,0,0,0,0,0,0,0,0,0,0,0,0,0,0,0,0,0,0,0
AF-P48553-F1-model_v4,ten_percent_graphs/graph_AF-P48553-F1-model_v4.pt,ten_percent_voxels/voxel_AF-P48553-F1-model_v4.pt,P48553,0,1,0,1,0,0,0,0,0,0,0,0,0,0,0,0,0,0,0,0,0,0,0,0,0,0,0,0,0,0,0,0,0,0,0,0,0,0,0,0,0,0,0,0,0,0,0,0,0,0,0,0,0,0,0,0,0,0,0,0,0,0,0,0,0,0,0,0,0,0,0,0,0,0,0,0,0,0,0,0,0,0,0,0,0,0,0,0,0,0,0,0,0,0,0,0,0,0,0,0
AF-A8K5I0-F1-model_v4,ten_percent_graphs/graph_AF-A8K5I0-F1-model_v4.pt,ten_percent_voxels/voxel_AF-A8K5I0-F1-model_v4.pt,A8K5I0,0,0,0,1,0,0,0,0,0,0,0,0,0,0,1,0,0,0,0,0,0,0,0,0,0,0,0,0,0,0,0,0,0,0,0,0,1,0,0,0,0,0,0,0,0,0,0,0,0,0,0,0,0,0,0,0,0,0,0,0,0,0,0,0,0,0,0,0,0,0,0,0,0,0,0,0,0,0,0,0,0,0,0,0,0,0,0,0,0,0,0,0,0,0,0,0,0,0,0,0
AF-A8K5I0-F1-model_v4,ten_percent_graphs/graph_AF-A8K5I0-F1-model_v4.pt,ten_percent_voxels/voxel_AF-A8K5I0-F1-model_v4.pt,A8K5I0,0,0,0,1,0,0,0,0,0,0,0,0,0,0,1,0,0,0,0,0,0,0,0,0,0,0,0,0,0,0,0,0,0,0,0,0,1,0,0,0,0,0,0,0,0,0,0,0,0,0,0,0,0,0,0,0,0,0,0,0,0,0,0,0,0,0,0,0,0,0,0,0,0,0,0,0,0,0,0,0,0,0,0,0,0,0,0,0,0,0,0,0,0,0,0,0,0,0,0,0
AF-Q13418-F1-model_v4,ten_percent_graphs/graph_AF-Q13418-F1-model_v4.pt,ten_percent_voxels/voxel_AF-Q13418-F1-model_v4.pt,Q13418,1,1,1,1,0,1,0,0,0,0,0,0,0,0,1,0,0,0,1,0,0,0,0,0,0,0,0,0,0,0,0,0,0,1,0,0,1,0,0,1,0,0,0,1,0,0,0,0,0,0,0,0,0,0,0,0,0,1,0,0,0,0,1,0,1,0,0,0,0,0,0,0,0,0,0,0,0,0,0,0,0,0,0,0,0,0,0,0,0,0,0,0,0,0,0,0,0,0,0,0
AF-P62241-F1-model_v4,ten_percent_graphs/graph_AF-P62241-F1-model_v4.pt,ten_percent_voxels/voxel_AF-P62241-F1-model_v4.pt,P62241,1,1,0,1,1,1,0,0,1,0,0,0,0,1,0,0,1,0,0,0,0,0,0,0,0,1,0,0,0,0,0,0,0,0,0,0,0,0,0,0,0,0,0,0,0,0,0,0,0,0,0,0,0,0,0,0,0,1,0,0,0,0,0,0,0,0,0,0,0,0,0,0,0,0,0,0,0,0,0,0,0,0,0,0,0,0,0,0,0,0,0,0,0,0,0,0,1,0,0,0
AF-Q6PJ69-F1-model_v4,ten_percent_graphs/graph_AF-Q6PJ69-F1-model_v4.pt,ten_percent_voxels/voxel_AF-Q6PJ69-F1-model_v4.pt,Q6PJ69,0,1,0,1,1,0,0,0,0,0,0,0,0,0,0,0,0,0,0,0,0,0,0,0,0,0,0,0,0,0,1,0,0,0,0,0,0,0,0,0,0,0,0,0,0,0,0,0,0,0,0,0,0,0,0,0,0,0,0,0,0,0,0,0,0,0,0,0,0,0,0,0,0,0,0,0,0,0,0,0,0,0,0,1,0,0,0,0,0,0,0,0,0,0,0,0,0,0,0,0
AF-P51957-F1-model_v4,ten_percent_graphs/graph_AF-P51957-F1-model_v4.pt,ten_percent_voxels/voxel_AF-P51957-F1-model_v4.pt,P51957,0,1,0,1,0,0,0,0,0,0,0,0,0,0,1,0,0,0,0,0,0,0,0,0,0,0,0,0,0,0,0,0,0,0,0,0,0,0,0,1,0,0,0,0,0,0,0,0,0,0,0,0,0,0,0,0,0,0,0,1,0,1,0,0,0,0,0,0,0,0,0,0,0,0,0,0,0,0,0,0,0,0,0,0,0,0,0,0,0,0,0,0,0,0,0,0,0,0,0,0
AF-Q99466-F1-model_v4,ten_percent_graphs/graph_AF-Q99466-F1-model_v4.pt,ten_percent_voxels/voxel_AF-Q99466-F1-model_v4.pt,Q99466,1,1,1,0,1,0,0,0,0,1,0,0,0,0,0,0,0,0,0,1,0,1,0,0,1,0,0,1,0,1,0,0,1,1,0,0,0,0,0,1,0,0,0,0,0,0,0,0,1,0,0,0,0,0,0,0,0,0,0,0,0,0,0,0,0,0,0,0,0,0,0,0,0,0,0,0,0,0,0,0,0,0,0,0,0,0,0,0,0,0,0,0,0,0,0,0,0,0,0,0
AF-Q8WTV1-F1-model_v4,ten_percent_graphs/graph_AF-Q8WTV1-F1-model_v4.pt,ten_percent_voxels/voxel_AF-Q8WTV1-F1-model_v4.pt,Q8WTV1,0,0,0,0,0,0,1,0,0,0,0,0,0,0,0,0,0,0,0,0,0,1,1,0,0,0,0,0,0,0,0,0,0,0,0,0,0,0,0,0,0,0,0,0,0,0,0,0,0,0,0,0,0,0,0,0,0,0,0,0,0,0,0,0,0,0,0,0,0,0,0,0,0,0,0,0,0,0,0,0,0,0,0,0,0,0,0,0,0,0,0,0,0,0,0,0,0,0,0,0
AF-P36888-F1-model_v4,ten_percent_graphs/graph_AF-P36888-F1-model_v4.pt,ten_percent_voxels/voxel_AF-P36888-F1-model_v4.pt,P36888,0,0,1,0,0,0,0,0,0,0,0,0,0,0,1,0,1,0,0,0,0,0,0,0,0,0,0,0,0,0,0,0,0,0,0,0,0,0,0,0,0,0,0,0,0,0,0,0,0,0,0,0,1,0,0,0,0,0,0,0,0,0,0,0,1,0,0,0,0,0,0,0,0,0,0,0,0,0,0,0,0,0,0,0,0,0,0,0,0,0,0,0,0,0,0,0,0,0,0,0
AF-Q96LC9-F1-model_v4,ten_percent_graphs/graph_AF-Q96LC9-F1-model_v4.pt,ten_percent_voxels/voxel_AF-Q96LC9-F1-model_v4.pt,Q96LC9,0,1,1,0,0,0,0,0,0,0,0,0,0,0,0,0,0,0,0,0,0,0,0,0,0,0,0,0,0,0,0,0,0,0,0,0,0,0,0,0,0,0,0,0,0,0,0,0,0,0,0,0,0,0,0,0,0,0,0,0,0,0,0,0,0,0,0,0,0,0,0,0,0,0,0,0,0,0,0,0,0,0,0,0,0,0,0,0,0,0,0,0,0,0,0,0,0,0,1,0
AF-P07327-F1-model_v4,ten_percent_graphs/graph_AF-P07327-F1-model_v4.pt,ten_percent_voxels/voxel_AF-P07327-F1-model_v4.pt,P07327,0,1,1,0,1,0,0,0,0,0,0,0,0,0,0,0,0,0,0,0,0,0,0,0,0,0,0,0,0,0,1,0,0,0,0,0,0,0,0,0,0,0,0,0,0,0,0,0,0,0,0,0,0,0,0,0,0,0,0,0,0,0,0,0,0,0,0,0,0,0,0,0,0,0,0,0,0,0,0,0,0,0,0,0,0,0,0,0,0,0,0,0,0,0,0,0,0,0,0,0
AF-Q15126-F1-model_v4,ten_percent_graphs/graph_AF-Q15126-F1-model_v4.pt,ten_percent_voxels/voxel_AF-Q15126-F1-model_v4.pt,Q15126,0,1,0,0,0,1,0,0,1,0,0,0,0,0,1,0,0,0,0,0,0,0,0,0,0,0,0,0,0,0,0,0,0,0,0,0,0,0,0,0,0,0,0,0,0,0,0,0,0,0,0,0,0,0,0,0,0,0,0,0,0,0,0,0,0,0,0,0,0,0,0,0,0,0,0,0,0,0,0,0,0,0,0,0,0,0,0,0,0,0,0,0,0,0,0,0,0,0,0,0
AF-Q9H2Z4-F1-model_v4,ten_percent_graphs/graph_AF-Q9H2Z4-F1-model_v4.pt,ten_percent_voxels/voxel_AF-Q9H2Z4-F1-model_v4.pt,Q9H2Z4,1,0,0,0,0,0,0,0,0,0,0,0,1,0,0,1,0,0,1,0,1,0,0,0,0,0,0,0,0,0,0,0,0,1,0,0,0,0,0,0,0,0,0,0,0,0,0,0,0,0,0,0,0,0,0,0,0,0,0,0,0,0,0,0,0,0,0,0,0,0,0,0,0,0,0,0,0,0,0,0,0,0,0,0,0,0,0,0,0,0,0,0,0,0,0,0,0,0,0,0
AF-Q9H7X3-F1-model_v4,ten_percent_graphs/graph_AF-Q9H7X3-F1-model_v4.pt,ten_percent_voxels/voxel_AF-Q9H7X3-F1-model_v4.pt,Q9H7X3,1,0,0,0,0,0,1,0,0,0,0,0,1,0,0,1,0,0,0,0,0,0,0,0,0,0,0,0,0,0,0,0,0,0,0,0,0,0,0,0,0,0,0,0,0,0,0,0,0,0,0,0,0,1,0,0,0,0,0,0,0,0,0,0,0,0,0,0,0,0,0,0,0,0,0,0,0,0,0,0,0,0,0,0,0,0,0,0,0,0,0,0,0,0,0,0,0,0,0,0
AF-Q14CX7-F1-model_v4,ten_percent_graphs/graph_AF-Q14CX7-F1-model_v4.pt,ten_percent_voxels/voxel_AF-Q14CX7-F1-model_v4.pt,Q14CX7,0,1,0,1,0,0,0,0,0,0,0,0,0,0,0,0,0,1,0,0,0,0,0,0,0,0,0,0,0,0,0,0,0,0,0,0,0,0,0,0,0,0,0,0,0,0,0,0,0,0,0,0,0,0,0,0,0,0,0,0,0,0,0,0,0,0,0,0,0,0,0,0,0,0,0,0,0,0,0,0,0,0,0,0,0,0,0,0,0,0,0,0,0,0,0,0,0,0,0,0
AF-Q7Z3U7-F1-model_v4,ten_percent_graphs/graph_AF-Q7Z3U7-F1-model_v4.pt,ten_percent_voxels/voxel_AF-Q7Z3U7-F1-model_v4.pt,Q7Z3U7,0,1,0,0,0,0,0,0,1,0,0,0,0,0,0,0,0,0,0,0,0,0,0,0,0,0,0,0,0,0,0,0,0,0,0,0,0,0,0,0,0,0,0,0,0,0,0,0,0,0,0,0,0,0,0,0,0,0,0,0,0,0,0,0,0,0,0,0,0,0,0,0,0,0,0,0,0,0,0,0,0,0,0,0,0,0,0,0,0,0,0,0,0,0,0,0,0,0,0,0
AF-Q53R41-F1-model_v4,ten_percent_graphs/graph_AF-Q53R41-F1-model_v4.pt,ten_percent_voxels/voxel_AF-Q53R41-F1-model_v4.pt,Q53R41,0,0,0,0,0,0,0,0,0,0,1,0,0,1,0,0,0,0,0,0,0,0,0,0,0,0,0,0,0,0,0,0,0,0,0,0,0,0,1,0,0,0,0,0,0,0,0,0,0,0,0,0,0,0,0,0,0,0,0,0,0,0,0,0,0,0,0,0,0,0,0,0,0,0,0,0,0,0,0,0,0,0,0,0,0,0,0,0,0,0,0,0,0,0,0,0,0,0,0,0
AF-P08861-F1-model_v4,ten_percent_graphs/graph_AF-P08861-F1-model_v4.pt,ten_percent_voxels/voxel_AF-P08861-F1-model_v4.pt,P08861,0,0,0,0,0,0,0,1,0,0,0,0,0,0,0,0,0,0,0,0,0,0,0,0,0,0,0,0,0,0,0,0,0,0,0,0,0,0,0,0,0,0,0,0,1,0,0,0,0,0,0,0,0,0,0,0,0,0,0,0,0,0,0,0,0,0,0,0,0,0,0,0,0,0,0,0,0,0,0,0,0,0,0,0,0,0,0,0,0,0,0,0,0,0,0,0,0,0,0,0
AF-Q6P9G0-F1-model_v4,ten_percent_graphs/graph_AF-Q6P9G0-F1-model_v4.pt,ten_percent_voxels/voxel_AF-Q6P9G0-F1-model_v4.pt,Q6P9G0,0,0,0,1,0,0,1,0,0,0,0,0,0,0,0,0,0,0,0,0,0,0,0,0,0,0,0,0,0,0,0,0,0,0,0,0,0,0,0,0,0,0,0,0,0,0,0,0,0,0,0,0,0,0,0,0,0,0,0,0,1,0,0,0,0,0,0,0,0,0,0,0,0,0,0,0,0,0,0,0,0,0,0,0,0,0,0,0,0,0,0,0,0,0,0,0,0,0,0,0
AF-Q8WVV4-F1-model_v4,ten_percent_graphs/graph_AF-Q8WVV4-F1-model_v4.pt,ten_percent_voxels/voxel_AF-Q8WVV4-F1-model_v4.pt,Q8WVV4,0,0,0,0,0,0,0,0,0,0,0,0,0,0,0,0,0,0,0,0,0,0,0,0,0,0,0,0,0,0,0,0,0,0,0,0,0,0,0,0,0,0,0,0,0,0,0,0,0,0,0,0,0,0,0,0,0,0,0,0,0,0,0,0,0,0,0,0,0,0,0,0,0,0,0,0,0,0,0,0,0,0,0,0,0,0,0,0,0,0,0,0,0,0,0,0,0,0,0,0
AF-Q9NR21-F1-model_v4,ten_percent_graphs/graph_AF-Q9NR21-F1-model_v4.pt,ten_percent_voxels/voxel_AF-Q9NR21-F1-model_v4.pt,Q9NR21,1,1,0,0,1,0,0,0,0,0,0,0,0,0,0,0,0,0,0,0,0,0,0,0,0,0,0,0,0,0,0,0,0,1,0,0,0,0,0,0,0,0,0,0,0,0,0,0,0,0,0,0,0,0,0,0,0,0,0,0,0,0,0,0,0,0,0,0,0,0,0,1,0,0,0,0,0,0,0,0,0,0,1,0,0,0,0,0,0,0,0,0,0,0,0,0,0,0,0,0
AF-Q5VUY0-F1-model_v4,ten_percent_graphs/graph_AF-Q5VUY0-F1-model_v4.pt,ten_percent_voxels/voxel_AF-Q5VUY0-F1-model_v4.pt,Q5VUY0,0,0,0,0,0,1,0,0,0,0,0,0,0,0,0,0,0,0,0,0,0,0,0,0,0,0,0,0,0,0,0,0,0,0,0,0,0,0,0,0,0,0,0,0,0,0,0,0,0,0,0,0,0,0,0,0,0,0,0,0,0,0,0,0,0,0,0,0,0,0,0,0,0,0,0,0,0,0,0,0,0,0,0,0,0,0,0,0,0,0,0,0,0,0,0,0,0,0,0,0
AF-P05455-F1-model_v4,ten_percent_graphs/graph_AF-P05455-F1-model_v4.pt,ten_percent_voxels/voxel_AF-P05455-F1-model_v4.pt,P05455,1,1,0,1,0,0,0,0,0,0,0,0,0,1,0,0,0,0,0,0,0,0,0,0,0,0,0,0,0,0,0,0,0,0,0,0,0,0,0,0,0,0,0,0,0,0,0,0,0,0,0,0,0,0,0,0,0,0,0,0,0,0,0,0,0,0,0,0,0,0,0,0,0,0,0,0,0,0,0,0,0,0,0,0,0,0,0,0,0,0,0,0,0,0,0,0,1,0,0,0
AF-Q15323-F1-model_v4,ten_percent_graphs/graph_AF-Q15323-F1-model_v4.pt,ten_percent_voxels/voxel_AF-Q15323-F1-model_v4.pt,Q15323,0,1,0,0,0,0,0,1,1,0,0,0,0,0,0,0,0,0,0,0,0,0,0,0,0,0,0,0,0,0,0,0,0,0,0,0,0,0,0,0,0,0,0,0,0,0,0,0,0,0,0,0,0,0,0,0,0,0,0,0,1,0,0,0,0,0,0,0,0,0,0,0,0,0,0,0,0,0,0,0,0,0,0,0,0,0,0,0,0,0,0,0,0,0,0,0,0,0,0,0
AF-P08708-F1-model_v4,ten_percent_graphs/graph_AF-P08708-F1-model_v4.pt,ten_percent_voxels/voxel_AF-P08708-F1-model_v4.pt,P08708,0,1,0,1,1,1,0,0,0,0,0,0,0,1,0,0,0,0,0,0,0,0,0,0,0,1,0,0,0,0,0,0,0,0,0,0,0,0,0,0,0,0,0,0,0,0,0,0,0,0,0,0,0,0,0,0,0,1,0,0,0,0,0,0,0,0,0,0,0,0,0,0,0,0,0,0,0,0,0,0,0,0,0,0,0,0,0,0,0,0,0,0,0,0,0,0,0,0,0,0
AF-O94874-F1-model_v4,ten_percent_graphs/graph_AF-O94874-F1-model_v4.pt,ten_percent_voxels/voxel_AF-O94874-F1-model_v4.pt,O94874,1,1,0,1,0,1,0,0,0,0,0,0,0,0,0,0,1,0,0,1,0,0,0,0,0,0,0,0,0,0,0,0,0,0,1,0,0,0,0,0,0,0,0,0,0,0,0,0,0,0,0,0,0,0,0,0,1,0,0,0,0,1,1,0,1,0,0,0,0,0,0,0,0,0,0,0,1,0,0,0,0,0,0,0,1,0,0,0,0,0,0,0,0,0,0,0,0,0,0,0
AF-Q9BQI4-F1-model_v4,ten_percent_graphs/graph_AF-Q9BQI4-F1-model_v4.pt,ten_percent_voxels/voxel_AF-Q9BQI4-F1-model_v4.pt,Q9BQI4,0,0,0,0,0,0,0,0,0,1,0,0,0,0,0,0,1,0,0,0,0,0,0,1,0,0,0,0,0,0,0,0,0,0,0,0,0,0,0,0,0,0,0,0,0,0,0,0,0,0,0,0,0,0,0,0,0,0,0,0,0,0,0,0,0,0,0,0,0,0,0,0,0,0,0,0,0,0,0,0,0,0,0,0,0,0,0,0,0,0,0,0,0,0,0,0,0,1,0,0
AF-P11142-F1-model_v4,ten_percent_graphs/graph_AF-P11142-F1-model_v4.pt,ten_percent_voxels/voxel_AF-P11142-F1-model_v4.pt,P11142,1,1,1,1,1,1,0,1,1,1,0,0,0,1,1,0,0,0,0,0,0,0,0,0,0,1,0,0,0,0,0,0,0,0,0,0,0,0,0,0,0,0,0,0,0,0,1,0,0,0,0,0,0,0,0,0,0,1,0,0,0,0,0,0,0,0,0,0,0,0,0,0,0,0,1,0,0,0,1,0,0,0,0,0,0,1,1,0,0,0,0,0,0,0,0,0,1,0,0,0
AF-P82251-F1-model_v4,ten_percent_graphs/graph_AF-P82251-F1-model_v4.pt,ten_percent_voxels/voxel_AF-P82251-F1-model_v4.pt,P82251,0,0,1,0,0,0,0,0,0,0,0,0,0,0,0,0,0,0,0,0,0,0,0,0,0,0,0,0,0,0,0,0,0,0,0,0,0,0,0,0,0,0,0,0,0,0,0,0,0,0,0,0,0,0,0,0,0,0,0,0,0,0,0,0,0,1,0,0,0,0,0,0,0,0,0,0,0,0,0,0,1,0,0,0,0,0,0,0,0,0,0,0,0,0,0,0,0,0,0,0
AF-Q6PH85-F1-model_v4,ten_percent_graphs/graph_AF-Q6PH85-F1-model_v4.pt,ten_percent_voxels/voxel_AF-Q6PH85-F1-model_v4.pt,Q6PH85,1,0,0,1,0,0,0,0,0,0,0,0,0,0,0,0,0,0,0,0,0,0,0,0,0,0,0,0,0,0,0,0,0,0,0,0,0,0,0,0,0,0,0,0,0,0,0,0,0,0,0,0,0,0,0,0,0,0,0,0,0,0,0,0,0,0,0,0,0,0,0,0,0,0,0,0,0,0,0,0,0,0,0,0,0,0,0,0,0,0,0,0,0,0,0,0,0,0,0,0
AF-Q8N394-F1-model_v4,ten_percent_graphs/graph_AF-Q8N394-F1-model_v4.pt,ten_percent_voxels/voxel_AF-Q8N394-F1-model_v4.pt,Q8N394,0,0,0,0,0,0,0,0,0,0,0,0,0,0,0,0,1,0,0,1,0,0,0,0,0,0,0,0,0,0,0,0,0,0,0,0,0,0,0,0,0,0,0,0,0,0,0,0,0,0,0,0,0,0,0,0,0,0,0,0,0,0,0,0,0,0,0,0,0,0,0,0,0,0,0,0,0,0,0,0,0,0,0,0,0,0,0,0,0,0,0,0,0,0,0,0,0,0,0,0
AF-O76096-F1-model_v4,ten_percent_graphs/graph_AF-O76096-F1-model_v4.pt,ten_percent_voxels/voxel_AF-O76096-F1-model_v4.pt,O76096,0,0,0,0,0,0,0,1,0,0,0,0,0,0,0,0,1,1,0,0,0,0,0,0,0,0,0,0,1,0,0,0,0,0,0,0,0,0,0,0,0,0,0,0,0,0,0,0,0,0,0,0,0,0,1,0,0,0,0,0,0,0,0,0,0,0,0,0,0,0,0,0,0,0,0,0,0,0,0,0,0,0,0,0,0,0,0,0,0,0,1,0,0,0,0,0,0,0,0,0
AF-Q8IXN7-F1-model_v4,ten_percent_graphs/graph_AF-Q8IXN7-F1-model_v4.pt,ten_percent_voxels/voxel_AF-Q8IXN7-F1-model_v4.pt,Q8IXN7,0,1,0,1,0,0,1,0,0,0,0,0,0,0,1,0,0,0,0,0,0,0,0,0,0,0,0,0,0,0,0,0,0,0,0,0,0,0,0,0,0,0,0,0,0,0,0,0,0,0,0,0,0,0,0,0,0,0,0,0,0,0,0,0,0,0,0,0,0,0,0,0,0,0,0,0,0,0,0,0,0,0,0,0,0,0,0,0,0,0,0,0,0,0,0,0,0,0,0,0
AF-P60014-F1-model_v4,ten_percent_graphs/graph_AF-P60014-F1-model_v4.pt,ten_percent_voxels/voxel_AF-P60014-F1-model_v4.pt,P60014,0,1,0,0,0,0,0,0,0,0,0,0,0,0,0,0,0,0,0,0,0,0,0,0,0,0,0,0,0,0,0,0,0,0,0,0,0,0,0,0,0,0,0,0,0,0,0,0,0,0,0,0,0,0,0,0,0,0,0,0,0,0,0,0,0,0,0,0,0,0,0,0,0,0,0,0,0,0,0,0,0,0,0,0,0,0,0,0,0,0,0,0,0,0,0,0,0,0,0,0
AF-J3KNI1-F1-model_v4,ten_percent_graphs/graph_AF-J3KNI1-F1-model_v4.pt,ten_percent_voxels/voxel_AF-J3KNI1-F1-model_v4.pt,J3KNI1,0,0,0,0,0,0,0,0,0,0,0,0,0,0,0,0,0,0,0,0,0,0,0,0,0,0,0,0,0,1,0,0,0,0,0,0,0,0,0,0,0,0,0,0,0,0,0,0,0,0,0,0,0,0,0,0,0,0,0,0,0,0,0,0,0,0,0,0,0,0,0,0,0,0,0,0,0,0,0,0,0,0,0,0,0,0,0,0,0,0,0,0,0,0,0,0,0,0,0,0
AF-Q9NZQ7-F1-model_v4,ten_percent_graphs/graph_AF-Q9NZQ7-F1-model_v4.pt,ten_percent_voxels/voxel_AF-Q9NZQ7-F1-model_v4.pt,Q9NZQ7,0,0,1,0,1,0,0,0,1,0,0,0,0,0,0,0,0,0,0,0,0,0,0,1,0,0,0,0,0,0,0,0,0,0,0,0,0,0,0,0,0,0,1,0,0,0,0,0,0,0,0,0,0,0,1,0,0,0,0,0,0,0,0,0,0,0,0,0,0,0,0,0,0,0,0,0,0,0,0,0,0,0,0,0,0,0,0,0,0,0,0,0,0,0,0,0,0,0,0,0
AF-P11086-F1-model_v4,ten_percent_graphs/graph_AF-P11086-F1-model_v4.pt,ten_percent_voxels/voxel_AF-P11086-F1-model_v4.pt,P11086,0,1,0,0,0,0,0,0,0,0,0,0,0,0,0,0,0,0,0,0,0,0,0,0,0,0,0,0,0,0,0,0,0,0,0,0,0,0,0,0,0,0,0,0,0,0,0,0,0,0,0,0,0,0,0,0,0,0,0,0,0,0,0,0,0,0,0,0,0,0,0,0,0,0,0,0,0,0,0,0,0,0,0,0,0,0,0,0,0,0,0,0,0,0,0,0,0,0,0,0
AF-Q8WWT9-F1-model_v4,ten_percent_graphs/graph_AF-Q8WWT9-F1-model_v4.pt,ten_percent_voxels/voxel_AF-Q8WWT9-F1-model_v4.pt,Q8WWT9,0,0,1,0,0,0,0,0,1,0,0,0,0,0,0,0,0,0,0,0,0,0,0,0,0,0,0,0,0,0,0,0,0,0,0,0,0,0,0,0,0,0,0,0,0,0,0,0,0,0,0,0,0,0,0,0,0,0,0,0,0,0,0,0,0,0,0,0,0,0,0,0,0,0,0,0,0,0,0,0,0,0,0,0,0,0,0,0,0,0,0,0,0,0,0,0,0,0,0,1
AF-Q6E0U4-F1-model_v4,ten_percent_graphs/graph_AF-Q6E0U4-F1-model_v4.pt,ten_percent_voxels/voxel_AF-Q6E0U4-F1-model_v4.pt,Q6E0U4,0,0,0,0,0,0,0,1,0,0,0,0,0,0,0,0,0,0,0,0,0,0,0,0,0,0,0,0,0,0,0,0,0,0,0,0,0,0,0,0,0,0,0,0,0,0,0,0,0,0,0,0,0,0,0,0,0,0,0,0,0,0,0,0,0,0,0,0,0,0,0,0,0,0,0,0,0,0,0,0,0,0,0,0,0,0,0,0,0,0,0,0,0,0,0,0,0,0,0,0
AF-L0N195-F1-model_v4,ten_percent_graphs/graph_AF-L0N195-F1-model_v4.pt,ten_percent_voxels/voxel_AF-L0N195-F1-model_v4.pt,L0N195,0,0,0,0,0,0,0,1,0,0,0,0,0,0,0,0,0,0,0,0,0,0,0,0,0,0,0,0,0,0,0,0,0,0,0,0,0,0,0,0,0,0,0,0,0,0,0,0,0,0,0,0,0,0,0,0,0,0,0,0,0,0,0,0,0,0,0,0,0,0,0,0,0,0,0,0,0,0,0,0,0,0,0,0,0,0,0,0,0,0,0,0,0,0,0,0,0,0,0,0
AF-Q9H4T2-F1-model_v4,ten_percent_graphs/graph_AF-Q9H4T2-F1-model_v4.pt,ten_percent_voxels/voxel_AF-Q9H4T2-F1-model_v4.pt,Q9H4T2,1,0,0,0,0,0,1,0,0,0,0,0,1,0,0,1,0,0,0,0,1,0,0,0,0,0,0,0,0,0,0,0,0,0,0,0,0,1,0,0,0,0,0,0,0,0,0,0,0,0,0,0,0,0,0,0,0,0,0,0,0,0,0,0,0,0,0,0,0,0,0,0,0,0,0,0,0,0,0,0,0,0,0,0,0,0,0,0,0,0,0,0,0,0,0,0,0,0,0,0
AF-P82932-F1-model_v4,ten_percent_graphs/graph_AF-P82932-F1-model_v4.pt,ten_percent_voxels/voxel_AF-P82932-F1-model_v4.pt,P82932,0,0,0,0,0,0,0,0,0,0,1,0,0,0,0,0,0,0,0,0,0,0,0,0,0,0,0,0,0,0,0,0,0,0,0,0,0,0,0,0,0,0,0,0,0,0,0,0,0,0,0,1,0,0,0,0,0,0,0,0,0,0,0,0,0,0,0,0,0,0,0,0,0,0,0,0,0,0,0,0,0,0,0,0,0,0,0,0,0,0,0,0,0,0,0,0,0,0,0,0
AF-Q8TBP6-F1-model_v4,ten_percent_graphs/graph_AF-Q8TBP6-F1-model_v4.pt,ten_percent_voxels/voxel_AF-Q8TBP6-F1-model_v4.pt,Q8TBP6,0,0,0,0,0,0,0,0,0,0,1,0,0,0,0,0,0,0,0,0,0,0,0,0,0,0,0,0,0,0,0,0,0,0,0,0,0,0,0,0,0,0,0,0,0,0,0,0,0,0,0,1,0,0,0,0,0,0,0,0,0,0,0,0,0,0,0,0,0,0,0,0,0,0,0,0,0,0,0,0,0,0,0,0,0,0,0,0,0,0,0,0,0,0,0,0,0,0,0,0
AF-Q92966-F1-model_v4,ten_percent_graphs/graph_AF-Q92966-F1-model_v4.pt,ten_percent_voxels/voxel_AF-Q92966-F1-model_v4.pt,Q92966,1,0,0,0,1,0,0,0,0,0,0,0,0,0,0,0,0,0,0,0,0,0,1,0,0,1,0,0,0,0,0,0,0,0,0,0,0,0,0,0,0,0,0,0,0,0,0,0,0,0,0,0,0,0,0,0,0,0,0,0,0,0,0,0,0,0,0,0,0,0,0,1,0,0,0,0,0,0,0,0,0,0,0,0,0,0,0,0,0,0,0,0,0,0,0,0,0,0,0,0
AF-Q9UFN0-F1-model_v4,ten_percent_graphs/graph_AF-Q9UFN0-F1-model_v4.pt,ten_percent_voxels/voxel_AF-Q9UFN0-F1-model_v4.pt,Q9UFN0,1,1,0,0,0,0,0,0,0,0,1,0,0,0,0,0,0,0,0,0,0,0,0,0,0,0,0,0,0,0,0,0,0,0,0,0,0,0,0,0,0,0,0,0,0,0,0,0,0,0,0,0,0,0,0,0,0,0,0,0,0,0,0,0,0,0,0,0,0,0,0,0,0,0,0,0,0,0,0,0,0,0,0,0,0,0,0,0,0,0,0,0,0,0,0,0,0,0,0,0
AF-Q13535-F1-model_v4,ten_percent_graphs/graph_AF-Q13535-F1-model_v4.pt,ten_percent_voxels/voxel_AF-Q13535-F1-model_v4.pt,Q13535,1,0,0,0,1,0,0,0,0,0,0,0,0,0,1,0,0,1,0,0,0,0,1,0,0,0,0,0,0,0,0,0,0,0,0,0,0,0,0,0,0,0,0,0,0,0,0,0,0,0,0,0,0,0,0,0,0,0,0,0,0,1,0,0,0,0,0,0,0,0,0,0,0,0,0,0,0,0,0,0,0,0,0,0,1,0,0,0,0,0,0,0,0,0,0,0,0,0,0,0
AF-P01213-F1-model_v4,ten_percent_graphs/graph_AF-P01213-F1-model_v4.pt,ten_percent_voxels/voxel_AF-P01213-F1-model_v4.pt,P01213,0,0,1,0,0,0,0,0,0,1,0,0,0,0,0,0,0,0,0,0,0,0,0,0,0,0,0,0,0,0,0,0,0,0,0,0,0,0,0,0,0,0,0,0,0,0,0,0,0,0,0,0,0,0,0,0,0,0,0,0,0,0,0,0,0,0,0,1,0,0,0,0,0,0,0,0,0,0,0,0,0,0,0,0,0,0,0,1,0,0,0,0,0,0,0,0,0,0,0,0
AF-Q9UIH9-F1-model_v4,ten_percent_graphs/graph_AF-Q9UIH9-F1-model_v4.pt,ten_percent_voxels/voxel_AF-Q9UIH9-F1-model_v4.pt,Q9UIH9,1,0,0,0,1,0,1,0,0,0,0,0,1,0,0,1,0,0,1,0,1,1,0,0,0,0,1,0,0,0,0,0,0,0,0,0,0,1,0,0,0,0,0,0,0,0,0,0,1,0,0,0,0,1,0,0,0,0,0,0,0,0,0,0,0,0,0,0,0,1,0,0,0,0,0,0,0,0,0,0,0,0,0,0,0,0,0,0,0,0,0,0,0,0,0,0,0,0,0,0
AF-Q8TF71-F1-model_v4,ten_percent_graphs/graph_AF-Q8TF71-F1-model_v4.pt,ten_percent_voxels/voxel_AF-Q8TF71-F1-model_v4.pt,Q8TF71,0,0,1,0,0,0,0,0,0,0,0,0,0,0,0,0,0,0,0,0,0,0,0,0,0,0,1,0,0,0,0,0,0,0,0,0,0,0,0,0,0,0,0,0,0,0,0,0,0,0,0,0,0,0,0,0,0,0,0,0,0,0,0,0,0,0,0,0,0,0,0,0,0,0,0,0,0,0,0,0,0,0,0,0,0,0,0,0,0,0,0,0,0,0,0,0,0,0,0,1
AF-O60610-F1-model_v4,ten_percent_graphs/graph_AF-O60610-F1-model_v4.pt,ten_percent_voxels/voxel_AF-O60610-F1-model_v4.pt,O60610,1,1,1,1,0,0,0,0,0,0,0,0,0,1,0,0,0,0,0,0,0,0,0,0,0,0,0,0,0,0,0,0,0,0,0,0,1,0,0,0,0,0,0,1,0,0,0,0,0,0,0,0,0,0,0,0,0,0,0,0,0,0,0,0,0,0,0,0,0,0,0,0,0,0,0,0,0,0,0,1,0,0,0,0,0,0,0,0,0,0,0,0,0,0,0,0,0,0,0,0
AF-Q5VYS8-F1-model_v4,ten_percent_graphs/graph_AF-Q5VYS8-F1-model_v4.pt,ten_percent_voxels/voxel_AF-Q5VYS8-F1-model_v4.pt,Q5VYS8,0,1,0,1,1,0,0,0,0,0,0,0,0,1,0,0,0,0,0,0,0,0,0,0,0,0,0,0,0,0,1,0,0,0,0,0,0,0,0,0,0,0,0,0,0,0,0,0,0,0,0,0,0,0,0,0,0,0,0,0,0,0,0,0,0,0,0,0,0,0,0,0,0,0,0,0,0,0,0,0,0,0,0,0,0,0,0,0,0,0,0,0,0,0,0,0,0,0,0,0
AF-Q6UXX9-F1-model_v4,ten_percent_graphs/graph_AF-Q6UXX9-F1-model_v4.pt,ten_percent_voxels/voxel_AF-Q6UXX9-F1-model_v4.pt,Q6UXX9,0,0,0,0,0,0,0,1,0,1,0,0,0,0,0,0,0,0,0,0,0,0,0,0,0,0,0,0,0,0,0,0,1,0,0,0,0,0,0,0,0,0,0,1,0,0,0,0,0,0,0,0,0,0,0,0,0,0,0,0,0,0,0,0,0,0,0,0,0,0,0,0,0,0,0,0,0,0,0,0,0,0,0,0,0,0,0,0,0,0,0,0,0,0,0,0,0,0,0,0
AF-Q6NZY7-F1-model_v4,ten_percent_graphs/graph_AF-Q6NZY7-F1-model_v4.pt,ten_percent_voxels/voxel_AF-Q6NZY7-F1-model_v4.pt,Q6NZY7,0,1,1,1,0,1,0,0,0,0,0,0,0,0,0,0,0,0,0,0,0,0,0,0,0,0,0,0,0,0,0,0,0,0,0,0,0,0,0,0,0,0,0,0,0,0,0,0,0,0,0,0,0,0,0,0,0,0,0,0,1,0,0,0,0,0,0,0,0,0,0,0,0,0,0,0,0,0,0,1,0,0,0,0,0,0,0,0,0,0,0,0,0,0,0,0,0,0,0,0
AF-O60337-F1-model_v4,ten_percent_graphs/graph_AF-O60337-F1-model_v4.pt,ten_percent_voxels/voxel_AF-O60337-F1-model_v4.pt,O60337,0,0,0,0,0,1,0,0,0,0,0,0,0,0,0,0,1,0,0,1,0,0,0,0,0,0,0,0,0,0,1,0,0,0,0,0,0,0,0,0,0,0,0,0,0,0,0,1,0,0,0,0,0,0,0,0,0,0,0,0,0,0,0,0,0,0,0,0,0,0,0,0,0,0,0,0,0,0,0,0,0,0,0,1,0,0,1,0,0,0,0,0,0,0,0,0,0,0,0,0
AF-Q6IF63-F1-model_v4,ten_percent_graphs/graph_AF-Q6IF63-F1-model_v4.pt,ten_percent_voxels/voxel_AF-Q6IF63-F1-model_v4.pt,Q6IF63,0,0,1,0,0,0,0,0,0,0,0,0,0,0,0,0,0,0,0,0,0,0,0,0,0,0,0,0,0,0,0,0,0,0,0,0,0,0,0,0,0,0,0,0,0,0,0,0,0,0,0,0,0,0,0,0,0,0,1,0,0,0,0,0,0,0,0,0,0,0,0,0,0,0,0,0,0,0,0,0,0,0,0,0,0,0,0,0,0,0,0,0,0,0,0,0,0,0,0,0
AF-O15228-F1-model_v4,ten_percent_graphs/graph_AF-O15228-F1-model_v4.pt,ten_percent_voxels/voxel_AF-O15228-F1-model_v4.pt,O15228,0,1,0,0,0,1,0,0,0,0,0,0,0,0,0,0,0,0,0,0,0,0,0,0,0,0,0,0,0,0,0,0,0,0,0,0,0,0,0,0,0,0,0,0,0,0,0,0,0,0,0,0,0,0,0,0,0,0,0,0,0,0,0,0,0,0,0,0,0,0,0,0,0,0,0,0,0,0,0,0,0,0,0,0,0,0,0,0,0,0,0,0,0,0,0,0,0,0,0,0
AF-P20645-F1-model_v4,ten_percent_graphs/graph_AF-P20645-F1-model_v4.pt,ten_percent_voxels/voxel_AF-P20645-F1-model_v4.pt,P20645,0,0,1,0,0,1,0,0,0,0,0,0,0,0,0,0,0,0,0,0,0,0,0,0,0,0,0,0,0,0,0,0,0,0,0,0,0,0,0,0,1,0,0,0,0,0,0,0,0,0,0,0,0,0,0,0,0,0,0,0,0,0,0,0,0,0,0,0,0,0,0,0,0,0,0,0,0,0,1,0,0,0,0,0,0,0,0,0,0,0,0,0,0,0,0,0,0,0,0,0
AF-Q8WV19-F1-model_v4,ten_percent_graphs/graph_AF-Q8WV19-F1-model_v4.pt,ten_percent_voxels/voxel_AF-Q8WV19-F1-model_v4.pt,Q8WV19,0,0,0,1,0,1,0,0,0,0,0,0,0,0,0,0,0,0,0,0,0,0,0,0,0,0,1,0,0,0,0,0,0,0,0,0,0,0,0,0,0,0,0,0,0,0,0,0,0,0,0,0,0,0,0,0,0,0,0,0,0,0,0,0,0,0,0,0,0,0,0,0,0,0,0,0,0,0,0,0,0,0,0,0,0,0,0,0,0,0,0,0,0,0,0,0,0,0,0,0
AF-P05814-F1-model_v4,ten_percent_graphs/graph_AF-P05814-F1-model_v4.pt,ten_percent_voxels/voxel_AF-P05814-F1-model_v4.pt,P05814,0,0,0,0,0,0,0,1,0,1,0,0,0,0,0,0,0,0,0,0,0,0,0,0,0,0,0,1,0,0,0,0,0,0,0,0,0,0,0,0,0,0,0,0,0,0,0,0,0,0,0,0,0,0,0,0,0,0,0,0,0,0,0,0,0,0,0,0,0,0,0,0,0,0,0,0,0,0,0,0,0,0,0,0,0,0,0,0,0,0,0,0,0,0,0,0,0,0,0,0
AF-Q6UXV0-F1-model_v4,ten_percent_graphs/graph_AF-Q6UXV0-F1-model_v4.pt,ten_percent_voxels/voxel_AF-Q6UXV0-F1-model_v4.pt,Q6UXV0,0,0,1,0,1,0,0,0,0,0,0,0,0,0,0,0,0,0,0,0,0,0,0,0,0,0,0,0,0,0,0,0,0,0,0,0,0,0,0,0,0,0,1,0,0,0,0,0,0,0,0,0,0,0,0,0,0,1,0,0,0,0,0,0,0,0,0,0,0,0,0,0,0,0,0,1,0,0,0,0,0,0,0,0,0,0,0,0,0,0,0,0,0,0,0,0,0,0,0,0
AF-J3KR00-F1-model_v4,ten_percent_graphs/graph_AF-J3KR00-F1-model_v4.pt,ten_percent_voxels/voxel_AF-J3KR00-F1-model_v4.pt,J3KR00,0,0,0,0,0,0,0,0,0,0,0,0,0,0,0,0,0,0,0,1,0,0,0,0,0,0,0,0,0,0,0,0,0,0,0,0,0,0,0,0,0,0,0,0,0,0,0,0,0,0,0,0,0,0,0,0,0,0,0,0,0,0,0,0,0,0,0,0,0,0,0,0,0,0,0,0,0,0,0,0,0,0,0,0,0,0,0,0,0,0,0,0,0,0,0,0,0,0,0,0
AF-P04921-F1-model_v4,ten_percent_graphs/graph_AF-P04921-F1-model_v4.pt,ten_percent_voxels/voxel_AF-P04921-F1-model_v4.pt,P04921,0,0,1,0,0,1,0,0,0,0,0,0,0,0,0,0,0,0,0,0,0,0,0,0,0,0,0,0,0,0,0,0,0,0,0,0,0,0,0,0,0,0,0,0,0,0,0,0,0,0,0,0,0,0,0,0,0,0,0,0,0,0,0,0,0,0,0,0,0,0,0,0,0,0,0,0,0,0,0,0,0,0,0,0,0,0,0,0,0,0,0,0,0,0,0,0,0,0,0,0
AF-O95500-F1-model_v4,ten_percent_graphs/graph_AF-O95500-F1-model_v4.pt,ten_percent_voxels/voxel_AF-O95500-F1-model_v4.pt,O95500,0,0,1,0,0,0,0,0,0,0,0,1,0,0,0,0,1,0,0,0,0,0,0,0,0,0,0,0,0,0,0,0,0,0,0,0,0,0,0,0,0,0,0,0,0,0,0,0,0,0,1,0,0,0,0,0,0,0,0,0,0,0,0,0,0,0,0,0,0,0,0,0,0,0,0,0,0,0,0,0,0,0,0,0,0,0,0,0,0,0,0,0,0,0,0,0,0,0,0,0
AF-Q6PJI9-F1-model_v4,ten_percent_graphs/graph_AF-Q6PJI9-F1-model_v4.pt,ten_percent_voxels/voxel_AF-Q6PJI9-F1-model_v4.pt,Q6PJI9,0,1,0,0,0,0,1,0,0,0,0,0,0,0,0,0,0,0,0,0,0,0,0,0,0,0,1,0,0,0,0,0,0,0,0,0,0,0,0,0,0,0,0,0,0,0,0,0,0,0,0,0,0,0,0,0,0,0,0,0,0,0,0,0,0,0,0,0,0,0,0,0,0,0,0,0,0,0,1,0,0,0,0,0,0,0,0,0,0,0,0,0,0,0,0,0,0,0,0,0
AF-Q96SI9-F1-model_v4,ten_percent_graphs/graph_AF-Q96SI9-F1-model_v4.pt,ten_percent_voxels/voxel_AF-Q96SI9-F1-model_v4.pt,Q96SI9,1,0,0,1,0,0,0,0,0,0,0,0,0,1,0,0,0,0,0,0,0,0,1,0,0,0,0,0,0,0,0,0,0,0,0,0,0,0,0,0,0,0,0,0,0,0,0,0,0,0,0,0,0,0,0,0,0,0,0,0,0,0,0,0,0,0,0,0,0,0,0,0,0,0,0,0,0,0,0,0,0,0,0,0,0,0,0,0,0,0,0,0,0,0,0,0,0,0,0,0
AF-P14316-F1-model_v4,ten_percent_graphs/graph_AF-P14316-F1-model_v4.pt,ten_percent_voxels/voxel_AF-P14316-F1-model_v4.pt,P14316,1,1,0,0,1,0,0,0,0,0,0,0,1,0,0,1,0,0,1,0,1,1,1,0,1,0,0,0,0,0,0,0,0,0,0,0,0,1,0,0,0,1,0,0,0,0,0,0,1,1,0,0,0,1,0,0,0,1,0,0,0,0,0,0,0,0,0,0,0,0,0,0,0,0,0,0,0,0,0,0,0,0,0,0,0,0,0,0,0,0,0,0,0,0,0,0,0,0,0,0
AF-Q8TBF2-F1-model_v4,ten_percent_graphs/graph_AF-Q8TBF2-F1-model_v4.pt,ten_percent_voxels/voxel_AF-Q8TBF2-F1-model_v4.pt,Q8TBF2,0,1,0,1,0,0,0,0,1,0,1,0,0,0,0,0,1,0,0,0,0,0,0,0,0,0,0,0,0,0,0,0,0,0,0,0,0,0,0,0,0,0,0,0,0,0,0,0,0,0,0,0,0,0,0,0,0,0,0,0,0,0,0,0,0,0,0,0,0,0,0,0,0,0,0,0,0,0,0,0,0,0,0,0,0,0,0,0,0,0,0,0,0,0,0,0,0,0,0,0
AF-O75715-F1-model_v4,ten_percent_graphs/graph_AF-O75715-F1-model_v4.pt,ten_percent_voxels/voxel_AF-O75715-F1-model_v4.pt,O75715,0,0,0,0,0,0,0,0,0,1,0,0,0,0,0,0,0,0,0,0,0,0,0,0,0,0,0,0,0,0,0,0,0,0,0,0,0,0,0,0,0,0,0,0,0,0,0,0,0,0,0,0,0,0,0,0,0,0,0,0,0,0,0,0,0,0,0,0,0,0,0,0,0,0,0,0,0,0,0,0,0,0,0,0,0,0,0,0,0,0,0,0,0,0,0,0,0,0,0,0
AF-Q9H4B6-F1-model_v4,ten_percent_graphs/graph_AF-Q9H4B6-F1-model_v4.pt,ten_percent_voxels/voxel_AF-Q9H4B6-F1-model_v4.pt,Q9H4B6,1,1,0,1,0,0,0,0,0,0,0,1,0,0,0,0,0,0,0,0,0,0,0,0,0,0,0,0,0,0,0,0,0,0,0,0,0,0,0,0,0,0,0,0,0,0,0,0,0,0,0,0,0,0,0,1,0,0,0,0,0,0,0,0,0,0,0,0,0,0,0,0,0,0,0,0,0,0,0,0,0,0,0,0,0,0,0,0,0,0,0,0,0,0,0,0,0,0,1,0
AF-Q75T13-F1-model_v4,ten_percent_graphs/graph_AF-Q75T13-F1-model_v4.pt,ten_percent_voxels/voxel_AF-Q75T13-F1-model_v4.pt,Q75T13,0,0,0,0,0,0,0,0,0,0,0,0,0,0,0,0,1,0,0,1,0,0,0,0,0,0,0,0,0,0,0,0,0,0,0,0,0,0,0,0,0,0,0,0,0,0,0,0,0,0,0,0,0,0,0,0,0,0,0,0,0,0,0,0,0,0,0,0,0,0,0,0,0,0,0,0,0,0,0,0,0,0,0,0,0,0,0,0,0,0,0,0,0,0,0,0,0,0,0,0
AF-Q9UM73-F1-model_v4,ten_percent_graphs/graph_AF-Q9UM73-F1-model_v4.pt,ten_percent_voxels/voxel_AF-Q9UM73-F1-model_v4.pt,Q9UM73,0,0,1,0,0,0,0,0,1,0,0,1,0,0,1,0,0,0,0,0,0,0,0,1,0,0,0,0,0,0,0,0,0,0,1,0,0,0,0,0,0,0,0,0,0,0,0,0,0,0,0,0,0,0,0,0,0,0,0,0,0,0,0,0,0,0,0,0,0,0,0,0,0,0,0,0,0,0,0,0,0,0,0,0,0,0,0,0,0,0,0,0,0,0,0,0,0,0,0,0
AF-Q86YD7-F1-model_v4,ten_percent_graphs/graph_AF-Q86YD7-F1-model_v4.pt,ten_percent_voxels/voxel_AF-Q86YD7-F1-model_v4.pt,Q86YD7,0,0,0,0,0,0,0,0,0,0,0,0,0,0,0,0,0,0,0,0,0,0,0,0,0,0,0,0,0,0,0,0,0,0,0,0,0,0,0,0,0,0,0,0,0,0,0,0,0,0,0,0,0,0,0,0,0,0,0,0,0,0,0,0,0,0,0,0,0,0,0,0,0,0,0,0,0,0,0,0,0,0,0,0,0,0,0,0,0,0,0,0,0,0,0,0,0,0,0,0
AF-Q9HCZ1-F1-model_v4,ten_percent_graphs/graph_AF-Q9HCZ1-F1-model_v4.pt,ten_percent_voxels/voxel_AF-Q9HCZ1-F1-model_v4.pt,Q9HCZ1,1,0,0,0,0,0,1,0,0,0,0,0,1,0,0,1,0,0,0,0,1,0,0,0,0,0,0,0,0,0,0,0,0,0,0,0,0,0,0,0,0,0,0,0,0,0,0,0,0,0,0,0,0,0,0,0,0,0,0,0,0,0,0,0,0,0,0,0,0,0,0,0,0,0,0,0,0,0,0,0,0,0,0,0,0,0,0,0,0,0,0,0,0,0,0,0,0,0,0,0
AF-Q2KHM9-F1-model_v4,ten_percent_graphs/graph_AF-Q2KHM9-F1-model_v4.pt,ten_percent_voxels/voxel_AF-Q2KHM9-F1-model_v4.pt,Q2KHM9,0,1,0,0,0,0,1,0,0,0,0,0,0,0,0,0,0,0,0,0,0,0,0,0,0,0,0,0,0,0,0,0,0,0,0,0,1,0,0,0,0,0,0,0,0,0,0,0,0,0,0,0,0,0,0,0,0,0,0,0,0,0,0,0,0,0,0,0,0,0,0,0,0,0,0,0,0,0,0,0,0,0,0,0,0,0,0,0,0,0,0,0,0,1,0,0,0,0,0,0
AF-P00326-F1-model_v4,ten_percent_graphs/graph_AF-P00326-F1-model_v4.pt,ten_percent_voxels/voxel_AF-P00326-F1-model_v4.pt,P00326,0,1,1,0,1,0,0,0,0,0,0,0,0,0,0,0,0,0,0,0,0,0,0,0,0,0,0,0,0,0,1,0,0,0,0,0,0,0,0,0,0,0,0,0,0,0,0,0,0,0,0,0,0,0,0,0,0,0,0,0,0,0,0,0,0,0,0,0,0,0,0,0,0,0,0,0,0,0,0,0,0,0,0,0,0,0,0,0,0,0,0,0,0,0,0,0,0,0,0,0
AF-A0N0X8-F1-model_v4,ten_percent_graphs/graph_AF-A0N0X8-F1-model_v4.pt,ten_percent_voxels/voxel_AF-A0N0X8-F1-model_v4.pt,A0N0X8,0,0,0,0,0,0,0,0,0,0,0,0,0,0,0,0,0,0,0,1,0,0,0,0,0,0,0,0,0,0,0,0,0,0,0,0,0,0,0,0,0,0,0,0,0,0,0,0,0,0,0,1,0,0,0,0,0,0,0,0,0,0,0,0,0,0,0,0,0,0,0,0,0,0,0,0,0,0,0,0,0,0,0,0,0,0,1,0,0,0,0,0,0,0,0,0,0,0,0,0
AF-Q7RTU9-F1-model_v4,ten_percent_graphs/graph_AF-Q7RTU9-F1-model_v4.pt,ten_percent_voxels/voxel_AF-Q7RTU9-F1-model_v4.pt,Q7RTU9,0,0,0,0,0,0,0,0,0,0,0,0,0,0,0,0,0,0,0,0,0,0,0,0,0,0,0,0,0,0,0,0,1,0,0,0,0,0,0,0,0,0,0,0,0,0,0,0,0,0,0,0,0,0,0,0,0,0,0,0,0,0,0,0,0,0,0,0,0,0,0,0,0,0,0,0,0,0,0,0,0,0,0,0,0,0,0,0,0,0,0,0,0,0,0,0,0,0,0,0
AF-Q8NB78-F1-model_v4,ten_percent_graphs/graph_AF-Q8NB78-F1-model_v4.pt,ten_percent_voxels/voxel_AF-Q8NB78-F1-model_v4.pt,Q8NB78,1,0,0,0,1,0,0,0,0,0,0,0,0,0,0,0,0,0,1,0,0,0,0,0,0,0,0,0,0,0,1,0,0,0,0,0,0,0,0,0,0,0,0,0,0,1,0,0,0,0,0,0,0,0,0,0,0,0,0,0,0,0,0,0,0,0,0,0,0,0,0,0,0,0,0,0,0,0,0,0,0,0,0,0,0,0,0,0,0,0,0,0,0,0,0,0,0,0,0,0
AF-Q8WUB8-F1-model_v4,ten_percent_graphs/graph_AF-Q8WUB8-F1-model_v4.pt,ten_percent_voxels/voxel_AF-Q8WUB8-F1-model_v4.pt,Q8WUB8,1,0,0,0,1,0,1,0,0,0,0,0,1,0,0,0,0,0,1,0,0,0,0,0,0,0,0,0,0,0,0,0,0,0,0,0,0,0,0,0,0,0,0,0,0,1,0,0,0,0,0,0,0,0,0,0,0,0,0,0,0,0,0,0,0,0,0,0,0,0,0,0,0,0,0,1,0,0,0,0,0,0,0,0,0,0,0,0,0,0,0,0,0,0,0,0,0,0,0,0
AF-Q53RE8-F1-model_v4,ten_percent_graphs/graph_AF-Q53RE8-F1-model_v4.pt,ten_percent_voxels/voxel_AF-Q53RE8-F1-model_v4.pt,Q53RE8,0,0,0,0,0,0,0,0,0,0,0,0,0,0,0,0,0,0,0,0,0,0,0,0,0,0,0,0,0,0,0,0,0,0,0,0,0,0,0,0,0,0,0,0,0,0,0,0,0,0,0,0,0,0,0,0,0,0,0,0,0,0,0,0,0,0,0,0,0,0,0,0,0,0,0,0,0,0,0,0,0,0,0,0,0,0,0,0,0,0,0,0,0,0,0,0,0,0,0,0
AF-Q9ULR3-F1-model_v4,ten_percent_graphs/graph_AF-Q9ULR3-F1-model_v4.pt,ten_percent_voxels/voxel_AF-Q9ULR3-F1-model_v4.pt,Q9ULR3,1,0,0,1,1,0,0,0,0,0,1,1,0,0,0,0,0,0,0,0,0,0,0,1,0,0,0,0,0,0,0,1,0,0,0,0,0,0,0,0,0,0,0,0,0,0,0,0,0,0,0,0,0,0,0,0,0,0,0,0,0,0,0,0,0,0,0,0,0,0,0,0,0,0,0,0,0,0,0,0,0,0,0,0,0,0,0,0,0,0,0,0,0,0,0,0,0,0,0,0
AF-A9ZM15-F1-model_v4,ten_percent_graphs/graph_AF-A9ZM15-F1-model_v4.pt,ten_percent_voxels/voxel_AF-A9ZM15-F1-model_v4.pt,A9ZM15,0,0,0,0,0,0,0,0,0,0,1,0,0,0,0,0,0,0,0,0,0,0,0,0,0,0,0,0,0,0,0,0,0,0,0,0,0,0,0,0,0,0,0,0,0,0,0,0,0,0,0,0,0,0,0,0,0,0,0,0,0,0,0,0,0,0,0,0,0,0,0,0,0,0,0,0,0,0,0,0,0,0,0,0,0,0,0,0,0,0,0,0,0,0,0,0,0,0,0,0
AF-Q4G0Z9-F1-model_v4,ten_percent_graphs/graph_AF-Q4G0Z9-F1-model_v4.pt,ten_percent_voxels/voxel_AF-Q4G0Z9-F1-model_v4.pt,Q4G0Z9,1,0,0,0,0,0,0,0,0,0,0,0,0,0,1,0,0,0,0,0,0,0,1,0,0,0,0,0,0,0,0,0,0,0,0,0,0,0,0,0,0,0,0,0,0,0,0,0,0,0,0,0,0,0,0,0,0,0,0,0,0,0,0,0,0,0,0,0,0,0,0,0,0,0,0,0,0,0,0,0,0,0,0,0,0,0,0,0,0,0,0,0,0,0,0,0,0,0,0,0
AF-Q9NXG6-F1-model_v4,ten_percent_graphs/graph_AF-Q9NXG6-F1-model_v4.pt,ten_percent_voxels/voxel_AF-Q9NXG6-F1-model_v4.pt,Q9NXG6,0,0,0,0,0,0,0,0,0,0,0,0,0,0,0,0,1,0,0,1,0,0,0,0,0,0,0,1,0,0,0,0,0,0,0,0,0,0,0,0,0,0,0,0,0,0,0,0,0,0,0,0,0,0,0,0,0,0,0,0,0,0,0,0,0,0,0,0,0,0,0,0,0,0,0,0,0,0,0,0,0,0,0,0,0,0,0,0,0,0,0,0,0,0,0,0,0,0,0,0
AF-Q6ZN17-F1-model_v4,ten_percent_graphs/graph_AF-Q6ZN17-F1-model_v4.pt,ten_percent_voxels/voxel_AF-Q6ZN17-F1-model_v4.pt,Q6ZN17,1,1,0,1,1,0,0,0,0,0,0,0,0,1,0,0,0,0,0,0,0,0,0,0,0,1,0,0,0,0,1,0,0,0,0,0,0,1,0,0,0,0,0,0,0,0,0,0,0,0,0,0,0,0,0,0,0,0,0,0,0,0,0,0,0,0,0,0,0,0,0,0,0,0,0,0,0,0,0,0,0,0,0,0,0,0,0,0,0,0,0,0,0,0,0,0,0,0,0,0
AF-Q9NRC8-F1-model_v4,ten_percent_graphs/graph_AF-Q9NRC8-F1-model_v4.pt,ten_percent_voxels/voxel_AF-Q9NRC8-F1-model_v4.pt,Q9NRC8,1,0,0,1,1,0,1,0,0,0,0,0,1,0,0,0,0,0,1,0,0,0,0,0,1,1,0,0,0,0,0,0,0,0,0,0,0,0,0,0,0,0,0,0,0,1,0,0,0,0,0,0,0,0,0,0,0,0,0,0,0,1,0,0,0,0,0,0,0,1,0,0,0,0,0,0,0,0,0,0,0,0,0,0,1,0,0,0,0,0,0,0,0,0,0,0,0,0,0,0
AF-Q9C0D0-F1-model_v4,ten_percent_graphs/graph_AF-Q9C0D0-F1-model_v4.pt,ten_percent_voxels/voxel_AF-Q9C0D0-F1-model_v4.pt,Q9C0D0,1,1,0,0,0,0,0,0,0,0,0,0,0,0,0,0,0,0,0,0,0,0,0,0,0,0,0,0,0,0,0,0,0,0,0,0,0,0,0,0,0,0,0,0,0,0,0,0,0,0,0,0,0,0,0,0,0,0,0,0,0,0,0,0,0,0,0,0,0,0,0,0,1,0,0,0,0,0,0,0,0,0,0,0,0,0,0,0,0,0,0,0,0,0,0,0,0,0,0,0
AF-P28908-F1-model_v4,ten_percent_graphs/graph_AF-P28908-F1-model_v4.pt,ten_percent_voxels/voxel_AF-P28908-F1-model_v4.pt,P28908,0,0,1,1,1,0,0,0,1,0,0,0,0,0,0,0,0,0,0,0,0,0,0,1,0,0,0,0,0,0,0,0,0,0,0,0,0,0,0,0,0,0,0,0,0,0,0,0,0,0,0,0,0,0,0,1,0,0,0,0,0,0,0,0,0,0,0,0,0,0,0,0,0,0,0,0,0,0,0,0,0,0,0,0,0,0,0,0,0,0,0,0,0,0,0,0,0,0,1,0
AF-Q7Z5M5-F1-model_v4,ten_percent_graphs/graph_AF-Q7Z5M5-F1-model_v4.pt,ten_percent_voxels/voxel_AF-Q7Z5M5-F1-model_v4.pt,Q7Z5M5,0,0,1,0,0,0,0,0,0,0,0,0,0,0,0,0,0,0,0,0,0,0,0,0,0,0,0,0,0,0,0,0,0,0,0,0,0,0,0,0,0,0,0,0,0,0,0,0,0,0,0,0,0,0,0,0,0,0,0,0,0,0,0,0,0,0,0,0,0,0,0,0,0,0,0,0,0,0,0,0,0,0,0,0,0,0,0,0,0,0,0,0,0,0,0,0,0,0,0,0
AF-Q8TED0-F1-model_v4,ten_percent_graphs/graph_AF-Q8TED0-F1-model_v4.pt,ten_percent_voxels/voxel_AF-Q8TED0-F1-model_v4.pt,Q8TED0,0,0,0,1,1,0,0,0,0,0,0,0,0,1,0,0,1,0,0,0,0,0,0,0,0,1,0,0,0,0,0,0,0,0,0,0,0,0,0,0,0,0,0,0,0,0,0,0,0,0,0,0,0,0,0,0,0,0,0,0,0,0,0,0,0,0,0,0,0,0,0,0,0,0,0,0,0,0,0,0,0,0,0,0,0,0,0,0,0,0,0,0,0,0,0,0,0,0,0,0
AF-Q6UWH4-F1-model_v4,ten_percent_graphs/graph_AF-Q6UWH4-F1-model_v4.pt,ten_percent_voxels/voxel_AF-Q6UWH4-F1-model_v4.pt,Q6UWH4,0,0,0,0,0,0,0,0,0,0,0,0,0,0,0,0,0,1,0,0,0,0,0,0,0,0,0,0,0,1,0,0,0,0,0,0,0,0,0,0,0,0,0,0,0,0,0,0,0,0,0,0,0,0,0,0,0,0,0,0,0,0,0,0,0,0,0,0,0,0,0,0,0,0,0,0,0,0,0,0,0,0,0,0,0,0,0,0,0,0,0,0,0,0,0,0,0,0,0,0
AF-Q9NRM1-F1-model_v4,ten_percent_graphs/graph_AF-Q9NRM1-F1-model_v4.pt,ten_percent_voxels/voxel_AF-Q9NRM1-F1-model_v4.pt,Q9NRM1,0,0,0,0,0,0,0,0,0,1,0,0,0,0,0,0,0,0,0,0,0,0,0,0,0,0,0,0,0,0,0,0,0,0,0,0,0,0,0,0,0,0,0,0,0,0,0,0,0,0,0,0,0,0,0,0,0,0,0,0,0,0,0,0,0,0,0,0,0,0,0,0,0,0,0,0,0,0,0,0,0,0,0,0,0,0,0,0,0,0,0,0,0,0,0,0,0,0,0,0
AF-Q86TL2-F1-model_v4,ten_percent_graphs/graph_AF-Q86TL2-F1-model_v4.pt,ten_percent_voxels/voxel_AF-Q86TL2-F1-model_v4.pt,Q86TL2,0,0,0,0,0,1,0,0,0,0,0,0,0,0,0,0,0,0,0,1,0,0,0,0,0,0,0,0,0,0,0,0,0,0,0,0,0,0,0,0,0,0,0,0,0,0,0,0,0,0,0,0,0,0,0,0,0,0,0,0,0,0,0,0,0,0,0,0,0,0,0,0,0,0,0,0,0,0,0,0,0,0,0,0,0,0,0,0,0,0,0,0,0,0,0,0,0,0,0,0
AF-Q9BT43-F1-model_v4,ten_percent_graphs/graph_AF-Q9BT43-F1-model_v4.pt,ten_percent_voxels/voxel_AF-Q9BT43-F1-model_v4.pt,Q9BT43,1,1,0,0,1,0,0,0,0,0,0,0,0,0,0,0,0,0,0,0,0,0,0,0,0,0,0,0,0,0,0,0,0,0,0,0,0,0,0,0,0,0,0,0,0,0,0,0,0,0,0,0,0,0,0,0,0,0,0,0,0,0,0,0,0,0,0,0,0,0,0,0,0,0,0,0,0,0,0,0,0,0,0,0,0,0,0,0,0,0,0,0,0,0,0,0,0,0,0,0
AF-P09237-F1-model_v4,ten_percent_graphs/graph_AF-P09237-F1-model_v4.pt,ten_percent_voxels/voxel_AF-P09237-F1-model_v4.pt,P09237,0,0,0,0,0,0,0,1,1,1,0,0,0,0,0,0,0,0,0,0,0,0,0,0,0,0,0,0,0,0,1,0,0,0,0,0,0,0,0,0,0,0,0,0,1,0,0,0,0,0,0,0,0,0,0,0,0,0,0,0,0,0,0,0,0,0,0,0,0,0,0,0,0,0,0,0,0,0,0,0,0,0,0,0,0,0,0,0,0,0,0,0,0,0,0,0,0,0,0,0
AF-Q6XE24-F1-model_v4,ten_percent_graphs/graph_AF-Q6XE24-F1-model_v4.pt,ten_percent_voxels/voxel_AF-Q6XE24-F1-model_v4.pt,Q6XE24,1,1,0,1,0,0,0,0,0,0,0,0,0,0,0,0,0,0,0,0,0,0,0,0,0,0,0,0,0,0,0,0,0,0,0,0,0,0,0,0,0,0,0,0,0,0,0,0,0,0,0,0,0,0,0,0,0,0,0,0,0,0,0,0,0,0,0,0,0,0,0,0,0,0,0,0,0,0,0,0,0,1,0,0,0,0,0,0,0,0,0,0,0,0,0,0,1,1,0,0
AF-Q9UBV7-F1-model_v4,ten_percent_graphs/graph_AF-Q9UBV7-F1-model_v4.pt,ten_percent_voxels/voxel_AF-Q9UBV7-F1-model_v4.pt,Q9UBV7,0,0,0,0,0,1,0,0,0,0,0,0,0,0,0,0,0,1,0,0,0,0,0,0,0,0,0,0,0,1,0,0,0,0,0,0,0,0,0,0,0,0,0,0,0,0,0,0,0,0,0,0,0,0,0,0,0,0,0,0,0,0,0,0,0,0,0,0,0,0,0,0,0,0,0,0,0,0,0,0,0,0,0,0,0,0,0,0,0,0,0,0,0,0,0,0,0,0,0,0
AF-Q0VG06-F1-model_v4,ten_percent_graphs/graph_AF-Q0VG06-F1-model_v4.pt,ten_percent_voxels/voxel_AF-Q0VG06-F1-model_v4.pt,Q0VG06,0,1,0,0,1,0,0,0,0,0,0,0,0,0,0,0,0,0,1,0,0,0,1,0,0,0,0,0,0,0,0,0,0,0,0,0,0,0,0,0,0,0,0,0,0,0,0,0,0,0,0,0,0,0,0,0,0,0,0,0,0,0,0,0,0,0,0,0,0,0,0,0,0,0,0,0,0,0,0,0,0,0,0,0,0,0,0,0,0,0,0,0,0,0,0,0,0,0,0,0
AF-Q5T3J3-F1-model_v4,ten_percent_graphs/graph_AF-Q5T3J3-F1-model_v4.pt,ten_percent_voxels/voxel_AF-Q5T3J3-F1-model_v4.pt,Q5T3J3,0,0,0,0,1,0,0,0,0,0,0,0,0,0,0,0,0,0,0,0,0,0,0,0,0,0,0,0,0,0,0,0,0,0,0,0,0,0,0,0,0,1,0,0,0,0,0,0,0,0,0,0,0,0,0,0,0,0,0,0,0,0,0,0,0,0,0,0,0,0,0,0,0,0,0,0,0,0,0,0,0,0,0,0,0,0,0,0,0,0,0,0,0,0,0,0,0,0,0,0
AF-Q96CS4-F1-model_v4,ten_percent_graphs/graph_AF-Q96CS4-F1-model_v4.pt,ten_percent_voxels/voxel_AF-Q96CS4-F1-model_v4.pt,Q96CS4,1,0,0,0,0,0,1,0,0,0,0,0,1,0,0,1,0,0,0,0,1,0,0,0,0,0,0,0,0,0,0,0,0,0,0,0,0,0,0,0,0,0,0,0,0,0,0,0,0,0,0,0,0,0,0,0,0,0,0,0,0,0,0,0,0,0,0,0,0,0,0,0,0,0,0,0,0,0,0,0,0,0,0,0,0,0,0,0,0,0,0,0,0,0,0,0,0,0,0,0
AF-Q12841-F1-model_v4,ten_percent_graphs/graph_AF-Q12841-F1-model_v4.pt,ten_percent_voxels/voxel_AF-Q12841-F1-model_v4.pt,Q12841,0,0,0,0,0,0,0,1,1,1,0,0,0,0,0,0,0,0,0,0,0,0,0,0,0,0,0,1,0,0,0,0,0,1,0,0,0,0,0,0,0,0,0,0,0,0,0,0,0,0,0,0,0,0,0,0,1,0,0,0,0,0,0,0,0,0,0,0,0,0,0,0,0,0,0,0,0,0,0,0,0,0,0,0,0,0,0,0,0,0,0,0,0,0,0,0,0,0,0,0
AF-Q8IV53-F1-model_v4,ten_percent_graphs/graph_AF-Q8IV53-F1-model_v4.pt,ten_percent_voxels/voxel_AF-Q8IV53-F1-model_v4.pt,Q8IV53,0,1,0,0,1,0,0,0,0,0,0,0,0,0,0,0,0,0,0,0,0,0,0,0,0,0,1,0,0,0,0,0,0,0,0,0,1,0,0,0,0,0,0,0,0,0,0,0,0,0,0,0,0,0,0,0,0,0,0,0,0,0,0,0,0,0,0,0,0,0,0,0,0,0,0,0,0,0,0,0,0,0,0,0,0,0,0,0,0,0,0,0,0,0,0,0,0,0,0,0
AF-Q9HC35-F1-model_v4,ten_percent_graphs/graph_AF-Q9HC35-F1-model_v4.pt,ten_percent_voxels/voxel_AF-Q9HC35-F1-model_v4.pt,Q9HC35,0,1,0,1,0,1,0,0,0,0,0,0,0,0,0,0,0,0,0,0,0,0,0,0,0,0,0,0,0,0,0,0,0,0,0,0,0,0,0,0,0,0,0,0,0,0,0,0,0,0,0,0,0,0,0,0,0,0,0,1,0,0,0,0,0,0,0,0,0,0,0,0,0,0,0,0,0,0,0,0,0,0,0,0,0,0,0,0,0,0,0,0,0,0,0,0,0,0,0,0
AF-Q9Y5P0-F1-model_v4,ten_percent_graphs/graph_AF-Q9Y5P0-F1-model_v4.pt,ten_percent_voxels/voxel_AF-Q9Y5P0-F1-model_v4.pt,Q9Y5P0,0,0,1,0,0,1,0,0,0,0,0,0,0,0,0,0,0,0,0,0,0,0,0,0,0,0,0,0,0,0,0,0,0,0,0,0,0,0,0,0,0,0,0,0,0,0,0,0,0,0,0,0,0,0,0,0,0,0,1,0,0,0,0,0,0,0,0,0,0,0,0,0,0,0,0,0,0,0,0,0,0,0,0,0,0,0,0,0,0,0,0,0,0,0,0,0,0,0,0,0
AF-Q6ZUJ4-F1-model_v4,ten_percent_graphs/graph_AF-Q6ZUJ4-F1-model_v4.pt,ten_percent_voxels/voxel_AF-Q6ZUJ4-F1-model_v4.pt,Q6ZUJ4,0,0,0,0,0,0,0,0,0,0,0,0,0,0,0,0,0,0,0,0,0,0,0,0,0,0,0,0,0,0,0,0,0,1,0,0,0,0,0,0,0,0,0,0,0,0,0,0,0,0,0,0,0,0,0,0,0,0,0,0,0,0,0,0,0,0,0,0,0,0,0,0,0,0,0,0,0,0,0,0,0,0,1,0,0,0,0,0,0,0,0,0,0,0,0,0,0,0,0,0
AF-Q5HYW2-F1-model_v4,ten_percent_graphs/graph_AF-Q5HYW2-F1-model_v4.pt,ten_percent_voxels/voxel_AF-Q5HYW2-F1-model_v4.pt,Q5HYW2,0,0,0,0,0,0,0,0,0,0,0,0,0,0,0,0,0,0,0,0,0,0,0,0,0,0,0,0,0,0,0,0,0,1,0,0,0,0,0,0,0,0,0,0,0,0,0,0,0,0,0,0,0,0,0,0,0,0,0,0,0,0,0,0,0,0,0,0,0,0,0,0,0,0,0,0,0,0,0,0,0,0,0,0,0,0,0,0,0,0,0,0,0,0,0,0,0,0,0,0
AF-Q0WX57-F1-model_v4,ten_percent_graphs/graph_AF-Q0WX57-F1-model_v4.pt,ten_percent_voxels/voxel_AF-Q0WX57-F1-model_v4.pt,Q0WX57,1,1,0,0,0,0,0,0,0,0,0,0,0,1,0,0,1,0,0,0,0,0,0,0,0,1,0,0,0,0,0,0,0,0,0,0,0,0,0,0,0,0,0,0,0,0,0,0,0,0,0,0,0,0,0,0,0,0,0,0,0,0,0,0,0,0,0,0,0,0,1,0,0,0,0,0,0,0,0,0,0,0,0,0,0,0,0,0,0,0,0,0,0,0,0,0,0,0,0,0
AF-Q0WX57-F1-model_v4,ten_percent_graphs/graph_AF-Q0WX57-F1-model_v4.pt,ten_percent_voxels/voxel_AF-Q0WX57-F1-model_v4.pt,Q0WX57,1,1,0,0,0,0,0,0,0,0,0,0,0,1,0,0,1,0,0,0,0,0,0,0,0,1,0,0,0,0,0,0,0,0,0,0,0,0,0,0,0,0,0,0,0,0,0,0,0,0,0,0,0,0,0,0,0,0,0,0,0,0,0,0,0,0,0,0,0,0,1,0,0,0,0,0,0,0,0,0,0,0,0,0,0,0,0,0,0,0,0,0,0,0,0,0,0,0,0,0
AF-Q0WX57-F1-model_v4,ten_percent_graphs/graph_AF-Q0WX57-F1-model_v4.pt,ten_percent_voxels/voxel_AF-Q0WX57-F1-model_v4.pt,Q0WX57,1,1,0,0,0,0,0,0,0,0,0,0,0,1,0,0,1,0,0,0,0,0,0,0,0,1,0,0,0,0,0,0,0,0,0,0,0,0,0,0,0,0,0,0,0,0,0,0,0,0,0,0,0,0,0,0,0,0,0,0,0,0,0,0,0,0,0,0,0,0,1,0,0,0,0,0,0,0,0,0,0,0,0,0,0,0,0,0,0,0,0,0,0,0,0,0,0,0,0,0
AF-Q0WX57-F1-model_v4,ten_percent_graphs/graph_AF-Q0WX57-F1-model_v4.pt,ten_percent_voxels/voxel_AF-Q0WX57-F1-model_v4.pt,Q0WX57,1,1,0,0,0,0,0,0,0,0,0,0,0,1,0,0,1,0,0,0,0,0,0,0,0,1,0,0,0,0,0,0,0,0,0,0,0,0,0,0,0,0,0,0,0,0,0,0,0,0,0,0,0,0,0,0,0,0,0,0,0,0,0,0,0,0,0,0,0,0,1,0,0,0,0,0,0,0,0,0,0,0,0,0,0,0,0,0,0,0,0,0,0,0,0,0,0,0,0,0
AF-Q0WX57-F1-model_v4,ten_percent_graphs/graph_AF-Q0WX57-F1-model_v4.pt,ten_percent_voxels/voxel_AF-Q0WX57-F1-model_v4.pt,Q0WX57,1,1,0,0,0,0,0,0,0,0,0,0,0,1,0,0,1,0,0,0,0,0,0,0,0,1,0,0,0,0,0,0,0,0,0,0,0,0,0,0,0,0,0,0,0,0,0,0,0,0,0,0,0,0,0,0,0,0,0,0,0,0,0,0,0,0,0,0,0,0,1,0,0,0,0,0,0,0,0,0,0,0,0,0,0,0,0,0,0,0,0,0,0,0,0,0,0,0,0,0
AF-Q0WX57-F1-model_v4,ten_percent_graphs/graph_AF-Q0WX57-F1-model_v4.pt,ten_percent_voxels/voxel_AF-Q0WX57-F1-model_v4.pt,Q0WX57,1,1,0,0,0,0,0,0,0,0,0,0,0,1,0,0,1,0,0,0,0,0,0,0,0,1,0,0,0,0,0,0,0,0,0,0,0,0,0,0,0,0,0,0,0,0,0,0,0,0,0,0,0,0,0,0,0,0,0,0,0,0,0,0,0,0,0,0,0,0,1,0,0,0,0,0,0,0,0,0,0,0,0,0,0,0,0,0,0,0,0,0,0,0,0,0,0,0,0,0
AF-Q0WX57-F1-model_v4,ten_percent_graphs/graph_AF-Q0WX57-F1-model_v4.pt,ten_percent_voxels/voxel_AF-Q0WX57-F1-model_v4.pt,Q0WX57,1,1,0,0,0,0,0,0,0,0,0,0,0,1,0,0,1,0,0,0,0,0,0,0,0,1,0,0,0,0,0,0,0,0,0,0,0,0,0,0,0,0,0,0,0,0,0,0,0,0,0,0,0,0,0,0,0,0,0,0,0,0,0,0,0,0,0,0,0,0,1,0,0,0,0,0,0,0,0,0,0,0,0,0,0,0,0,0,0,0,0,0,0,0,0,0,0,0,0,0
AF-Q14534-F1-model_v4,ten_percent_graphs/graph_AF-Q14534-F1-model_v4.pt,ten_percent_voxels/voxel_AF-Q14534-F1-model_v4.pt,Q14534,0,0,0,0,0,1,0,0,0,0,0,0,0,0,0,0,1,0,0,1,0,0,0,0,0,0,1,0,0,0,0,0,0,0,0,0,0,0,0,0,0,0,0,0,0,0,0,0,0,0,0,0,0,0,0,0,0,0,0,0,0,0,0,0,0,0,0,0,0,0,0,0,0,0,0,0,0,0,0,0,0,0,0,0,0,0,0,0,0,0,0,0,0,0,0,0,0,0,0,0
AF-P02795-F1-model_v4,ten_percent_graphs/graph_AF-P02795-F1-model_v4.pt,ten_percent_voxels/voxel_AF-P02795-F1-model_v4.pt,P02795,1,1,0,1,0,0,1,0,0,0,0,0,0,0,0,0,0,0,0,0,0,0,0,0,0,0,0,0,0,0,1,0,0,0,0,0,0,0,0,0,0,0,0,0,0,0,0,0,0,0,0,0,0,0,0,0,0,0,0,0,0,0,0,0,0,0,0,0,0,0,0,0,0,0,0,0,0,0,0,0,0,0,0,0,0,0,0,0,0,0,0,0,0,0,0,0,0,0,0,0
AF-Q6ZWJ1-F1-model_v4,ten_percent_graphs/graph_AF-Q6ZWJ1-F1-model_v4.pt,ten_percent_voxels/voxel_AF-Q6ZWJ1-F1-model_v4.pt,Q6ZWJ1,0,0,0,0,0,0,0,0,1,0,0,0,0,0,0,0,0,0,0,0,0,0,0,0,0,0,0,0,0,0,0,0,0,0,0,0,0,0,0,0,0,0,0,0,0,0,0,0,0,0,0,0,0,0,0,0,0,0,0,0,0,1,0,0,0,0,0,0,0,0,0,0,0,0,0,0,0,0,0,0,0,0,0,0,0,0,0,0,0,0,0,0,0,0,0,0,0,0,0,0
AF-O14717-F1-model_v4,ten_percent_graphs/graph_AF-O14717-F1-model_v4.pt,ten_percent_voxels/voxel_AF-O14717-F1-model_v4.pt,O14717,1,0,0,1,1,0,0,0,0,0,0,0,0,1,0,0,0,0,0,0,0,0,0,0,0,0,0,0,0,0,0,0,0,0,0,0,0,0,0,0,0,0,0,0,0,0,0,0,0,0,0,0,0,0,0,0,0,0,0,0,0,0,0,0,0,0,0,0,0,0,0,0,0,0,0,0,0,0,0,0,0,0,0,0,0,0,0,0,0,0,0,0,0,0,0,0,0,0,0,0
AF-Q8NBP5-F1-model_v4,ten_percent_graphs/graph_AF-Q8NBP5-F1-model_v4.pt,ten_percent_voxels/voxel_AF-Q8NBP5-F1-model_v4.pt,Q8NBP5,0,0,0,0,0,1,0,0,0,0,0,0,0,0,0,0,0,0,0,0,0,0,0,0,0,0,0,0,0,0,0,0,0,0,0,0,0,0,0,0,0,0,0,0,0,0,0,0,0,0,0,0,0,0,0,0,0,0,0,0,0,0,0,0,0,0,0,0,0,0,0,0,0,0,0,0,0,0,0,0,0,0,0,0,0,0,0,0,0,0,0,0,0,0,0,0,0,0,0,0
AF-Q6X9E4-F1-model_v4,ten_percent_graphs/graph_AF-Q6X9E4-F1-model_v4.pt,ten_percent_voxels/voxel_AF-Q6X9E4-F1-model_v4.pt,Q6X9E4,0,1,0,0,0,0,0,0,0,0,0,0,0,0,0,0,0,0,0,0,0,0,0,0,0,0,0,0,0,0,0,0,0,0,0,0,0,0,0,0,0,0,0,0,0,0,0,1,0,0,0,0,0,0,0,0,0,0,0,0,0,0,0,0,0,0,0,0,0,0,0,0,0,0,0,0,0,0,0,0,0,0,0,0,0,0,0,0,0,0,0,0,0,0,0,0,0,0,0,0
AF-Q9NV58-F1-model_v4,ten_percent_graphs/graph_AF-Q9NV58-F1-model_v4.pt,ten_percent_voxels/voxel_AF-Q9NV58-F1-model_v4.pt,Q9NV58,0,1,0,1,0,1,0,0,0,0,0,0,0,0,0,0,0,0,0,0,0,0,0,0,0,0,0,0,0,0,1,1,0,0,0,0,1,0,0,0,0,0,0,0,0,0,0,1,0,0,0,0,0,0,0,0,0,0,0,0,0,0,0,0,0,0,0,0,0,0,0,0,0,0,0,0,0,0,0,0,0,0,0,1,0,0,0,0,0,0,0,0,0,0,0,0,0,0,0,0
AF-Q8IYE0-F1-model_v4,ten_percent_graphs/graph_AF-Q8IYE0-F1-model_v4.pt,ten_percent_voxels/voxel_AF-Q8IYE0-F1-model_v4.pt,Q8IYE0,0,0,0,0,0,0,0,0,0,0,0,0,0,0,0,0,0,0,0,0,0,0,0,0,0,0,0,0,0,0,0,0,0,0,0,0,1,0,0,0,0,0,0,0,0,0,0,0,0,0,0,0,1,0,0,0,0,0,0,0,1,0,0,0,0,0,0,0,0,0,0,0,0,0,0,0,0,0,0,0,0,0,0,0,0,0,0,0,0,0,0,0,0,0,0,0,0,0,0,0
AF-A6NEF3-F1-model_v4,ten_percent_graphs/graph_AF-A6NEF3-F1-model_v4.pt,ten_percent_voxels/voxel_AF-A6NEF3-F1-model_v4.pt,A6NEF3,0,0,0,0,0,0,0,0,0,0,0,0,0,0,0,0,0,0,0,0,0,0,0,0,0,0,0,0,0,0,0,0,0,0,0,0,0,0,0,0,0,0,0,0,0,0,0,0,0,0,0,0,0,0,0,0,0,0,0,0,0,0,0,0,0,0,0,0,0,0,0,0,0,0,0,0,0,0,0,0,0,0,0,0,0,0,0,0,0,0,0,0,0,0,0,0,0,0,0,0
AF-Q15833-F1-model_v4,ten_percent_graphs/graph_AF-Q15833-F1-model_v4.pt,ten_percent_voxels/voxel_AF-Q15833-F1-model_v4.pt,Q15833,0,1,1,0,0,0,0,0,1,1,0,0,0,0,0,0,0,0,0,0,0,0,0,0,0,0,0,0,0,0,0,0,0,0,0,0,0,0,0,0,0,0,0,0,0,0,0,0,0,0,0,0,0,0,0,0,0,0,0,0,0,0,0,0,0,0,0,0,0,0,0,0,0,0,0,0,0,0,0,0,0,0,0,0,0,0,0,0,0,0,0,0,0,0,0,0,0,0,0,0
AF-Q9P0N5-F1-model_v4,ten_percent_graphs/graph_AF-Q9P0N5-F1-model_v4.pt,ten_percent_voxels/voxel_AF-Q9P0N5-F1-model_v4.pt,Q9P0N5,0,1,0,0,0,1,0,0,0,0,0,0,0,0,0,0,0,0,0,0,0,0,0,0,0,0,0,0,0,0,0,0,0,0,0,0,0,0,0,0,0,0,0,0,0,0,0,0,0,0,0,0,0,0,0,0,0,0,0,0,1,0,0,0,0,0,0,0,0,0,0,0,0,0,0,0,0,0,0,0,0,0,0,0,0,0,0,0,0,0,0,0,0,1,1,0,0,0,0,0
AF-Q8N884-F1-model_v4,ten_percent_graphs/graph_AF-Q8N884-F1-model_v4.pt,ten_percent_voxels/voxel_AF-Q8N884-F1-model_v4.pt,Q8N884,1,1,1,1,1,0,1,0,0,0,0,0,0,0,1,0,0,0,0,0,0,0,1,0,0,0,0,0,1,0,0,0,0,0,0,1,0,0,0,0,0,0,0,0,0,1,0,0,0,0,0,0,0,0,0,0,0,0,0,0,0,1,0,0,0,0,1,0,0,0,0,1,0,0,0,0,0,0,0,0,0,0,0,0,1,0,0,0,0,0,0,0,0,0,0,0,0,0,0,0
AF-Q8TD07-F1-model_v4,ten_percent_graphs/graph_AF-Q8TD07-F1-model_v4.pt,ten_percent_voxels/voxel_AF-Q8TD07-F1-model_v4.pt,Q8TD07,0,0,1,0,0,0,0,1,0,0,0,0,0,0,0,0,0,0,0,0,0,0,0,0,0,0,0,0,0,0,0,0,0,0,0,0,0,0,0,0,0,0,1,0,0,0,0,0,0,0,0,0,0,0,1,0,0,0,0,0,0,0,0,0,0,0,0,0,0,0,0,0,0,0,0,0,0,0,0,0,0,0,0,0,0,0,0,0,0,0,0,0,0,0,0,0,0,0,0,0
AF-Q3T8J9-F1-model_v4,ten_percent_graphs/graph_AF-Q3T8J9-F1-model_v4.pt,ten_percent_voxels/voxel_AF-Q3T8J9-F1-model_v4.pt,Q3T8J9,1,0,0,0,1,0,0,0,0,0,0,0,0,0,0,0,0,0,0,0,0,0,0,0,0,0,0,0,0,0,0,0,0,0,0,0,0,0,0,0,0,1,0,0,0,0,0,0,0,0,0,0,0,0,0,0,0,0,0,0,0,0,0,0,0,0,0,0,0,0,0,1,0,0,0,0,0,0,0,0,0,0,0,0,0,0,0,0,0,0,0,0,0,0,0,0,0,0,0,0
AF-Q96HJ9-F1-model_v4,ten_percent_graphs/graph_AF-Q96HJ9-F1-model_v4.pt,ten_percent_voxels/voxel_AF-Q96HJ9-F1-model_v4.pt,Q96HJ9,0,0,0,0,0,0,0,0,0,0,1,0,0,0,0,0,0,0,0,0,0,0,0,0,0,0,0,0,0,0,0,0,0,0,0,0,0,0,0,0,0,0,0,0,0,0,0,0,0,0,0,0,0,0,0,0,0,0,0,0,0,0,0,0,0,0,0,0,0,0,0,0,0,0,0,0,0,0,0,0,0,0,0,0,0,0,0,0,0,0,0,0,0,0,0,0,0,0,0,0
AF-P13807-F1-model_v4,ten_percent_graphs/graph_AF-P13807-F1-model_v4.pt,ten_percent_voxels/voxel_AF-P13807-F1-model_v4.pt,P13807,0,1,0,1,0,1,0,0,0,0,0,0,0,0,0,0,0,0,0,0,0,0,0,0,0,0,0,0,0,0,0,0,0,0,0,0,0,0,0,0,0,0,0,0,0,0,0,0,0,0,0,0,0,0,0,0,0,0,0,0,0,0,0,0,0,0,0,0,0,0,0,0,0,0,0,0,0,0,0,0,0,0,0,0,0,0,0,0,0,0,0,0,0,0,0,0,0,0,0,0
AF-A8MZG2-F1-model_v4,ten_percent_graphs/graph_AF-A8MZG2-F1-model_v4.pt,ten_percent_voxels/voxel_AF-A8MZG2-F1-model_v4.pt,A8MZG2,0,0,0,0,0,0,0,0,0,0,0,0,0,0,0,0,0,0,0,0,0,0,0,0,0,0,0,0,0,0,0,0,0,0,0,0,0,0,0,0,0,0,0,0,0,0,0,0,0,0,0,0,0,0,0,0,0,0,0,0,0,0,0,0,0,0,0,0,0,0,0,0,0,0,0,0,0,0,0,0,0,0,0,0,0,0,0,0,0,0,0,0,0,0,0,0,0,0,0,0
AF-Q9H3Q3-F1-model_v4,ten_percent_graphs/graph_AF-Q9H3Q3-F1-model_v4.pt,ten_percent_voxels/voxel_AF-Q9H3Q3-F1-model_v4.pt,Q9H3Q3,0,0,0,0,0,1,0,0,0,0,0,0,0,0,0,0,0,0,0,0,0,0,0,0,0,0,0,0,0,0,0,0,0,0,0,0,0,0,0,0,0,0,0,0,0,0,0,0,0,0,0,0,0,0,0,0,0,0,0,0,0,0,0,0,0,0,0,0,0,0,0,0,0,0,0,0,0,0,0,0,0,0,0,0,0,0,0,0,0,0,0,0,0,0,0,0,0,0,0,0
AF-Q13061-F1-model_v4,ten_percent_graphs/graph_AF-Q13061-F1-model_v4.pt,ten_percent_voxels/voxel_AF-Q13061-F1-model_v4.pt,Q13061,0,1,1,0,1,1,0,0,0,0,0,0,0,0,0,0,1,0,0,0,0,0,0,0,0,0,0,0,0,0,0,0,0,0,0,0,0,0,0,0,0,0,0,1,0,0,0,0,0,0,0,0,0,0,0,0,0,0,0,0,0,0,0,0,0,0,0,0,0,0,0,0,0,0,0,0,0,0,0,0,0,0,0,0,0,0,0,0,0,0,0,0,0,0,0,0,0,0,0,0
AF-O60663-F1-model_v4,ten_percent_graphs/graph_AF-O60663-F1-model_v4.pt,ten_percent_voxels/voxel_AF-O60663-F1-model_v4.pt,O60663,1,0,0,0,0,0,1,0,0,0,0,0,1,0,0,1,0,0,1,0,0,1,0,0,0,0,0,0,0,0,0,0,0,0,0,0,0,1,0,0,0,1,0,0,0,0,0,0,0,1,0,0,0,1,0,0,0,0,0,0,0,0,0,0,0,0,0,0,0,0,0,0,0,0,0,0,0,0,0,0,0,0,0,0,0,0,0,0,0,0,0,0,0,0,0,0,0,0,0,0
AF-Q7LFL8-F1-model_v4,ten_percent_graphs/graph_AF-Q7LFL8-F1-model_v4.pt,ten_percent_voxels/voxel_AF-Q7LFL8-F1-model_v4.pt,Q7LFL8,1,1,0,0,1,0,0,0,0,0,0,0,0,0,0,0,0,0,0,0,0,0,0,0,1,0,0,0,0,0,1,0,0,0,0,0,0,0,0,0,0,0,0,0,0,0,0,0,0,0,0,0,0,0,0,0,0,0,0,0,0,0,0,0,0,0,0,0,0,0,0,0,0,0,0,0,0,1,0,0,0,0,0,0,0,0,0,0,0,0,0,0,0,0,0,0,0,0,0,0
AF-F8WAL6-F1-model_v4,ten_percent_graphs/graph_AF-F8WAL6-F1-model_v4.pt,ten_percent_voxels/voxel_AF-F8WAL6-F1-model_v4.pt,F8WAL6,0,1,0,0,1,0,0,0,0,0,0,0,0,0,0,0,0,0,0,0,0,0,0,0,0,0,1,0,0,0,0,0,0,0,0,0,0,0,0,0,0,0,0,0,0,0,0,0,0,0,0,0,0,0,0,0,0,0,0,0,1,0,0,0,0,0,0,0,0,0,0,0,0,0,0,0,0,0,0,0,0,0,0,0,0,0,0,0,0,0,0,0,0,0,0,0,0,0,0,0
AF-Q8TEU7-F1-model_v4,ten_percent_graphs/graph_AF-Q8TEU7-F1-model_v4.pt,ten_percent_voxels/voxel_AF-Q8TEU7-F1-model_v4.pt,Q8TEU7,0,1,1,0,0,0,0,0,0,0,0,0,0,0,0,0,0,0,0,0,0,0,0,0,0,0,0,0,0,0,0,0,0,0,0,0,1,0,0,0,0,0,0,0,0,0,0,0,0,0,0,0,0,0,0,0,0,0,0,0,0,0,0,0,0,1,0,0,0,0,0,0,0,0,0,0,0,0,0,1,0,0,0,0,0,0,0,0,0,0,0,0,0,0,0,0,0,0,0,0
AF-A6NHN6-F1-model_v4,ten_percent_graphs/graph_AF-A6NHN6-F1-model_v4.pt,ten_percent_voxels/voxel_AF-A6NHN6-F1-model_v4.pt,A6NHN6,0,0,0,0,0,0,0,0,0,1,0,0,0,0,0,0,0,0,0,0,0,0,0,0,0,0,0,0,0,0,0,0,0,0,0,0,0,0,0,0,0,0,0,0,0,0,0,0,0,0,0,0,0,0,0,0,0,0,0,0,0,0,0,0,0,0,0,0,0,0,0,0,0,0,0,0,0,0,0,0,0,0,0,0,0,0,0,0,0,0,0,0,0,0,0,0,0,0,0,0
AF-Q15078-F1-model_v4,ten_percent_graphs/graph_AF-Q15078-F1-model_v4.pt,ten_percent_voxels/voxel_AF-Q15078-F1-model_v4.pt,Q15078,1,1,1,1,1,1,0,0,0,0,0,0,0,0,0,0,0,0,0,0,0,0,0,0,0,0,1,1,0,0,0,0,0,0,0,0,0,0,0,0,1,0,0,0,0,0,1,0,0,0,0,0,0,0,0,0,0,0,0,0,0,0,1,0,0,0,0,1,0,0,0,0,0,0,0,0,1,0,0,0,0,0,0,0,0,1,0,1,1,0,0,0,0,0,0,1,0,0,0,0
AF-P08174-F1-model_v4,ten_percent_graphs/graph_AF-P08174-F1-model_v4.pt,ten_percent_voxels/voxel_AF-P08174-F1-model_v4.pt,P08174,0,0,1,0,0,0,0,0,1,1,0,0,0,0,0,0,0,0,0,0,0,0,0,0,0,0,0,0,0,1,0,0,1,0,0,1,0,0,0,0,0,0,0,0,0,0,0,0,0,0,0,0,0,0,0,0,0,0,0,0,0,0,0,0,0,0,0,0,0,0,0,0,0,0,0,0,0,0,0,0,0,0,0,0,0,0,0,0,0,0,0,0,0,0,0,0,0,0,0,0
AF-Q9ULC4-F1-model_v4,ten_percent_graphs/graph_AF-Q9ULC4-F1-model_v4.pt,ten_percent_voxels/voxel_AF-Q9ULC4-F1-model_v4.pt,Q9ULC4,0,0,0,1,0,0,0,0,0,0,0,0,0,0,0,0,0,0,0,0,0,0,0,0,0,0,0,0,0,0,0,0,0,0,0,0,0,0,0,0,0,0,0,0,0,0,0,0,0,0,0,0,0,0,0,0,0,0,0,0,0,1,0,0,0,0,0,0,0,0,0,0,0,0,0,0,0,0,0,0,0,0,0,0,0,0,0,0,0,0,0,0,0,0,0,0,0,0,0,0
AF-Q9BXH1-F1-model_v4,ten_percent_graphs/graph_AF-Q9BXH1-F1-model_v4.pt,ten_percent_voxels/voxel_AF-Q9BXH1-F1-model_v4.pt,Q9BXH1,0,1,0,0,0,0,0,0,0,0,1,0,0,0,0,0,0,0,0,0,0,0,0,0,0,0,0,0,0,0,0,0,0,0,0,0,0,0,0,0,0,0,0,0,0,0,0,0,0,0,0,0,0,0,0,0,0,0,0,0,0,1,0,0,0,0,0,0,0,0,0,0,0,0,0,0,0,0,0,0,0,0,0,0,0,0,0,0,0,0,0,0,0,0,0,0,0,0,0,0
AF-P30926-F1-model_v4,ten_percent_graphs/graph_AF-P30926-F1-model_v4.pt,ten_percent_voxels/voxel_AF-P30926-F1-model_v4.pt,P30926,0,0,1,0,0,1,0,0,0,0,0,0,0,0,0,0,0,0,0,0,0,0,0,1,0,0,0,0,0,0,0,0,0,0,0,0,0,0,0,0,0,0,0,0,0,0,0,0,0,0,0,0,0,0,0,0,0,0,0,0,0,0,0,0,0,0,0,0,0,0,0,0,1,0,0,0,1,0,0,0,0,0,0,0,0,0,0,0,0,0,0,0,0,0,0,0,0,0,0,0
AF-Q9BYD5-F1-model_v4,ten_percent_graphs/graph_AF-Q9BYD5-F1-model_v4.pt,ten_percent_voxels/voxel_AF-Q9BYD5-F1-model_v4.pt,Q9BYD5,0,0,0,1,0,0,0,0,0,0,0,0,0,0,0,0,0,0,0,0,0,0,0,0,0,0,0,0,0,0,0,0,0,0,0,0,0,0,0,0,0,0,0,0,0,0,0,0,0,0,0,0,0,0,0,0,0,0,0,0,0,0,0,0,0,0,0,0,0,0,0,0,0,0,0,0,0,0,0,0,0,0,0,0,0,0,0,0,0,0,0,0,0,0,0,0,0,0,0,0
AF-Q03135-F1-model_v4,ten_percent_graphs/graph_AF-Q03135-F1-model_v4.pt,ten_percent_voxels/voxel_AF-Q03135-F1-model_v4.pt,Q03135,0,0,1,0,0,1,0,0,0,0,0,1,0,0,0,0,1,1,0,1,0,0,0,0,1,0,0,0,0,1,0,0,0,1,1,0,0,0,0,0,1,0,0,1,0,0,0,0,0,0,0,0,1,0,0,0,0,1,0,0,0,0,1,0,0,1,0,0,0,0,0,0,0,0,0,0,0,0,0,1,1,1,0,0,0,0,1,0,0,0,0,0,0,0,1,0,0,0,0,1
AF-O60269-F1-model_v4,ten_percent_graphs/graph_AF-O60269-F1-model_v4.pt,ten_percent_voxels/voxel_AF-O60269-F1-model_v4.pt,O60269,0,0,1,0,0,0,0,0,0,0,0,0,0,0,0,0,0,0,0,0,0,0,0,0,0,0,0,0,0,0,0,0,0,0,0,0,0,0,0,0,0,0,0,0,0,0,0,0,0,0,0,0,0,0,0,0,0,0,0,0,0,0,0,0,0,0,0,0,0,0,0,0,0,0,0,0,0,0,0,0,0,0,0,0,0,0,0,0,0,0,0,0,0,0,0,0,0,0,0,0
AF-Q92838-F1-model_v4,ten_percent_graphs/graph_AF-Q92838-F1-model_v4.pt,ten_percent_voxels/voxel_AF-Q92838-F1-model_v4.pt,Q92838,0,0,1,0,0,1,0,1,0,0,0,0,0,0,0,0,0,0,0,1,0,0,0,0,0,0,1,0,0,0,0,0,0,1,0,0,0,0,0,0,0,0,0,1,0,0,0,0,0,0,0,0,0,0,1,0,0,0,0,0,1,0,0,0,0,0,0,0,0,0,0,0,0,0,0,0,0,0,0,0,0,1,0,0,0,0,0,0,0,0,0,0,0,0,0,0,0,0,0,0
AF-Q9UBI9-F1-model_v4,ten_percent_graphs/graph_AF-Q9UBI9-F1-model_v4.pt,ten_percent_voxels/voxel_AF-Q9UBI9-F1-model_v4.pt,Q9UBI9,1,0,0,1,0,1,0,0,0,0,0,0,0,0,0,0,0,0,0,0,0,0,0,0,0,0,0,0,0,0,0,0,0,0,0,0,0,0,0,0,0,0,0,0,0,0,0,0,0,0,0,0,0,0,0,0,0,0,0,0,0,0,0,0,0,0,0,0,0,0,0,0,0,0,0,0,0,0,0,0,0,0,0,0,0,0,0,0,0,0,0,0,0,0,0,0,0,0,0,0
AF-P47944-F1-model_v4,ten_percent_graphs/graph_AF-P47944-F1-model_v4.pt,ten_percent_voxels/voxel_AF-P47944-F1-model_v4.pt,P47944,1,0,0,1,0,0,1,0,0,0,0,0,0,0,0,0,0,0,0,0,0,0,0,0,0,0,0,0,0,0,0,0,0,0,0,0,0,0,0,0,0,0,0,0,0,0,0,0,0,0,0,0,0,0,0,0,0,0,0,0,0,0,0,0,0,0,0,0,0,0,0,0,0,0,0,0,0,0,0,0,0,0,0,0,0,0,0,0,0,0,0,0,0,0,0,0,0,0,0,0
AF-Q9Y5A7-F1-model_v4,ten_percent_graphs/graph_AF-Q9Y5A7-F1-model_v4.pt,ten_percent_voxels/voxel_AF-Q9Y5A7-F1-model_v4.pt,Q9Y5A7,0,1,0,0,1,0,0,0,0,0,0,0,0,0,0,0,0,0,0,0,0,0,0,0,0,1,0,0,0,0,0,0,0,0,0,0,0,0,0,0,0,0,0,0,0,0,0,1,0,0,0,0,0,0,0,0,0,0,0,0,0,0,0,0,0,0,0,0,0,0,0,0,0,0,0,0,0,0,0,0,0,0,0,0,0,0,0,0,0,0,0,0,0,0,0,0,0,0,0,0
AF-Q8TDY3-F1-model_v4,ten_percent_graphs/graph_AF-Q8TDY3-F1-model_v4.pt,ten_percent_voxels/voxel_AF-Q8TDY3-F1-model_v4.pt,Q8TDY3,0,0,0,1,0,0,0,0,0,0,0,0,0,0,0,0,0,0,0,0,0,0,0,0,0,0,0,0,0,0,0,0,0,0,0,0,0,0,0,0,0,0,0,0,0,0,0,0,0,0,0,0,0,0,0,0,0,0,0,0,1,0,0,0,0,0,0,0,0,0,0,0,0,0,0,0,0,0,0,0,0,0,0,0,0,0,0,0,0,0,0,0,0,0,0,0,0,0,0,0
AF-Q15155-F1-model_v4,ten_percent_graphs/graph_AF-Q15155-F1-model_v4.pt,ten_percent_voxels/voxel_AF-Q15155-F1-model_v4.pt,Q15155,0,0,0,0,0,1,0,0,0,0,0,0,0,0,0,0,0,0,0,1,0,0,0,0,0,0,0,0,0,0,0,0,0,0,0,0,0,0,0,0,0,0,0,0,0,0,0,0,0,0,0,0,0,0,0,0,0,0,0,0,0,0,0,0,0,0,0,0,0,0,0,0,0,0,0,0,0,0,0,0,0,0,0,0,0,0,0,0,0,0,0,0,0,0,0,0,0,0,0,0
AF-Q9UBG0-F1-model_v4,ten_percent_graphs/graph_AF-Q9UBG0-F1-model_v4.pt,ten_percent_voxels/voxel_AF-Q9UBG0-F1-model_v4.pt,Q9UBG0,0,0,0,0,0,1,0,0,0,0,0,0,0,0,0,0,0,0,0,0,0,0,0,0,0,0,0,0,0,0,0,0,0,0,0,0,0,0,0,0,0,0,0,0,0,0,0,0,0,0,0,0,0,0,0,0,0,1,0,0,0,0,0,0,0,0,0,0,0,0,0,0,0,0,0,0,0,0,0,0,0,0,0,0,0,0,0,0,0,0,0,0,0,0,0,0,0,0,0,0
AF-Q9NVR5-F1-model_v4,ten_percent_graphs/graph_AF-Q9NVR5-F1-model_v4.pt,ten_percent_voxels/voxel_AF-Q9NVR5-F1-model_v4.pt,Q9NVR5,0,1,0,1,0,0,0,0,0,1,0,0,0,0,0,0,0,0,0,0,0,0,0,0,0,0,0,0,0,0,0,0,0,0,0,0,0,0,0,0,0,0,0,0,0,0,0,0,0,0,0,0,0,0,0,0,0,0,0,0,0,0,0,0,0,0,0,0,0,0,0,0,0,0,0,0,0,0,0,0,0,0,0,0,0,0,0,0,0,0,0,0,0,0,0,0,0,0,0,0
AF-P43146-F1-model_v4,ten_percent_graphs/graph_AF-P43146-F1-model_v4.pt,ten_percent_voxels/voxel_AF-P43146-F1-model_v4.pt,P43146,0,1,1,0,0,0,0,0,0,0,0,0,0,0,0,0,0,0,0,0,0,0,0,0,0,0,0,0,0,0,0,0,1,0,0,0,0,0,0,0,0,0,0,0,0,0,0,0,0,0,0,0,0,0,0,0,0,0,0,0,0,0,0,0,0,0,0,0,0,0,1,0,0,0,0,0,0,0,0,0,0,0,0,0,0,0,0,0,0,0,0,0,0,0,0,0,0,0,0,0
AF-Q96AB6-F1-model_v4,ten_percent_graphs/graph_AF-Q96AB6-F1-model_v4.pt,ten_percent_voxels/voxel_AF-Q96AB6-F1-model_v4.pt,Q96AB6,1,0,0,1,0,0,0,0,0,0,0,0,0,0,0,0,0,0,0,0,0,0,0,0,0,0,0,0,0,0,0,0,0,0,0,0,0,0,0,0,0,0,0,0,0,0,0,0,0,0,0,0,0,0,0,0,0,0,0,0,0,0,0,0,0,0,0,0,0,0,0,0,0,0,0,0,0,0,0,0,0,0,0,0,0,0,0,0,0,0,0,0,0,0,0,0,0,0,0,0
AF-Q8IWA4-F1-model_v4,ten_percent_graphs/graph_AF-Q8IWA4-F1-model_v4.pt,ten_percent_voxels/voxel_AF-Q8IWA4-F1-model_v4.pt,Q8IWA4,0,0,0,0,0,1,0,0,0,0,1,1,0,0,0,0,0,0,0,0,0,0,0,0,0,0,0,0,0,0,0,0,0,0,0,0,0,0,0,0,0,0,0,0,0,0,0,0,0,0,0,0,0,0,0,0,0,0,0,0,0,0,0,0,0,0,1,0,0,0,0,0,0,0,0,0,0,0,0,0,0,0,0,0,0,0,0,0,0,0,0,1,0,0,0,0,0,0,0,0
AF-Q05329-F1-model_v4,ten_percent_graphs/graph_AF-Q05329-F1-model_v4.pt,ten_percent_voxels/voxel_AF-Q05329-F1-model_v4.pt,Q05329,0,1,1,1,0,0,0,0,0,0,0,0,0,0,0,0,0,0,0,0,0,0,0,0,0,0,0,0,0,1,0,0,0,0,0,0,0,0,0,0,1,0,0,0,0,0,0,0,0,0,0,0,1,0,0,0,0,0,0,0,0,0,0,0,0,0,0,0,0,0,0,0,0,0,0,0,0,0,0,0,0,0,0,0,0,0,0,1,0,0,0,0,0,0,0,1,0,0,0,0
AF-Q7Z6P3-F1-model_v4,ten_percent_graphs/graph_AF-Q7Z6P3-F1-model_v4.pt,ten_percent_voxels/voxel_AF-Q7Z6P3-F1-model_v4.pt,Q7Z6P3,0,0,1,0,0,0,0,0,0,0,0,0,0,0,0,0,0,0,0,0,0,0,0,0,0,0,0,1,0,0,0,0,0,0,0,0,0,0,0,0,0,0,0,0,0,0,0,0,0,0,0,0,0,0,0,0,0,0,0,0,0,0,0,0,0,0,1,0,0,0,0,0,0,0,0,0,0,0,0,0,0,0,0,0,0,0,0,0,0,0,0,1,0,0,0,0,0,0,0,0
AF-Q6IE38-F1-model_v4,ten_percent_graphs/graph_AF-Q6IE38-F1-model_v4.pt,ten_percent_voxels/voxel_AF-Q6IE38-F1-model_v4.pt,Q6IE38,0,0,0,0,0,0,0,0,0,1,0,0,0,0,0,0,0,0,0,0,0,0,0,0,0,0,0,0,0,0,0,0,0,0,0,0,0,0,0,0,0,0,0,0,0,0,0,0,0,0,0,0,0,0,0,0,0,0,0,0,0,0,0,0,0,0,0,0,0,0,0,0,0,0,0,0,0,0,0,0,0,0,0,0,0,0,0,0,0,0,0,0,0,0,0,0,0,0,0,0
AF-P07476-F1-model_v4,ten_percent_graphs/graph_AF-P07476-F1-model_v4.pt,ten_percent_voxels/voxel_AF-P07476-F1-model_v4.pt,P07476,0,1,0,1,0,0,0,0,1,0,0,0,0,0,0,0,0,0,0,0,0,0,0,0,0,0,0,0,0,0,0,0,0,0,0,0,1,0,0,0,0,0,0,0,0,0,0,0,0,0,0,0,0,0,0,0,0,0,0,0,0,0,0,0,0,0,0,0,0,0,0,1,0,0,0,0,0,0,0,0,0,0,0,0,0,0,0,0,0,0,0,0,0,0,0,0,0,0,0,0
AF-O15173-F1-model_v4,ten_percent_graphs/graph_AF-O15173-F1-model_v4.pt,ten_percent_voxels/voxel_AF-O15173-F1-model_v4.pt,O15173,0,0,0,0,1,1,0,0,0,1,0,0,0,0,0,0,1,0,0,0,0,0,0,0,0,0,0,0,0,0,0,1,0,0,0,0,0,0,0,0,0,0,0,0,0,0,0,0,0,0,0,0,0,0,0,0,0,0,0,0,0,0,0,0,0,0,0,0,0,0,0,0,0,0,0,0,0,0,0,0,0,0,0,0,0,0,0,0,0,0,0,0,0,0,0,0,0,0,0,0
AF-Q9NW75-F1-model_v4,ten_percent_graphs/graph_AF-Q9NW75-F1-model_v4.pt,ten_percent_voxels/voxel_AF-Q9NW75-F1-model_v4.pt,Q9NW75,1,0,0,0,0,0,0,0,0,0,0,0,0,0,0,0,0,0,0,0,0,0,0,0,0,1,0,0,0,0,0,0,0,0,0,0,0,0,0,0,0,0,0,0,0,0,0,0,0,0,0,0,0,0,0,0,0,0,0,0,0,0,0,0,0,0,0,0,0,1,0,0,0,0,0,0,0,0,0,0,0,0,0,0,0,0,0,0,0,0,0,0,0,0,0,0,0,0,0,0
AF-P30040-F1-model_v4,ten_percent_graphs/graph_AF-P30040-F1-model_v4.pt,ten_percent_voxels/voxel_AF-P30040-F1-model_v4.pt,P30040,0,0,0,0,0,1,0,0,0,0,0,0,0,0,0,0,1,0,0,0,0,0,0,0,0,0,0,0,1,0,0,0,1,0,0,0,0,0,0,0,0,0,0,0,0,0,0,0,0,0,0,0,0,0,0,0,0,0,0,0,0,0,0,0,0,0,0,0,0,0,0,0,0,0,0,0,0,0,0,0,0,1,0,0,0,0,0,0,0,0,0,0,0,0,0,0,0,1,0,0
AF-Q9H920-F1-model_v4,ten_percent_graphs/graph_AF-Q9H920-F1-model_v4.pt,ten_percent_voxels/voxel_AF-Q9H920-F1-model_v4.pt,Q9H920,0,0,0,0,0,0,1,0,0,0,0,0,0,0,0,0,0,0,0,1,0,0,0,0,0,0,0,0,0,1,0,0,0,0,0,0,0,0,0,0,0,0,0,0,0,0,0,1,0,0,0,0,0,0,0,0,0,0,0,0,0,0,0,0,0,0,0,0,0,0,0,0,0,0,0,0,0,0,0,0,0,0,0,1,0,0,0,0,0,0,0,0,0,0,0,0,0,0,0,0
AF-P24557-F1-model_v4,ten_percent_graphs/graph_AF-P24557-F1-model_v4.pt,ten_percent_voxels/voxel_AF-P24557-F1-model_v4.pt,P24557,0,1,0,0,0,0,0,0,0,0,0,0,0,0,0,0,1,0,0,1,0,0,0,0,0,0,0,0,0,0,0,0,0,0,0,0,0,0,0,0,0,0,0,0,0,0,0,0,0,0,0,0,0,0,0,0,0,0,0,0,0,0,0,0,0,0,0,0,0,0,0,0,0,0,0,0,0,0,0,0,0,0,0,0,0,0,0,0,0,0,0,0,0,0,0,0,0,0,0,0
AF-Q3MIX3-F1-model_v4,ten_percent_graphs/graph_AF-Q3MIX3-F1-model_v4.pt,ten_percent_voxels/voxel_AF-Q3MIX3-F1-model_v4.pt,Q3MIX3,0,0,0,0,0,1,0,0,0,0,1,0,0,0,0,0,0,0,0,0,0,0,0,0,0,0,0,0,0,0,0,0,0,0,0,0,0,0,0,0,0,0,0,0,0,0,0,0,0,0,0,0,0,0,0,0,0,0,0,0,0,0,0,0,0,0,0,0,0,0,0,0,0,0,0,0,0,0,0,0,0,0,0,0,0,0,0,0,0,0,0,0,0,0,0,0,0,0,0,0
AF-Q08AH1-F1-model_v4,ten_percent_graphs/graph_AF-Q08AH1-F1-model_v4.pt,ten_percent_voxels/voxel_AF-Q08AH1-F1-model_v4.pt,Q08AH1,0,0,0,0,0,0,1,0,1,0,1,0,0,0,1,0,0,0,0,0,0,0,0,0,0,0,0,0,0,0,0,0,0,0,0,0,0,0,1,0,0,0,0,0,0,0,0,0,0,0,0,0,0,0,0,0,0,0,0,0,0,0,0,0,0,0,1,0,0,0,0,0,0,0,0,0,0,0,0,0,0,0,0,0,0,0,0,0,0,0,0,0,0,0,0,0,0,0,0,0
AF-Q96NJ6-F1-model_v4,ten_percent_graphs/graph_AF-Q96NJ6-F1-model_v4.pt,ten_percent_voxels/voxel_AF-Q96NJ6-F1-model_v4.pt,Q96NJ6,1,0,0,0,0,0,1,0,0,0,0,0,1,0,0,1,0,0,0,0,0,0,0,0,0,0,0,0,0,0,0,0,0,0,0,0,0,0,0,0,0,0,0,0,0,0,0,0,0,0,0,0,0,1,0,0,0,0,0,0,0,0,0,0,0,0,0,0,0,0,0,0,0,0,0,0,0,0,0,0,0,0,0,0,0,0,0,0,0,0,0,0,0,0,0,0,0,0,0,0
AF-Q99990-F1-model_v4,ten_percent_graphs/graph_AF-Q99990-F1-model_v4.pt,ten_percent_voxels/voxel_AF-Q99990-F1-model_v4.pt,Q99990,1,0,0,0,1,0,0,0,0,0,0,0,1,0,0,0,0,0,0,0,0,0,0,0,0,0,0,0,0,0,0,0,0,0,0,0,0,0,0,0,0,1,0,0,0,0,0,0,0,0,0,0,0,0,0,0,0,0,0,0,0,0,0,0,0,0,0,0,0,0,0,0,0,0,0,0,0,0,0,0,0,0,0,0,0,0,0,0,0,0,0,0,0,0,0,0,0,0,0,0
AF-Q13349-F1-model_v4,ten_percent_graphs/graph_AF-Q13349-F1-model_v4.pt,ten_percent_voxels/voxel_AF-Q13349-F1-model_v4.pt,Q13349,0,0,1,0,0,0,1,0,0,0,0,0,0,0,0,0,0,0,0,0,0,0,0,0,0,0,0,0,0,0,0,0,1,0,0,0,0,0,0,0,0,0,1,0,0,0,0,0,0,0,0,0,0,0,1,0,0,0,0,0,0,0,0,0,0,0,0,0,0,0,0,0,0,0,0,0,0,0,0,0,0,0,0,0,0,0,0,0,0,0,0,0,0,0,0,0,0,0,0,0
AF-P01148-F1-model_v4,ten_percent_graphs/graph_AF-P01148-F1-model_v4.pt,ten_percent_voxels/voxel_AF-P01148-F1-model_v4.pt,P01148,0,0,0,0,0,0,0,1,0,1,0,0,0,0,0,0,0,0,0,0,0,0,0,1,0,0,0,0,0,0,0,0,0,0,0,0,0,0,0,0,0,0,0,0,0,0,0,0,0,0,0,0,0,0,0,0,0,0,0,0,0,0,0,0,0,0,0,0,0,0,0,0,0,0,0,0,0,0,0,0,0,0,0,0,0,0,0,0,0,0,0,0,0,0,0,0,0,0,0,0
AF-Q9H649-F1-model_v4,ten_percent_graphs/graph_AF-Q9H649-F1-model_v4.pt,ten_percent_voxels/voxel_AF-Q9H649-F1-model_v4.pt,Q9H649,0,0,0,0,0,0,0,0,0,0,1,0,0,0,0,0,0,0,0,0,0,0,0,0,0,0,0,0,0,0,0,0,0,0,0,0,0,0,1,0,0,0,0,0,0,0,0,0,0,0,0,0,0,0,0,0,0,0,0,0,0,0,0,0,0,0,0,0,0,0,0,0,0,0,0,0,0,0,0,0,0,0,0,0,0,0,0,0,0,0,0,0,0,0,0,0,0,0,0,0
AF-Q9P015-F1-model_v4,ten_percent_graphs/graph_AF-Q9P015-F1-model_v4.pt,ten_percent_voxels/voxel_AF-Q9P015-F1-model_v4.pt,Q9P015,0,0,0,0,0,0,0,0,0,0,1,0,0,1,0,0,0,0,0,0,0,0,0,0,0,0,0,0,0,0,0,0,0,0,0,0,0,0,0,0,0,0,0,0,0,0,0,0,0,0,0,1,0,0,0,0,0,0,0,0,0,0,0,0,0,0,0,0,0,0,0,0,0,0,0,0,0,0,0,0,0,0,0,0,0,0,0,0,0,0,0,0,0,0,0,0,0,0,0,0
AF-P10523-F1-model_v4,ten_percent_graphs/graph_AF-P10523-F1-model_v4.pt,ten_percent_voxels/voxel_AF-P10523-F1-model_v4.pt,P10523,0,1,0,0,0,1,0,0,0,0,0,0,0,0,0,0,0,0,0,0,0,0,0,0,0,0,0,0,0,0,0,0,0,0,0,0,0,0,0,0,0,0,0,0,0,0,0,0,0,0,0,0,0,0,0,0,0,0,0,0,0,0,0,0,0,0,0,0,0,0,0,0,0,0,0,0,0,0,0,0,0,0,0,0,0,0,0,0,0,0,0,0,0,0,0,0,0,0,0,0
AF-Q9GZM5-F1-model_v4,ten_percent_graphs/graph_AF-Q9GZM5-F1-model_v4.pt,ten_percent_voxels/voxel_AF-Q9GZM5-F1-model_v4.pt,Q9GZM5,0,0,1,0,0,0,0,0,0,0,0,0,0,0,0,0,0,1,0,0,0,0,0,0,0,0,1,0,0,0,0,0,0,1,0,0,0,0,0,0,0,0,0,0,0,0,0,0,0,0,0,0,0,0,0,0,0,0,0,0,0,0,0,0,0,0,0,0,0,0,0,0,0,0,0,0,0,0,0,0,0,0,0,0,0,0,0,0,0,0,0,0,0,0,0,0,0,0,0,0
AF-Q8IUW5-F1-model_v4,ten_percent_graphs/graph_AF-Q8IUW5-F1-model_v4.pt,ten_percent_voxels/voxel_AF-Q8IUW5-F1-model_v4.pt,Q8IUW5,0,0,1,0,0,0,0,0,0,0,0,0,0,0,0,0,0,0,0,0,0,0,0,0,0,0,0,0,0,0,0,0,0,0,0,0,0,0,0,0,0,0,0,0,0,0,0,0,0,0,0,0,0,0,0,0,0,0,0,0,0,0,0,0,0,0,0,0,0,0,0,0,0,0,0,0,0,0,0,0,0,0,0,0,0,0,0,0,0,0,0,0,0,0,0,0,0,0,0,0
AF-Q96E35-F1-model_v4,ten_percent_graphs/graph_AF-Q96E35-F1-model_v4.pt,ten_percent_voxels/voxel_AF-Q96E35-F1-model_v4.pt,Q96E35,0,0,1,1,0,1,1,0,0,0,0,0,0,0,0,0,0,0,0,0,0,0,0,0,0,0,0,0,0,0,0,0,0,0,0,0,0,0,0,0,0,0,0,0,0,0,0,0,0,0,0,0,0,0,0,0,0,0,0,0,0,0,0,0,0,0,0,0,0,0,0,0,1,0,0,0,0,0,0,0,0,0,0,0,0,0,0,0,0,0,0,0,0,0,0,0,0,0,0,0
AF-Q8NC26-F1-model_v4,ten_percent_graphs/graph_AF-Q8NC26-F1-model_v4.pt,ten_percent_voxels/voxel_AF-Q8NC26-F1-model_v4.pt,Q8NC26,1,0,0,0,0,0,1,0,1,0,0,1,0,0,0,1,0,0,0,0,1,0,0,0,0,0,0,0,0,0,0,0,0,0,0,0,0,0,0,0,0,1,0,0,0,0,0,0,0,0,0,0,0,0,0,0,0,0,0,0,0,0,0,0,0,0,0,0,0,0,0,0,0,0,0,0,0,0,0,0,0,0,0,0,0,0,0,0,0,0,0,0,0,0,0,0,0,0,0,0
AF-Q8IV20-F1-model_v4,ten_percent_graphs/graph_AF-Q8IV20-F1-model_v4.pt,ten_percent_voxels/voxel_AF-Q8IV20-F1-model_v4.pt,Q8IV20,1,0,0,0,0,0,0,0,0,0,0,0,0,0,0,0,1,0,0,0,0,0,0,0,0,0,0,0,0,0,0,0,0,0,0,1,0,0,0,0,0,0,0,0,0,0,0,0,0,0,0,0,0,0,0,0,0,0,0,0,0,0,0,1,0,0,0,0,0,0,0,0,0,0,0,0,0,0,0,0,0,0,0,0,0,0,0,0,0,0,0,0,0,0,0,0,0,0,0,0
AF-Q96FV0-F1-model_v4,ten_percent_graphs/graph_AF-Q96FV0-F1-model_v4.pt,ten_percent_voxels/voxel_AF-Q96FV0-F1-model_v4.pt,Q96FV0,0,0,0,0,0,0,0,0,0,0,0,0,0,0,0,0,0,0,0,0,0,0,0,0,0,0,0,0,0,0,0,0,0,0,0,0,0,0,0,0,0,0,0,0,0,0,0,0,0,0,0,0,0,0,0,0,0,0,0,0,0,0,0,0,0,0,0,0,0,0,0,0,0,0,0,0,0,0,0,0,0,0,0,0,0,0,0,0,0,0,0,0,0,0,0,0,0,0,0,0
AF-O14561-F1-model_v4,ten_percent_graphs/graph_AF-O14561-F1-model_v4.pt,ten_percent_voxels/voxel_AF-O14561-F1-model_v4.pt,O14561,0,0,0,0,1,0,0,0,0,0,1,0,0,0,0,0,0,0,0,0,0,0,0,0,0,0,0,1,0,0,0,0,0,0,0,0,0,0,1,0,0,0,0,0,0,0,0,0,0,0,0,1,0,0,0,0,0,0,0,0,0,0,0,0,0,0,0,0,0,0,0,0,0,0,0,0,0,0,0,0,0,0,0,0,0,0,0,0,0,0,0,0,0,0,0,0,0,0,0,0
AF-O95932-F1-model_v4,ten_percent_graphs/graph_AF-O95932-F1-model_v4.pt,ten_percent_voxels/voxel_AF-O95932-F1-model_v4.pt,O95932,0,0,0,1,0,0,1,0,0,0,0,0,0,0,0,0,0,0,0,0,0,0,0,0,0,0,0,0,0,0,0,0,0,0,0,0,0,0,0,0,0,0,0,0,0,0,0,0,0,0,0,0,0,0,0,0,0,0,0,0,0,0,0,0,0,0,0,0,0,0,0,0,0,0,0,0,0,0,0,0,0,0,0,0,0,0,0,0,0,0,0,0,0,0,0,0,0,0,0,0
AF-P33402-F1-model_v4,ten_percent_graphs/graph_AF-P33402-F1-model_v4.pt,ten_percent_voxels/voxel_AF-P33402-F1-model_v4.pt,P33402,0,1,0,0,0,0,0,0,0,0,0,0,0,0,0,0,0,0,0,0,0,0,0,1,0,0,0,0,0,0,0,0,0,0,0,0,0,0,0,0,0,0,0,0,0,0,0,0,0,0,0,0,0,0,0,0,0,0,0,0,0,0,0,0,0,0,1,0,0,0,0,0,0,0,0,0,0,0,0,0,0,0,0,0,0,0,0,0,0,0,0,0,0,0,0,0,0,0,0,0
AF-Q9Y5W3-F1-model_v4,ten_percent_graphs/graph_AF-Q9Y5W3-F1-model_v4.pt,ten_percent_voxels/voxel_AF-Q9Y5W3-F1-model_v4.pt,Q9Y5W3,1,0,0,0,0,0,1,0,0,0,0,0,1,0,0,1,0,0,1,0,1,1,1,0,1,0,0,0,0,0,0,0,0,0,0,0,0,1,0,1,0,0,0,0,0,0,0,0,0,1,0,0,0,0,0,0,0,0,0,0,0,0,0,0,0,0,0,0,0,0,0,0,0,0,0,0,0,0,0,0,0,0,0,0,0,0,0,0,0,0,0,0,0,0,0,0,0,0,0,0
AF-Q96PL2-F1-model_v4,ten_percent_graphs/graph_AF-Q96PL2-F1-model_v4.pt,ten_percent_voxels/voxel_AF-Q96PL2-F1-model_v4.pt,Q96PL2,0,0,1,0,0,0,0,1,0,1,0,0,0,0,0,0,0,0,0,0,0,0,0,0,0,0,0,0,0,0,0,0,1,0,0,0,0,0,0,0,0,0,0,0,0,0,0,0,0,0,0,0,0,0,0,0,0,0,0,0,0,0,0,0,0,0,0,0,0,0,0,0,0,0,0,0,0,0,0,0,0,0,0,0,0,0,0,0,0,0,0,0,0,0,0,0,0,0,0,0
AF-Q53EZ4-F1-model_v4,ten_percent_graphs/graph_AF-Q53EZ4-F1-model_v4.pt,ten_percent_voxels/voxel_AF-Q53EZ4-F1-model_v4.pt,Q53EZ4,0,0,0,1,0,1,0,0,0,0,0,1,0,0,0,0,0,0,0,0,0,0,0,0,0,0,0,0,0,0,0,0,0,0,0,0,1,0,0,0,0,0,0,0,0,0,0,0,0,0,0,0,0,0,0,0,0,0,0,0,0,0,0,0,0,0,0,0,0,0,0,0,0,0,0,0,0,0,0,0,0,0,0,0,0,0,0,0,0,0,0,0,0,0,0,0,0,0,0,0
AF-A5JUU3-F1-model_v4,ten_percent_graphs/graph_AF-A5JUU3-F1-model_v4.pt,ten_percent_voxels/voxel_AF-A5JUU3-F1-model_v4.pt,A5JUU3,0,0,1,0,0,0,0,0,0,0,0,0,0,0,0,0,0,0,0,0,0,0,0,0,0,0,0,0,0,0,0,0,0,0,0,0,0,0,0,0,0,0,0,0,0,0,0,0,0,0,0,0,0,0,0,0,0,0,0,0,0,0,0,0,0,0,0,0,0,0,0,0,0,0,0,0,0,0,0,0,0,0,0,0,0,0,0,0,0,0,0,0,0,0,0,0,0,0,0,0
AF-Q5Y7D6-F1-model_v4,ten_percent_graphs/graph_AF-Q5Y7D6-F1-model_v4.pt,ten_percent_voxels/voxel_AF-Q5Y7D6-F1-model_v4.pt,Q5Y7D6,0,0,0,0,0,0,0,0,0,0,0,0,0,0,0,0,0,0,0,0,0,0,0,0,0,0,0,0,0,0,0,0,0,0,0,0,0,0,0,0,0,0,0,0,0,0,0,0,0,0,0,0,0,0,0,0,0,0,0,0,0,0,0,0,0,0,0,0,0,0,0,0,0,0,0,0,0,0,1,0,0,0,0,0,0,0,0,0,0,0,0,0,0,0,0,0,0,0,0,0
AF-P06746-F1-model_v4,ten_percent_graphs/graph_AF-P06746-F1-model_v4.pt,ten_percent_voxels/voxel_AF-P06746-F1-model_v4.pt,P06746,1,0,0,1,1,0,1,0,0,0,0,0,0,0,0,0,0,0,0,0,0,0,0,0,0,0,0,0,0,0,0,0,0,0,1,0,0,0,0,0,0,0,0,0,0,0,0,0,0,0,0,0,0,0,0,0,0,0,0,0,0,1,0,1,0,0,0,0,0,0,0,0,0,0,0,0,0,0,0,0,0,0,0,0,1,0,1,0,0,0,0,0,0,0,0,0,0,0,0,0
AF-Q16517-F1-model_v4,ten_percent_graphs/graph_AF-Q16517-F1-model_v4.pt,ten_percent_voxels/voxel_AF-Q16517-F1-model_v4.pt,Q16517,0,0,0,1,0,0,0,0,0,0,0,0,0,0,0,0,0,0,0,0,0,0,0,0,0,0,0,0,0,0,0,0,0,0,0,0,0,0,0,0,0,0,0,0,0,0,0,0,0,0,0,0,0,0,0,0,0,0,0,0,0,0,0,0,0,0,0,0,0,0,0,0,0,0,0,0,0,0,0,0,0,0,0,0,0,0,0,0,1,0,0,0,0,0,0,0,0,0,0,0
AF-Q6ICL7-F1-model_v4,ten_percent_graphs/graph_AF-Q6ICL7-F1-model_v4.pt,ten_percent_voxels/voxel_AF-Q6ICL7-F1-model_v4.pt,Q6ICL7,0,0,0,0,0,1,0,0,0,0,0,0,0,0,0,0,0,1,0,0,0,0,0,0,0,0,0,0,0,0,0,0,0,0,0,0,0,0,0,0,0,0,0,0,0,0,0,0,0,0,0,0,0,0,0,0,0,0,0,0,0,0,0,0,0,0,0,0,0,0,0,0,0,0,0,0,0,0,0,0,0,0,0,0,0,0,0,0,0,0,0,0,0,0,0,0,0,0,0,0
AF-Q9HD64-F1-model_v4,ten_percent_graphs/graph_AF-Q9HD64-F1-model_v4.pt,ten_percent_voxels/voxel_AF-Q9HD64-F1-model_v4.pt,Q9HD64,0,0,0,0,0,0,0,0,0,0,0,0,0,0,0,0,0,0,0,0,0,0,0,0,0,0,0,0,0,0,0,0,0,0,0,0,0,0,0,0,0,0,0,0,0,0,0,0,0,0,0,0,0,0,0,0,0,0,0,0,0,0,0,0,0,0,0,0,0,0,0,0,0,0,0,0,0,0,0,0,0,0,0,0,0,0,0,0,0,0,0,0,0,0,0,0,0,0,0,0
AF-Q9HD64-F1-model_v4,ten_percent_graphs/graph_AF-Q9HD64-F1-model_v4.pt,ten_percent_voxels/voxel_AF-Q9HD64-F1-model_v4.pt,Q9HD64,0,0,0,0,0,0,0,0,0,0,0,0,0,0,0,0,0,0,0,0,0,0,0,0,0,0,0,0,0,0,0,0,0,0,0,0,0,0,0,0,0,0,0,0,0,0,0,0,0,0,0,0,0,0,0,0,0,0,0,0,0,0,0,0,0,0,0,0,0,0,0,0,0,0,0,0,0,0,0,0,0,0,0,0,0,0,0,0,0,0,0,0,0,0,0,0,0,0,0,0
AF-O14764-F1-model_v4,ten_percent_graphs/graph_AF-O14764-F1-model_v4.pt,ten_percent_voxels/voxel_AF-O14764-F1-model_v4.pt,O14764,0,0,1,0,0,0,0,0,0,0,0,0,0,0,0,0,0,0,0,0,0,0,0,1,0,0,0,0,0,0,0,0,0,0,0,0,0,0,0,0,0,0,0,0,0,0,0,0,0,0,0,0,0,0,0,0,0,0,0,0,0,0,0,0,0,0,0,1,0,0,0,0,1,0,0,0,1,0,0,0,0,0,0,0,0,0,0,1,0,0,0,0,0,0,0,1,0,0,0,0
AF-Q8IWY9-F1-model_v4,ten_percent_graphs/graph_AF-Q8IWY9-F1-model_v4.pt,ten_percent_voxels/voxel_AF-Q8IWY9-F1-model_v4.pt,Q8IWY9,1,1,1,1,0,0,0,0,0,0,0,0,0,0,0,0,0,0,0,0,0,0,0,0,0,0,0,0,0,0,0,0,0,0,0,0,0,0,0,0,0,0,0,0,0,0,0,0,0,0,0,0,0,0,0,0,0,0,0,0,0,0,0,0,0,0,0,0,0,0,0,0,0,0,0,0,0,0,0,0,0,0,0,0,0,0,0,0,0,0,0,0,0,0,0,0,0,0,0,0
AF-Q9H5I1-F1-model_v4,ten_percent_graphs/graph_AF-Q9H5I1-F1-model_v4.pt,ten_percent_voxels/voxel_AF-Q9H5I1-F1-model_v4.pt,Q9H5I1,1,0,0,0,1,0,0,0,0,0,0,0,0,0,0,0,0,0,1,0,0,0,0,0,1,0,0,0,0,0,1,0,0,1,0,0,0,0,0,0,0,0,0,0,0,0,1,0,0,0,0,0,0,0,0,0,0,0,0,0,0,0,0,0,0,0,0,0,0,0,0,0,0,0,0,0,0,0,0,0,0,0,0,0,0,0,0,0,0,0,0,0,0,0,0,0,0,0,0,0
AF-O75385-F1-model_v4,ten_percent_graphs/graph_AF-O75385-F1-model_v4.pt,ten_percent_voxels/voxel_AF-O75385-F1-model_v4.pt,O75385,0,1,0,1,0,0,0,0,0,0,0,1,0,0,1,0,0,0,0,1,0,0,0,1,0,0,0,0,0,0,0,0,0,0,0,0,0,0,0,0,0,0,0,0,0,0,0,0,0,0,0,0,1,0,0,1,0,0,0,0,0,0,0,0,0,0,0,0,0,0,0,0,0,0,0,0,0,0,0,1,0,0,0,0,0,0,0,0,0,0,0,0,0,0,0,1,0,0,0,0
AF-Q8IXQ9-F1-model_v4,ten_percent_graphs/graph_AF-Q8IXQ9-F1-model_v4.pt,ten_percent_voxels/voxel_AF-Q8IXQ9-F1-model_v4.pt,Q8IXQ9,0,0,0,1,0,0,0,0,0,0,1,0,0,0,0,0,0,0,0,0,0,0,0,0,0,0,0,0,0,0,0,0,0,0,1,0,0,0,1,0,0,0,0,0,0,0,0,0,0,0,0,0,0,0,0,0,0,0,0,0,0,0,0,0,0,0,0,0,0,0,0,0,0,0,0,0,0,0,0,0,0,0,0,0,0,0,0,0,0,0,0,0,0,0,0,0,0,0,0,0
AF-E5FQ95-F1-model_v4,ten_percent_graphs/graph_AF-E5FQ95-F1-model_v4.pt,ten_percent_voxels/voxel_AF-E5FQ95-F1-model_v4.pt,E5FQ95,0,0,0,0,0,0,0,0,0,0,0,0,0,0,0,0,0,0,0,0,0,0,0,0,0,0,0,0,0,0,0,0,1,0,0,0,0,0,0,0,0,0,0,0,0,0,0,0,0,0,0,0,0,0,1,0,0,0,0,0,0,0,0,0,0,0,0,0,0,0,0,0,0,0,0,0,0,0,0,0,0,0,0,0,0,0,0,0,0,0,0,0,0,0,0,0,0,0,0,0
AF-Q9H0K6-F1-model_v4,ten_percent_graphs/graph_AF-Q9H0K6-F1-model_v4.pt,ten_percent_voxels/voxel_AF-Q9H0K6-F1-model_v4.pt,Q9H0K6,1,0,0,0,0,0,0,0,0,0,0,0,0,1,0,0,0,0,0,0,0,0,0,0,0,0,0,0,0,0,0,0,0,0,0,0,0,0,0,0,0,0,0,0,0,0,0,0,0,0,0,0,0,0,0,0,0,0,0,0,0,0,0,0,0,0,0,0,0,0,0,0,0,0,0,0,0,0,0,0,0,0,0,0,0,0,0,0,0,0,0,0,0,0,0,0,0,0,0,0
AF-Q5T1M5-F1-model_v4,ten_percent_graphs/graph_AF-Q5T1M5-F1-model_v4.pt,ten_percent_voxels/voxel_AF-Q5T1M5-F1-model_v4.pt,Q5T1M5,0,0,0,0,0,1,0,0,0,0,0,0,0,0,0,0,0,0,0,0,0,0,0,0,0,0,0,0,0,0,0,0,0,0,0,0,0,0,0,0,0,0,0,0,0,0,0,0,0,0,0,0,0,0,0,0,0,0,0,0,0,0,0,0,0,0,0,0,0,0,0,0,0,0,0,0,0,0,0,0,0,0,0,0,0,0,0,0,0,0,0,0,0,0,0,0,0,0,0,0
AF-Q6IPT2-F1-model_v4,ten_percent_graphs/graph_AF-Q6IPT2-F1-model_v4.pt,ten_percent_voxels/voxel_AF-Q6IPT2-F1-model_v4.pt,Q6IPT2,0,0,0,0,0,0,0,0,0,0,0,0,0,0,0,0,0,1,0,0,0,0,0,0,0,0,0,0,0,0,0,0,0,0,0,1,0,0,0,0,0,0,0,0,0,0,0,0,0,0,0,0,0,0,0,0,0,0,0,0,0,0,0,0,0,0,0,0,0,0,0,0,0,0,0,0,0,0,0,0,0,0,0,0,0,0,0,0,0,0,0,0,0,0,0,0,0,0,0,0
AF-O00754-F1-model_v4,ten_percent_graphs/graph_AF-O00754-F1-model_v4.pt,ten_percent_voxels/voxel_AF-O00754-F1-model_v4.pt,O00754,0,0,0,0,1,0,1,1,1,1,0,0,0,0,0,0,0,0,0,0,0,0,0,0,0,0,1,0,0,0,0,0,0,0,0,0,0,0,0,0,0,0,0,0,0,0,0,0,0,0,0,0,0,0,0,0,0,0,0,0,0,0,0,0,0,0,0,0,0,0,0,0,0,0,0,0,0,0,0,0,0,0,0,0,0,0,0,0,0,0,1,0,0,0,0,0,0,0,0,0
AF-Q8ND04-F1-model_v4,ten_percent_graphs/graph_AF-Q8ND04-F1-model_v4.pt,ten_percent_voxels/voxel_AF-Q8ND04-F1-model_v4.pt,Q8ND04,0,1,0,0,0,0,0,0,0,0,0,0,0,0,0,0,0,0,0,0,0,0,0,0,0,0,0,0,0,0,0,0,0,0,0,0,0,0,0,0,0,0,0,0,0,0,0,0,0,0,0,0,0,0,0,0,0,0,0,0,0,0,0,0,0,0,0,0,0,0,0,0,0,0,0,0,0,0,0,0,0,0,0,0,0,0,0,0,0,0,0,0,0,0,0,0,0,0,0,0
AF-O00273-F1-model_v4,ten_percent_graphs/graph_AF-O00273-F1-model_v4.pt,ten_percent_voxels/voxel_AF-O00273-F1-model_v4.pt,O00273,1,1,1,0,1,0,0,0,0,0,0,0,0,0,0,0,0,0,1,0,0,0,0,0,0,0,0,0,0,0,0,0,0,0,1,0,0,0,0,0,0,0,0,0,0,0,0,0,0,0,0,0,0,0,0,0,0,0,0,0,0,0,0,0,0,0,0,0,0,0,0,0,0,0,0,0,0,0,0,0,0,0,0,0,0,0,0,0,0,0,0,0,0,0,0,0,0,0,1,0
AF-Q96G30-F1-model_v4,ten_percent_graphs/graph_AF-Q96G30-F1-model_v4.pt,ten_percent_voxels/voxel_AF-Q96G30-F1-model_v4.pt,Q96G30,0,0,1,0,0,0,0,0,0,0,0,1,0,0,0,0,1,0,0,1,0,0,0,0,0,0,0,0,0,0,0,0,0,0,0,0,0,0,0,0,0,0,0,0,0,0,0,0,0,0,0,0,0,0,0,0,0,0,0,0,0,0,0,0,0,0,0,0,0,0,0,0,0,0,0,0,0,0,0,0,0,0,0,0,0,0,0,0,0,0,0,0,0,0,0,0,0,0,0,0
AF-Q00577-F1-model_v4,ten_percent_graphs/graph_AF-Q00577-F1-model_v4.pt,ten_percent_voxels/voxel_AF-Q00577-F1-model_v4.pt,Q00577,1,0,0,1,0,0,0,0,0,0,0,0,1,1,0,1,0,0,0,0,0,0,0,0,1,0,0,0,0,0,0,1,0,0,0,0,0,0,0,0,0,0,0,0,0,0,0,0,0,0,0,0,0,1,0,0,0,0,0,0,0,0,0,0,1,0,0,1,0,0,0,0,0,0,0,1,0,0,0,0,0,0,0,0,0,0,0,1,0,0,0,0,1,0,0,0,0,0,0,0
AF-Q4G163-F1-model_v4,ten_percent_graphs/graph_AF-Q4G163-F1-model_v4.pt,ten_percent_voxels/voxel_AF-Q4G163-F1-model_v4.pt,Q4G163,1,0,0,0,0,0,0,0,0,0,0,0,0,0,0,0,0,0,0,0,0,0,0,0,0,0,0,0,0,0,1,0,0,0,0,0,0,0,0,0,0,0,0,0,0,0,0,1,0,0,0,0,0,0,0,0,0,0,0,0,0,0,0,0,0,0,0,0,0,0,0,0,0,0,0,0,0,0,0,0,0,0,0,0,0,0,0,0,0,0,0,0,0,0,0,0,0,0,0,0
AF-O14920-F1-model_v4,ten_percent_graphs/graph_AF-O14920-F1-model_v4.pt,ten_percent_voxels/voxel_AF-O14920-F1-model_v4.pt,O14920,1,1,0,1,0,0,0,0,0,0,0,1,0,0,1,0,0,0,0,0,0,1,0,0,0,0,0,0,1,0,0,0,0,0,0,1,0,0,0,1,0,0,0,0,0,0,0,0,0,0,0,0,0,0,0,0,0,0,0,0,0,0,1,1,0,0,0,0,0,0,0,0,0,0,0,0,0,0,0,0,1,0,0,0,0,0,0,0,0,0,0,0,0,0,0,0,0,0,0,0
AF-G0Z349-F1-model_v4,ten_percent_graphs/graph_AF-G0Z349-F1-model_v4.pt,ten_percent_voxels/voxel_AF-G0Z349-F1-model_v4.pt,G0Z349,1,0,0,0,0,0,0,0,0,0,0,0,0,0,0,0,0,0,0,0,0,0,0,0,0,0,0,0,0,0,0,0,0,0,0,0,0,0,0,0,0,0,0,0,0,0,0,0,1,0,0,0,0,0,0,0,0,0,0,0,0,0,0,0,0,0,0,0,0,0,0,0,0,0,0,0,0,0,0,0,0,0,0,0,0,0,0,0,0,0,0,0,0,0,0,0,0,0,0,0
AF-Q9BV35-F1-model_v4,ten_percent_graphs/graph_AF-Q9BV35-F1-model_v4.pt,ten_percent_voxels/voxel_AF-Q9BV35-F1-model_v4.pt,Q9BV35,0,0,0,0,0,0,0,0,0,0,1,0,0,0,0,0,0,0,0,0,0,0,0,0,0,0,0,1,0,0,0,0,0,0,0,0,0,0,0,0,0,0,0,0,0,0,0,0,0,0,0,1,0,0,0,0,0,0,0,0,0,0,0,0,0,0,0,0,0,0,0,0,0,0,0,0,0,0,0,0,0,0,0,0,0,0,0,0,0,0,0,0,0,0,0,0,0,0,0,0
AF-Q5JUQ0-F1-model_v4,ten_percent_graphs/graph_AF-Q5JUQ0-F1-model_v4.pt,ten_percent_voxels/voxel_AF-Q5JUQ0-F1-model_v4.pt,Q5JUQ0,0,0,0,0,0,0,0,0,0,0,0,0,0,0,0,0,0,0,0,0,0,0,0,0,0,0,0,0,0,0,0,0,0,0,0,0,0,0,0,0,0,0,0,0,0,0,0,0,0,0,0,0,0,0,0,0,0,0,0,0,0,0,0,0,0,0,0,0,0,0,0,0,0,0,0,0,0,0,0,0,0,0,0,0,0,0,0,0,0,0,0,0,0,0,0,0,0,0,0,0
AF-O14649-F1-model_v4,ten_percent_graphs/graph_AF-O14649-F1-model_v4.pt,ten_percent_voxels/voxel_AF-O14649-F1-model_v4.pt,O14649,0,0,1,0,0,0,1,0,0,0,0,0,0,0,0,0,0,0,0,0,0,0,0,0,0,0,0,0,0,0,0,0,0,0,0,0,0,0,0,0,0,0,0,0,0,0,0,0,0,0,0,0,0,0,0,0,0,0,0,0,0,0,0,0,0,0,0,0,0,0,0,0,1,0,0,0,0,0,0,0,1,0,0,0,0,0,0,0,0,0,0,0,0,0,0,0,0,0,0,0
AF-P42695-F1-model_v4,ten_percent_graphs/graph_AF-P42695-F1-model_v4.pt,ten_percent_voxels/voxel_AF-P42695-F1-model_v4.pt,P42695,0,0,0,0,1,1,0,0,0,0,0,0,0,0,0,0,0,0,0,0,0,0,0,0,0,0,0,0,0,0,0,0,0,0,0,0,0,0,0,0,0,0,0,0,0,0,0,0,0,0,0,0,0,0,0,0,0,0,0,1,0,0,0,0,0,0,0,0,0,0,0,0,0,0,0,0,0,0,0,0,0,0,0,0,0,0,0,0,0,0,0,0,0,0,0,0,0,0,0,0
AF-A8K513-F1-model_v4,ten_percent_graphs/graph_AF-A8K513-F1-model_v4.pt,ten_percent_voxels/voxel_AF-A8K513-F1-model_v4.pt,A8K513,1,0,0,0,0,0,0,0,0,0,0,0,0,0,0,0,0,0,0,0,0,0,0,0,0,0,0,0,0,0,0,0,0,0,0,0,0,0,0,0,0,0,0,0,0,0,0,0,0,0,0,0,0,0,0,0,0,0,0,0,0,0,0,0,0,0,0,0,0,0,0,0,0,0,0,0,0,0,0,0,0,0,0,0,0,0,0,0,0,0,0,0,0,0,0,0,0,0,0,0
AF-D6W5Y5-F1-model_v4,ten_percent_graphs/graph_AF-D6W5Y5-F1-model_v4.pt,ten_percent_voxels/voxel_AF-D6W5Y5-F1-model_v4.pt,D6W5Y5,0,0,0,1,1,0,0,0,0,0,0,0,0,1,0,0,0,0,0,0,0,0,0,0,0,0,0,0,0,0,0,0,0,0,0,0,0,0,0,0,0,0,0,0,0,0,0,0,0,0,0,0,0,0,0,0,0,0,0,0,0,0,0,0,0,0,0,0,0,0,0,0,0,0,0,0,0,0,0,0,0,0,0,0,0,0,0,0,0,0,0,0,0,0,0,0,0,0,0,0
AF-Q8IYS4-F1-model_v4,ten_percent_graphs/graph_AF-Q8IYS4-F1-model_v4.pt,ten_percent_voxels/voxel_AF-Q8IYS4-F1-model_v4.pt,Q8IYS4,0,0,0,0,0,0,0,0,0,0,0,0,0,0,0,0,0,0,0,0,0,0,0,0,0,0,0,0,0,0,0,0,0,0,0,0,0,0,0,0,0,0,0,0,0,0,0,0,0,0,0,0,0,0,0,0,0,0,0,0,0,0,0,0,0,0,0,0,0,0,0,0,0,0,0,0,0,0,0,0,0,0,0,0,0,0,0,0,0,0,0,0,0,0,0,0,0,0,0,0
AF-P59541-F1-model_v4,ten_percent_graphs/graph_AF-P59541-F1-model_v4.pt,ten_percent_voxels/voxel_AF-P59541-F1-model_v4.pt,P59541,0,0,1,0,0,1,0,0,0,0,0,0,0,0,0,0,0,0,0,0,0,0,0,0,0,0,0,0,0,0,0,0,0,0,0,0,0,0,0,0,0,0,0,0,0,0,0,0,0,0,0,0,0,0,0,0,0,0,1,0,0,0,0,0,0,0,0,0,0,0,0,0,0,0,0,0,0,0,0,0,0,0,0,0,0,0,0,0,0,0,0,0,0,0,0,0,0,0,0,0
AF-Q9P0V8-F1-model_v4,ten_percent_graphs/graph_AF-Q9P0V8-F1-model_v4.pt,ten_percent_voxels/voxel_AF-Q9P0V8-F1-model_v4.pt,Q9P0V8,0,0,0,0,0,1,0,0,0,0,0,1,0,0,0,0,0,0,0,0,0,0,0,0,0,0,0,0,0,0,0,0,1,0,0,0,0,0,0,0,0,0,0,0,0,0,0,0,0,0,0,0,0,0,1,0,0,0,0,0,0,0,0,0,0,0,0,0,0,0,0,0,0,0,0,0,0,0,0,0,0,0,0,0,0,0,0,0,0,0,0,0,0,0,0,0,0,0,0,0
AF-Q6P5R6-F1-model_v4,ten_percent_graphs/graph_AF-Q6P5R6-F1-model_v4.pt,ten_percent_voxels/voxel_AF-Q6P5R6-F1-model_v4.pt,Q6P5R6,0,0,0,0,0,0,0,0,0,0,0,0,0,1,0,0,0,0,0,0,0,0,0,0,0,0,0,0,0,0,0,0,0,0,0,0,0,0,0,0,0,0,0,0,0,0,0,0,0,0,0,0,0,0,0,0,0,0,0,0,0,0,0,0,0,0,0,0,0,0,0,0,0,0,0,0,0,0,0,0,0,0,0,0,0,0,0,0,0,0,0,0,0,0,0,0,1,0,0,0
AF-Q14686-F1-model_v4,ten_percent_graphs/graph_AF-Q14686-F1-model_v4.pt,ten_percent_voxels/voxel_AF-Q14686-F1-model_v4.pt,Q14686,1,1,0,0,1,0,0,0,0,0,0,0,0,0,0,0,0,0,0,0,0,1,0,0,0,0,1,0,0,0,0,0,0,0,0,0,0,0,0,1,0,0,0,0,0,1,0,0,0,0,0,0,0,0,0,0,0,0,0,0,0,1,0,0,0,0,0,0,0,0,0,0,0,0,0,0,0,0,0,0,0,0,0,0,0,0,1,0,1,0,0,0,0,0,0,0,0,0,0,0
AF-Q8N6M9-F1-model_v4,ten_percent_graphs/graph_AF-Q8N6M9-F1-model_v4.pt,ten_percent_voxels/voxel_AF-Q8N6M9-F1-model_v4.pt,Q8N6M9,1,0,0,1,0,0,0,0,0,0,0,0,0,0,0,0,1,0,0,0,0,0,0,0,0,0,0,0,0,0,1,0,0,0,0,0,0,0,0,0,0,0,0,0,0,0,0,0,0,0,0,0,0,0,0,0,0,0,0,0,0,0,0,0,0,0,0,0,0,0,0,0,0,0,0,0,0,0,0,0,0,0,0,0,0,0,0,0,0,0,0,0,0,0,0,0,0,0,0,0
AF-P21506-F1-model_v4,ten_percent_graphs/graph_AF-P21506-F1-model_v4.pt,ten_percent_voxels/voxel_AF-P21506-F1-model_v4.pt,P21506,1,0,0,0,0,0,1,0,0,0,0,0,1,0,0,1,0,0,0,0,0,0,0,0,0,0,0,0,0,0,0,0,0,0,1,0,0,0,0,0,0,0,0,0,0,0,0,0,0,0,0,0,0,1,0,0,0,0,0,0,0,0,0,0,0,0,0,0,0,0,0,0,0,0,0,0,0,0,0,0,0,0,0,0,0,0,0,0,0,0,0,0,0,0,0,0,0,0,0,0
AF-O95251-F1-model_v4,ten_percent_graphs/graph_AF-O95251-F1-model_v4.pt,ten_percent_voxels/voxel_AF-O95251-F1-model_v4.pt,O95251,1,1,0,0,1,0,0,0,0,0,0,0,1,0,0,0,0,0,1,0,0,0,0,0,0,0,0,0,0,0,1,0,0,0,0,0,0,0,0,0,0,1,0,0,0,1,0,0,0,0,0,0,0,0,0,0,0,0,0,0,0,0,0,0,0,0,0,0,0,0,0,0,0,0,0,0,0,0,0,0,0,0,0,0,1,0,0,0,0,0,0,0,0,0,0,0,0,0,0,0
AF-O75044-F1-model_v4,ten_percent_graphs/graph_AF-O75044-F1-model_v4.pt,ten_percent_voxels/voxel_AF-O75044-F1-model_v4.pt,O75044,1,1,1,1,0,0,0,0,0,0,0,1,0,0,0,0,0,0,0,0,0,0,0,1,0,0,0,0,1,0,0,0,0,0,0,0,0,0,0,0,0,0,0,0,0,0,0,0,0,0,0,0,0,0,0,0,0,0,0,0,0,0,0,0,0,0,0,0,0,0,0,0,0,0,0,0,0,0,0,1,0,0,0,0,0,0,0,0,0,1,0,0,0,0,0,0,0,0,0,0
AF-O75563-F1-model_v4,ten_percent_graphs/graph_AF-O75563-F1-model_v4.pt,ten_percent_voxels/voxel_AF-O75563-F1-model_v4.pt,O75563,0,1,1,1,1,0,0,0,0,0,0,0,0,0,0,0,0,0,0,0,0,0,0,1,0,0,0,0,0,0,0,0,0,0,0,0,0,0,0,0,0,0,0,0,0,0,0,0,0,0,0,0,0,0,0,1,0,0,0,0,0,0,0,0,0,0,0,0,0,0,0,0,0,0,0,0,0,0,0,0,0,0,0,0,0,0,0,0,0,0,0,0,0,0,0,0,0,0,0,0
AF-Q9BT30-F1-model_v4,ten_percent_graphs/graph_AF-Q9BT30-F1-model_v4.pt,ten_percent_voxels/voxel_AF-Q9BT30-F1-model_v4.pt,Q9BT30,0,0,0,0,0,0,1,0,0,0,1,0,0,0,0,0,0,0,0,0,0,0,0,0,0,0,0,0,0,0,0,0,0,0,0,0,0,0,1,0,0,0,0,0,0,0,0,0,0,0,0,0,0,0,0,0,0,0,0,0,0,1,0,0,0,0,0,0,0,0,0,0,0,0,0,0,0,0,0,0,0,0,0,0,0,0,0,0,0,0,0,0,0,0,0,0,0,0,0,0
AF-A9UGY9-F1-model_v4,ten_percent_graphs/graph_AF-A9UGY9-F1-model_v4.pt,ten_percent_voxels/voxel_AF-A9UGY9-F1-model_v4.pt,A9UGY9,0,0,0,0,0,0,0,0,0,0,0,0,0,0,0,0,0,0,0,0,0,0,0,0,0,0,0,0,0,0,0,1,0,0,0,1,0,0,0,0,0,0,0,0,0,0,0,1,0,0,0,0,0,0,0,0,0,0,0,0,0,0,0,0,0,0,0,0,0,0,0,0,0,0,0,0,0,0,0,0,0,0,0,0,0,0,0,0,0,0,0,0,0,0,0,1,0,0,0,0
AF-Q9BRT2-F1-model_v4,ten_percent_graphs/graph_AF-Q9BRT2-F1-model_v4.pt,ten_percent_voxels/voxel_AF-Q9BRT2-F1-model_v4.pt,Q9BRT2,0,0,0,0,0,0,0,0,0,0,1,0,0,0,0,0,0,0,0,0,0,0,0,0,0,0,0,0,0,0,0,0,0,0,0,0,0,0,1,0,0,0,0,0,0,0,0,0,0,0,0,1,0,0,0,0,0,0,0,0,0,0,0,0,0,0,0,0,0,0,0,1,0,0,0,0,0,0,0,0,0,0,0,0,0,0,0,0,0,0,0,0,0,0,0,0,0,0,0,0
AF-Q9BPW8-F1-model_v4,ten_percent_graphs/graph_AF-Q9BPW8-F1-model_v4.pt,ten_percent_voxels/voxel_AF-Q9BPW8-F1-model_v4.pt,Q9BPW8,0,0,0,0,0,0,0,0,0,0,1,0,0,0,0,0,0,0,0,0,0,0,0,0,0,0,0,0,0,0,0,0,0,0,0,0,0,0,1,0,0,0,0,0,0,0,0,0,0,0,0,0,0,0,0,0,0,0,0,0,0,0,0,0,0,0,0,0,0,0,0,0,0,0,0,0,0,0,0,0,0,0,0,0,0,0,0,0,0,0,0,0,0,0,0,0,0,0,0,0
AF-Q9NZM6-F1-model_v4,ten_percent_graphs/graph_AF-Q9NZM6-F1-model_v4.pt,ten_percent_voxels/voxel_AF-Q9NZM6-F1-model_v4.pt,Q9NZM6,0,0,0,0,0,1,0,0,0,0,0,0,0,0,0,0,0,0,0,0,0,0,0,0,0,0,0,1,0,0,0,0,0,0,0,0,0,0,0,0,0,0,0,0,0,0,0,0,0,0,0,0,0,0,0,0,0,0,0,0,0,0,0,0,0,0,0,0,0,0,0,0,0,0,0,0,0,0,0,0,0,0,0,0,0,0,0,0,0,0,0,0,0,0,0,0,0,0,0,0
AF-Q8N4N3-F1-model_v4,ten_percent_graphs/graph_AF-Q8N4N3-F1-model_v4.pt,ten_percent_voxels/voxel_AF-Q8N4N3-F1-model_v4.pt,Q8N4N3,0,0,0,0,0,0,0,0,0,0,0,0,0,0,0,0,0,0,0,0,0,0,0,0,0,0,0,0,0,0,0,0,0,0,0,0,0,0,0,0,0,0,0,0,0,0,0,1,0,0,0,0,0,0,0,0,0,0,0,0,0,0,0,0,0,0,0,0,0,0,0,0,0,0,0,0,0,0,0,0,0,0,0,0,0,0,0,0,0,0,0,0,0,0,0,0,0,0,0,0
AF-O75830-F1-model_v4,ten_percent_graphs/graph_AF-O75830-F1-model_v4.pt,ten_percent_voxels/voxel_AF-O75830-F1-model_v4.pt,O75830,0,0,0,0,0,0,0,1,1,0,0,0,0,0,0,0,0,0,0,0,0,0,0,0,0,0,0,0,0,0,0,0,0,0,0,0,0,0,0,0,0,0,0,0,0,0,0,0,0,0,0,0,0,0,0,0,0,0,0,0,0,0,0,0,0,0,0,0,0,0,0,0,0,0,0,0,0,0,0,0,0,0,0,0,0,0,0,0,0,0,0,0,0,0,0,0,0,0,0,0
AF-Q9UNX3-F1-model_v4,ten_percent_graphs/graph_AF-Q9UNX3-F1-model_v4.pt,ten_percent_voxels/voxel_AF-Q9UNX3-F1-model_v4.pt,Q9UNX3,0,0,0,0,0,0,0,0,1,0,0,0,0,1,0,0,0,0,0,0,0,0,0,0,0,0,0,0,0,0,0,0,0,0,0,0,0,0,0,0,0,0,0,0,0,0,0,0,0,0,0,0,0,0,0,0,0,0,0,0,0,0,0,0,0,0,0,0,0,0,0,0,0,0,0,0,0,0,0,0,0,0,0,0,0,0,0,0,0,0,0,0,0,0,0,0,0,0,0,0
AF-Q9NPG1-F1-model_v4,ten_percent_graphs/graph_AF-Q9NPG1-F1-model_v4.pt,ten_percent_voxels/voxel_AF-Q9NPG1-F1-model_v4.pt,Q9NPG1,0,0,1,1,0,0,0,0,0,0,0,0,0,0,0,0,0,0,0,0,0,0,0,0,0,0,0,0,0,0,0,1,1,0,0,0,0,0,0,0,0,0,0,0,0,0,0,0,0,0,0,0,0,0,0,0,0,0,1,0,0,0,0,0,0,1,0,1,0,0,0,0,0,0,0,0,0,0,0,0,0,0,0,0,0,0,0,1,0,0,0,0,0,0,0,1,0,0,0,0
AF-Q2NKX8-F1-model_v4,ten_percent_graphs/graph_AF-Q2NKX8-F1-model_v4.pt,ten_percent_voxels/voxel_AF-Q2NKX8-F1-model_v4.pt,Q2NKX8,0,1,0,0,0,1,0,0,0,0,0,0,0,0,1,0,0,0,0,0,0,0,1,0,0,0,0,0,0,0,0,0,0,0,0,0,0,0,0,0,0,0,0,0,0,0,0,0,0,0,0,0,0,0,0,0,0,0,0,1,0,0,0,0,0,0,0,0,0,0,0,0,0,0,1,0,0,0,0,0,0,0,0,0,1,0,0,0,0,0,0,0,0,0,0,0,0,0,0,0
AF-Q5SWX8-F1-model_v4,ten_percent_graphs/graph_AF-Q5SWX8-F1-model_v4.pt,ten_percent_voxels/voxel_AF-Q5SWX8-F1-model_v4.pt,Q5SWX8,0,0,0,0,0,1,0,0,0,0,0,0,0,0,0,0,0,0,0,0,0,0,0,0,0,0,0,0,0,0,0,0,0,0,0,0,0,0,0,0,0,0,0,0,0,0,0,0,0,0,0,0,0,0,0,0,0,0,0,0,0,0,0,0,0,0,0,0,0,0,0,0,0,0,0,0,0,0,0,0,0,0,0,0,0,0,0,0,0,0,0,0,0,0,0,0,0,0,0,0
AF-P63215-F1-model_v4,ten_percent_graphs/graph_AF-P63215-F1-model_v4.pt,ten_percent_voxels/voxel_AF-P63215-F1-model_v4.pt,P63215,0,0,1,0,0,0,0,0,0,0,0,0,0,0,0,0,0,0,0,0,0,0,0,0,0,0,0,0,0,0,0,0,0,0,0,0,0,0,0,0,0,0,0,0,0,0,0,0,0,0,0,0,0,0,0,0,0,0,0,0,0,0,0,0,0,0,0,1,0,0,0,0,0,1,0,0,0,0,0,0,0,0,0,0,0,0,0,0,0,0,0,1,0,0,0,0,0,0,0,0
AF-Q8WWF1-F1-model_v4,ten_percent_graphs/graph_AF-Q8WWF1-F1-model_v4.pt,ten_percent_voxels/voxel_AF-Q8WWF1-F1-model_v4.pt,Q8WWF1,0,0,0,0,0,0,0,0,0,1,0,0,0,0,0,0,0,0,0,0,0,0,0,0,0,0,0,0,0,0,0,0,0,0,0,0,0,0,0,0,0,0,0,0,0,0,0,0,0,0,0,0,0,0,0,0,0,0,0,0,0,0,0,0,0,0,0,0,0,0,0,0,0,0,0,0,0,0,0,0,0,0,0,0,0,0,0,0,0,0,0,0,0,0,0,0,0,0,0,0
AF-Q6UWB1-F1-model_v4,ten_percent_graphs/graph_AF-Q6UWB1-F1-model_v4.pt,ten_percent_voxels/voxel_AF-Q6UWB1-F1-model_v4.pt,Q6UWB1,0,0,1,0,0,0,0,0,0,0,0,0,0,0,0,0,0,0,0,0,0,0,0,0,0,0,0,0,0,0,0,0,0,0,0,0,0,0,0,0,0,0,1,0,0,0,0,0,0,0,0,0,0,0,1,0,0,0,0,0,0,0,0,0,1,0,0,0,0,0,0,0,0,0,0,0,0,0,0,0,0,0,0,0,0,0,0,0,0,0,0,0,0,0,0,0,0,0,0,0
AF-Q9NRG4-F1-model_v4,ten_percent_graphs/graph_AF-Q9NRG4-F1-model_v4.pt,ten_percent_voxels/voxel_AF-Q9NRG4-F1-model_v4.pt,Q9NRG4,1,1,0,1,1,0,1,0,0,0,0,0,0,0,0,0,0,0,0,0,0,0,0,0,1,0,0,0,0,0,0,0,0,0,0,0,0,0,0,0,0,0,0,0,0,0,0,0,0,0,0,0,0,0,0,1,0,0,0,0,0,0,0,0,0,0,0,0,0,0,0,0,0,0,0,0,0,0,0,0,0,0,0,0,0,0,0,0,0,0,0,0,0,0,0,0,0,0,0,0
AF-Q8NAV1-F1-model_v4,ten_percent_graphs/graph_AF-Q8NAV1-F1-model_v4.pt,ten_percent_voxels/voxel_AF-Q8NAV1-F1-model_v4.pt,Q8NAV1,1,0,0,0,1,0,0,0,0,0,0,0,0,1,0,0,0,0,0,0,0,0,0,0,0,0,0,0,0,0,0,0,0,0,0,0,0,0,0,0,0,0,0,0,0,0,0,0,0,0,0,0,0,0,0,0,0,0,0,0,0,0,0,0,0,0,0,0,0,0,0,0,0,0,0,0,0,0,0,0,0,0,0,0,0,0,0,0,0,0,0,0,0,0,0,0,0,0,0,0
AF-P0DPK2-F1-model_v4,ten_percent_graphs/graph_AF-P0DPK2-F1-model_v4.pt,ten_percent_voxels/voxel_AF-P0DPK2-F1-model_v4.pt,P0DPK2,1,0,0,0,1,0,0,0,0,0,0,0,0,0,0,0,0,0,0,0,0,0,0,0,0,0,0,0,0,0,0,0,0,0,0,0,0,0,0,0,0,0,0,0,0,0,0,0,0,0,0,0,0,0,0,0,0,0,0,0,0,0,0,0,0,0,0,0,0,0,0,0,0,0,0,0,0,0,0,0,1,0,0,0,0,0,0,0,0,0,0,0,0,0,0,0,0,0,0,0
AF-Q96A00-F1-model_v4,ten_percent_graphs/graph_AF-Q96A00-F1-model_v4.pt,ten_percent_voxels/voxel_AF-Q96A00-F1-model_v4.pt,Q96A00,0,1,0,0,0,0,0,0,0,0,0,0,0,0,0,0,0,0,0,0,0,0,0,0,0,0,0,0,0,0,0,0,0,0,0,0,0,0,0,0,0,0,0,0,0,0,0,0,0,0,0,0,0,0,0,0,0,0,0,0,0,0,0,0,0,0,0,0,0,0,0,0,0,0,0,0,0,0,0,0,0,0,0,0,0,0,0,0,0,0,0,0,0,0,0,0,0,0,0,0
AF-O00443-F1-model_v4,ten_percent_graphs/graph_AF-O00443-F1-model_v4.pt,ten_percent_voxels/voxel_AF-O00443-F1-model_v4.pt,O00443,0,1,1,1,1,1,0,0,1,0,0,0,0,0,1,0,0,0,0,0,0,0,0,0,0,0,1,0,0,0,0,0,0,0,0,0,0,0,0,0,0,0,0,0,0,0,0,0,0,0,0,0,0,0,0,0,0,0,0,0,0,0,0,0,0,0,0,0,0,0,0,0,0,0,0,0,0,0,0,0,0,0,0,0,0,0,0,0,0,0,0,0,0,0,0,0,0,0,0,0
AF-Q6NUM6-F1-model_v4,ten_percent_graphs/graph_AF-Q6NUM6-F1-model_v4.pt,ten_percent_voxels/voxel_AF-Q6NUM6-F1-model_v4.pt,Q6NUM6,0,0,0,0,0,0,1,0,0,0,0,0,0,0,0,0,0,0,0,0,0,0,0,0,0,0,0,0,0,0,0,0,0,0,0,0,0,0,0,0,0,0,0,0,0,0,0,0,0,0,0,0,0,0,0,0,0,0,0,0,0,0,0,0,0,0,0,0,0,0,0,0,0,0,0,0,0,0,0,0,0,0,0,0,0,0,0,0,0,0,0,0,0,0,0,0,0,0,0,0
AF-Q16600-F1-model_v4,ten_percent_graphs/graph_AF-Q16600-F1-model_v4.pt,ten_percent_voxels/voxel_AF-Q16600-F1-model_v4.pt,Q16600,1,0,0,0,0,0,1,0,0,0,0,0,1,1,0,1,0,0,0,0,1,0,1,0,1,0,0,0,0,0,0,0,0,0,0,0,0,0,0,0,0,0,0,0,0,0,0,0,0,0,0,0,0,0,0,0,0,0,0,0,0,0,0,0,0,0,0,0,0,0,0,0,0,0,0,0,0,0,0,0,0,0,0,0,0,0,0,0,0,0,0,0,1,0,0,0,0,0,0,0
AF-Q9ULX6-F1-model_v4,ten_percent_graphs/graph_AF-Q9ULX6-F1-model_v4.pt,ten_percent_voxels/voxel_AF-Q9ULX6-F1-model_v4.pt,Q9ULX6,1,0,0,1,1,0,1,0,0,0,0,0,0,1,0,0,0,0,1,0,0,1,1,0,0,0,0,0,0,0,0,0,0,0,0,0,0,0,0,0,0,0,0,0,0,0,0,0,0,0,0,0,0,0,0,0,0,0,0,0,0,0,0,0,0,0,0,0,0,1,0,0,0,0,0,0,0,0,0,0,0,0,0,0,0,0,0,0,0,0,0,0,0,0,0,0,1,0,0,0
AF-Q6FII3-F1-model_v4,ten_percent_graphs/graph_AF-Q6FII3-F1-model_v4.pt,ten_percent_voxels/voxel_AF-Q6FII3-F1-model_v4.pt,Q6FII3,0,0,0,0,0,0,0,0,0,0,0,0,0,0,0,0,0,0,0,1,0,0,0,0,0,0,0,0,0,0,0,0,0,0,0,0,0,0,0,0,0,0,0,0,0,0,0,0,0,0,0,0,0,0,0,0,0,0,0,0,0,0,0,0,0,0,0,0,0,0,0,0,0,0,0,0,0,0,0,0,0,0,0,0,0,0,0,0,0,0,0,0,0,0,0,0,0,0,0,0
AF-Q8N6N6-F1-model_v4,ten_percent_graphs/graph_AF-Q8N6N6-F1-model_v4.pt,ten_percent_voxels/voxel_AF-Q8N6N6-F1-model_v4.pt,Q8N6N6,0,0,0,0,0,0,0,0,0,0,0,0,0,0,0,0,0,0,0,0,0,0,0,0,0,0,0,0,0,0,0,0,0,0,0,0,0,0,0,0,0,0,0,0,0,0,0,0,0,0,0,0,0,0,0,0,0,0,0,0,0,0,0,0,0,0,0,0,0,0,0,0,0,0,0,0,0,0,0,0,0,0,0,0,0,0,0,0,0,0,0,0,0,0,0,0,0,0,0,0
AF-C9JTQ0-F1-model_v4,ten_percent_graphs/graph_AF-C9JTQ0-F1-model_v4.pt,ten_percent_voxels/voxel_AF-C9JTQ0-F1-model_v4.pt,C9JTQ0,0,0,0,0,0,0,0,0,0,0,0,0,0,0,0,0,0,0,0,0,0,0,0,0,0,0,0,0,0,0,0,0,0,0,0,0,0,0,0,0,0,0,0,0,0,0,0,0,0,0,0,0,0,0,0,0,0,0,0,0,0,0,0,0,0,0,0,0,0,0,0,0,0,0,0,0,0,0,0,0,0,0,0,0,0,0,0,0,0,0,0,0,0,0,0,0,0,0,0,0
AF-B2R4C5-F1-model_v4,ten_percent_graphs/graph_AF-B2R4C5-F1-model_v4.pt,ten_percent_voxels/voxel_AF-B2R4C5-F1-model_v4.pt,B2R4C5,0,0,0,0,0,0,0,0,0,0,0,0,0,0,0,0,0,0,0,0,0,0,0,0,0,0,0,0,0,0,0,0,0,0,0,0,0,0,0,0,0,0,0,0,0,0,0,0,0,0,0,0,0,0,0,0,0,0,0,0,0,0,0,0,0,0,0,0,0,0,0,0,0,0,0,0,0,0,0,0,0,0,0,0,0,0,0,0,0,0,0,0,0,0,0,0,0,0,0,0
AF-Q3ZCX4-F1-model_v4,ten_percent_graphs/graph_AF-Q3ZCX4-F1-model_v4.pt,ten_percent_voxels/voxel_AF-Q3ZCX4-F1-model_v4.pt,Q3ZCX4,1,0,0,0,0,0,1,0,0,0,0,0,1,0,0,1,0,0,0,0,1,0,0,0,1,0,0,0,0,0,0,0,0,0,0,0,0,0,0,0,0,0,0,0,0,0,1,0,0,0,0,0,0,0,0,0,0,0,0,0,0,0,0,0,0,0,0,0,0,0,0,0,0,0,0,0,0,0,0,0,0,0,0,0,0,0,0,0,0,0,0,0,0,0,0,0,0,0,0,0
AF-A5X2V1-F1-model_v4,ten_percent_graphs/graph_AF-A5X2V1-F1-model_v4.pt,ten_percent_voxels/voxel_AF-A5X2V1-F1-model_v4.pt,A5X2V1,0,0,1,0,1,0,0,0,0,0,0,0,0,0,0,0,0,0,0,0,0,0,0,0,0,0,0,0,0,0,0,0,0,0,0,0,0,0,0,0,0,0,1,0,0,0,0,0,0,0,0,0,0,0,0,0,0,0,0,0,0,0,0,0,0,1,0,0,0,0,0,0,0,0,0,0,0,0,0,0,0,0,0,0,0,0,0,0,0,0,0,0,0,0,0,0,0,0,0,0
AF-O95343-F1-model_v4,ten_percent_graphs/graph_AF-O95343-F1-model_v4.pt,ten_percent_voxels/voxel_AF-O95343-F1-model_v4.pt,O95343,1,0,0,0,0,0,0,0,0,0,0,0,1,0,0,1,0,0,1,0,1,0,0,0,0,0,0,0,0,0,0,0,0,0,0,0,0,1,0,0,0,0,0,1,0,0,1,0,1,0,0,0,0,0,0,0,0,0,0,0,0,0,0,0,0,0,0,0,0,0,0,0,0,0,0,0,0,0,0,0,0,0,0,0,0,0,0,0,1,0,0,0,0,0,0,0,0,0,0,0
AF-Q14814-F1-model_v4,ten_percent_graphs/graph_AF-Q14814-F1-model_v4.pt,ten_percent_voxels/voxel_AF-Q14814-F1-model_v4.pt,Q14814,1,0,0,1,1,0,0,0,0,0,0,0,0,0,0,1,0,0,1,0,1,1,0,0,0,0,1,0,1,0,0,0,0,1,0,0,0,1,0,0,0,0,0,0,0,0,0,0,1,1,0,0,0,1,0,0,0,0,0,0,0,0,0,0,0,0,0,0,0,0,1,0,0,0,0,1,0,0,0,0,1,0,0,0,0,0,0,0,0,0,0,0,0,0,0,0,0,0,0,0
AF-O00587-F1-model_v4,ten_percent_graphs/graph_AF-O00587-F1-model_v4.pt,ten_percent_voxels/voxel_AF-O00587-F1-model_v4.pt,O00587,0,0,0,0,0,0,1,1,0,0,0,0,0,0,0,0,0,0,0,0,0,0,0,0,0,0,0,0,0,1,0,0,0,0,0,0,0,0,0,0,0,0,0,0,0,0,0,0,0,0,0,0,0,0,0,0,0,0,0,0,0,0,0,0,0,0,0,0,0,0,0,0,0,0,0,0,0,0,0,0,0,0,0,0,0,0,0,0,0,0,0,0,0,0,0,0,0,0,0,0
AF-P0DMW3-F1-model_v4,ten_percent_graphs/graph_AF-P0DMW3-F1-model_v4.pt,ten_percent_voxels/voxel_AF-P0DMW3-F1-model_v4.pt,P0DMW3,0,0,0,0,0,0,0,0,0,0,1,0,0,0,0,0,0,0,0,0,0,0,0,0,0,0,0,0,0,0,0,0,0,0,0,0,0,0,0,0,0,0,0,0,0,0,0,0,0,0,0,0,0,0,0,0,0,0,0,0,0,0,0,0,0,0,0,0,0,0,0,0,0,0,0,0,0,0,0,0,0,0,0,0,0,0,0,0,0,0,0,0,0,0,0,0,0,0,0,0
AF-P19961-F1-model_v4,ten_percent_graphs/graph_AF-P19961-F1-model_v4.pt,ten_percent_voxels/voxel_AF-P19961-F1-model_v4.pt,P19961,0,0,0,0,0,0,1,1,1,0,0,0,0,0,0,0,0,0,0,0,0,0,0,0,0,0,0,0,0,0,0,0,0,0,0,0,0,0,0,0,0,0,0,0,0,0,0,0,0,0,0,0,0,0,0,0,0,0,0,0,0,0,0,0,0,0,0,0,0,0,0,0,0,0,0,0,0,0,0,0,0,0,0,0,0,0,0,0,0,0,0,0,0,0,0,0,0,0,0,0
AF-Q9Y619-F1-model_v4,ten_percent_graphs/graph_AF-Q9Y619-F1-model_v4.pt,ten_percent_voxels/voxel_AF-Q9Y619-F1-model_v4.pt,Q9Y619,0,0,0,0,0,1,0,0,0,0,1,0,0,0,0,0,0,0,0,0,0,0,0,0,0,0,0,0,0,0,0,0,0,0,0,0,0,0,0,0,0,0,0,0,0,0,0,0,0,0,0,1,0,0,0,0,0,0,0,0,0,0,0,0,0,0,0,0,0,0,0,0,0,0,0,0,0,0,0,0,0,0,0,0,0,0,0,0,0,0,0,0,0,0,0,0,0,0,0,0
AF-Q8NBZ0-F1-model_v4,ten_percent_graphs/graph_AF-Q8NBZ0-F1-model_v4.pt,ten_percent_voxels/voxel_AF-Q8NBZ0-F1-model_v4.pt,Q8NBZ0,0,0,0,0,1,0,0,0,0,0,0,0,0,0,0,0,0,0,0,0,0,0,0,0,0,1,0,0,0,0,0,0,0,0,0,0,0,0,0,1,0,0,0,0,0,0,0,0,0,0,0,0,0,0,0,0,0,0,0,0,0,0,0,0,0,0,0,0,0,0,0,0,0,0,0,0,0,0,0,0,0,0,0,0,1,0,0,0,0,0,0,0,0,0,0,0,0,0,0,0
AF-O95461-F1-model_v4,ten_percent_graphs/graph_AF-O95461-F1-model_v4.pt,ten_percent_voxels/voxel_AF-O95461-F1-model_v4.pt,O95461,0,0,1,0,0,0,0,0,0,0,0,0,0,0,0,0,0,1,0,0,0,0,0,0,0,0,0,0,0,1,0,0,0,0,1,0,0,0,0,0,0,0,0,0,0,0,0,0,0,0,0,0,0,0,0,0,0,0,0,0,0,0,0,0,0,0,0,0,0,0,0,0,0,0,0,0,0,0,0,0,0,0,0,0,0,0,0,0,0,0,0,0,0,0,0,0,0,0,0,0
AF-O14832-F1-model_v4,ten_percent_graphs/graph_AF-O14832-F1-model_v4.pt,ten_percent_voxels/voxel_AF-O14832-F1-model_v4.pt,O14832,0,1,0,0,0,0,0,0,0,0,0,0,0,0,0,0,0,0,0,0,0,0,0,0,0,0,0,0,0,0,0,0,0,0,0,0,0,0,0,0,0,0,0,0,0,0,0,0,0,0,0,0,0,0,0,0,0,0,0,0,0,0,0,0,0,0,0,0,0,0,0,0,0,0,0,0,0,0,0,0,0,0,0,0,0,0,0,0,0,0,0,0,0,0,0,0,0,0,0,0
AF-Q7Z6K1-F1-model_v4,ten_percent_graphs/graph_AF-Q7Z6K1-F1-model_v4.pt,ten_percent_voxels/voxel_AF-Q7Z6K1-F1-model_v4.pt,Q7Z6K1,1,0,0,0,1,0,1,0,0,0,0,0,0,0,0,0,0,0,1,0,0,0,1,0,1,0,0,0,0,0,0,0,0,0,0,0,0,0,0,0,0,0,0,0,0,0,0,0,0,0,0,0,0,0,0,0,0,0,0,0,0,0,0,0,0,0,0,0,0,0,0,0,0,0,0,0,0,0,0,0,0,0,0,0,0,0,0,0,0,0,0,0,0,0,0,0,0,0,0,0
AF-Q8IWZ6-F1-model_v4,ten_percent_graphs/graph_AF-Q8IWZ6-F1-model_v4.pt,ten_percent_voxels/voxel_AF-Q8IWZ6-F1-model_v4.pt,Q8IWZ6,1,1,0,0,0,1,0,0,0,0,0,0,1,0,0,0,0,0,0,0,0,0,0,0,0,0,0,0,0,0,0,0,0,0,0,0,1,0,0,0,0,0,0,0,0,0,0,0,0,0,0,0,0,0,0,0,0,0,0,0,0,0,0,0,0,0,0,0,0,0,0,0,0,0,0,0,1,0,0,0,0,0,0,0,0,0,0,0,1,0,0,0,0,1,0,0,0,0,0,0
AF-Q96AY4-F1-model_v4,ten_percent_graphs/graph_AF-Q96AY4-F1-model_v4.pt,ten_percent_voxels/voxel_AF-Q96AY4-F1-model_v4.pt,Q96AY4,0,0,0,1,0,0,0,0,0,0,0,0,0,0,0,0,0,0,0,0,0,0,0,0,0,0,0,0,0,0,0,0,0,0,0,0,1,0,0,0,0,0,0,0,0,0,0,0,0,0,0,0,0,0,0,0,0,0,0,1,0,0,0,0,0,0,0,0,0,0,0,0,0,0,0,0,0,0,0,0,0,0,0,0,0,0,0,0,0,0,0,0,0,0,0,0,0,0,0,0
AF-Q9NTI2-F1-model_v4,ten_percent_graphs/graph_AF-Q9NTI2-F1-model_v4.pt,ten_percent_voxels/voxel_AF-Q9NTI2-F1-model_v4.pt,Q9NTI2,0,0,1,0,1,0,0,0,0,0,0,0,0,0,1,0,0,1,0,0,0,0,0,0,0,0,0,0,0,1,0,0,0,0,0,0,0,0,0,0,0,0,0,0,0,0,0,0,0,0,0,0,0,0,0,1,0,0,0,0,0,0,0,0,0,0,0,0,0,0,0,0,0,0,1,0,0,0,0,0,0,0,0,0,0,0,0,0,0,0,0,0,0,0,0,0,0,0,0,0
AF-A6PVY3-F1-model_v4,ten_percent_graphs/graph_AF-A6PVY3-F1-model_v4.pt,ten_percent_voxels/voxel_AF-A6PVY3-F1-model_v4.pt,A6PVY3,0,0,0,0,0,0,0,0,0,0,0,0,0,0,0,0,0,0,0,0,0,0,0,0,0,0,0,0,0,0,0,0,0,0,0,0,0,0,0,0,0,0,0,0,0,0,0,0,0,0,0,0,0,0,0,0,0,0,0,0,0,0,0,0,0,0,0,0,0,0,0,0,0,0,0,0,0,0,0,0,0,0,0,0,0,0,0,0,0,0,0,0,0,0,0,0,0,0,0,0
AF-O75674-F1-model_v4,ten_percent_graphs/graph_AF-O75674-F1-model_v4.pt,ten_percent_voxels/voxel_AF-O75674-F1-model_v4.pt,O75674,0,1,0,1,0,1,0,0,1,0,0,0,0,0,0,0,0,0,0,0,0,0,0,1,0,0,0,0,0,0,0,0,0,0,0,0,0,0,0,0,0,0,0,0,0,0,0,0,0,0,0,0,0,0,0,0,0,0,0,0,0,0,1,0,0,0,0,0,0,0,0,0,0,0,0,0,0,0,0,0,0,0,0,0,0,0,0,0,0,0,1,0,0,0,0,0,0,0,0,0
AF-Q9BW27-F1-model_v4,ten_percent_graphs/graph_AF-Q9BW27-F1-model_v4.pt,ten_percent_voxels/voxel_AF-Q9BW27-F1-model_v4.pt,Q9BW27,0,1,0,0,1,1,0,0,0,0,0,0,0,0,0,0,0,0,0,0,0,0,0,0,0,0,0,0,0,0,0,0,0,0,0,0,0,0,0,1,0,0,0,0,0,0,0,0,0,0,0,0,0,0,0,0,0,0,0,0,0,0,0,0,0,0,0,0,0,0,0,0,0,0,0,0,0,0,0,0,0,0,0,0,0,0,0,0,0,0,0,0,0,0,0,0,0,0,0,0
AF-A8K401-F1-model_v4,ten_percent_graphs/graph_AF-A8K401-F1-model_v4.pt,ten_percent_voxels/voxel_AF-A8K401-F1-model_v4.pt,A8K401,1,0,1,0,0,0,0,0,0,0,1,0,0,0,0,0,0,0,0,0,0,0,0,0,1,0,0,0,0,0,0,0,1,0,0,0,0,0,0,0,0,0,0,0,0,0,0,0,0,0,0,0,0,0,0,0,0,0,0,0,0,0,0,0,0,0,0,0,0,0,0,0,0,0,0,0,0,0,0,0,0,0,0,0,0,0,0,0,0,0,0,0,0,0,0,0,0,0,0,0
AF-Q9UL12-F1-model_v4,ten_percent_graphs/graph_AF-Q9UL12-F1-model_v4.pt,ten_percent_voxels/voxel_AF-Q9UL12-F1-model_v4.pt,Q9UL12,0,0,0,1,0,0,0,0,0,0,1,0,0,0,0,0,0,0,0,0,0,0,0,0,0,0,0,0,0,0,0,0,0,0,0,0,0,0,1,0,0,0,0,0,0,0,0,0,0,0,0,0,0,0,0,0,0,0,0,0,0,0,0,0,0,0,0,0,0,0,0,0,0,0,0,0,0,0,0,0,0,0,0,0,0,0,0,0,0,0,0,0,0,0,0,0,0,0,0,0
AF-Q8N5B7-F1-model_v4,ten_percent_graphs/graph_AF-Q8N5B7-F1-model_v4.pt,ten_percent_voxels/voxel_AF-Q8N5B7-F1-model_v4.pt,Q8N5B7,0,0,0,0,0,0,0,0,0,0,0,0,0,0,0,0,0,0,0,1,0,0,1,0,0,0,0,0,0,0,0,0,0,0,0,0,0,0,0,0,0,0,0,0,0,0,0,0,0,0,0,0,0,0,0,0,0,0,0,0,0,0,0,0,0,0,0,0,0,0,0,0,0,0,0,0,0,0,0,0,0,0,0,0,0,0,0,0,0,0,0,0,0,0,0,0,0,0,0,0
AF-Q8WYB5-F1-model_v4,ten_percent_graphs/graph_AF-Q8WYB5-F1-model_v4.pt,ten_percent_voxels/voxel_AF-Q8WYB5-F1-model_v4.pt,Q8WYB5,1,0,0,0,1,0,1,0,0,0,0,0,1,0,0,0,0,0,1,0,0,1,1,0,0,0,0,0,0,0,0,0,0,0,0,0,0,0,0,1,0,1,0,0,0,1,1,0,0,0,0,0,1,0,0,0,0,0,0,0,0,0,0,0,0,0,0,0,0,0,0,0,0,0,0,0,0,0,0,0,0,0,0,0,0,0,0,0,0,0,0,0,0,0,0,0,0,0,0,0
AF-P02730-F1-model_v4,ten_percent_graphs/graph_AF-P02730-F1-model_v4.pt,ten_percent_voxels/voxel_AF-P02730-F1-model_v4.pt,P02730,0,0,1,0,0,1,0,0,1,0,0,0,0,0,0,0,0,0,0,0,0,0,0,0,0,0,0,0,1,0,0,0,0,0,0,0,0,0,0,0,0,0,0,0,0,0,0,0,0,0,0,0,0,0,0,0,0,0,0,0,0,0,0,0,0,0,0,0,0,0,0,0,0,0,0,0,0,0,0,0,0,0,0,0,0,0,0,0,0,0,0,0,0,0,0,0,0,0,0,1
AF-Q9Y2X7-F1-model_v4,ten_percent_graphs/graph_AF-Q9Y2X7-F1-model_v4.pt,ten_percent_voxels/voxel_AF-Q9Y2X7-F1-model_v4.pt,Q9Y2X7,0,1,0,0,0,1,1,0,0,0,1,0,0,0,0,0,0,0,0,0,0,0,0,0,0,0,0,0,0,0,0,0,0,0,0,0,1,0,0,0,0,0,0,0,0,0,0,0,0,0,0,0,1,0,0,0,0,1,0,0,0,0,0,0,0,0,0,0,0,0,0,0,1,0,0,0,1,0,0,1,0,0,0,0,0,0,0,0,1,1,0,0,0,0,0,0,0,0,0,0
AF-Q9BSC4-F1-model_v4,ten_percent_graphs/graph_AF-Q9BSC4-F1-model_v4.pt,ten_percent_voxels/voxel_AF-Q9BSC4-F1-model_v4.pt,Q9BSC4,0,0,0,0,0,0,0,0,0,0,0,0,0,1,0,0,0,0,0,0,0,0,0,0,0,1,0,0,0,0,0,0,0,0,0,0,0,0,0,0,0,0,0,0,0,0,0,0,0,0,0,0,0,0,0,0,0,0,0,0,0,0,0,0,0,0,0,0,0,0,0,0,0,0,0,0,0,0,0,0,0,0,0,0,0,0,0,0,0,0,0,0,0,0,0,0,0,0,0,0
AF-Q9Y5B8-F1-model_v4,ten_percent_graphs/graph_AF-Q9Y5B8-F1-model_v4.pt,ten_percent_voxels/voxel_AF-Q9Y5B8-F1-model_v4.pt,Q9Y5B8,1,1,1,1,0,0,0,0,0,1,0,0,0,0,1,0,0,0,0,0,0,0,0,0,0,0,0,0,0,0,0,0,0,0,0,0,1,0,0,0,0,0,0,0,0,0,0,0,0,0,0,0,0,0,0,0,0,0,0,0,0,0,0,0,0,0,0,0,0,0,0,0,0,0,0,0,0,0,0,0,0,0,0,0,0,0,0,0,1,0,0,0,0,0,1,0,0,0,0,0
AF-Q5JVF3-F1-model_v4,ten_percent_graphs/graph_AF-Q5JVF3-F1-model_v4.pt,ten_percent_voxels/voxel_AF-Q5JVF3-F1-model_v4.pt,Q5JVF3,1,0,0,1,0,0,0,0,0,0,0,0,0,1,0,0,0,0,0,0,0,0,0,0,0,0,0,0,0,0,0,0,0,0,0,0,0,0,0,1,0,0,0,0,0,0,0,0,0,0,0,0,0,0,0,0,1,0,0,0,0,0,0,0,0,0,0,0,0,0,0,0,0,0,0,0,0,0,0,0,0,0,0,0,0,0,0,0,0,0,0,0,0,0,0,0,0,0,0,0
AF-Q13454-F1-model_v4,ten_percent_graphs/graph_AF-Q13454-F1-model_v4.pt,ten_percent_voxels/voxel_AF-Q13454-F1-model_v4.pt,Q13454,0,0,1,0,0,0,0,0,0,0,1,0,0,0,0,0,0,0,0,1,0,0,0,0,0,0,0,0,0,0,0,0,0,0,0,0,0,0,0,0,0,0,0,0,0,0,0,0,0,0,0,0,0,0,0,0,0,0,0,0,0,0,0,0,0,0,0,0,0,0,0,0,0,0,0,0,0,0,0,0,0,0,0,0,0,0,0,0,0,0,0,0,0,0,0,0,0,0,0,0
AF-Q9NP81-F1-model_v4,ten_percent_graphs/graph_AF-Q9NP81-F1-model_v4.pt,ten_percent_voxels/voxel_AF-Q9NP81-F1-model_v4.pt,Q9NP81,0,0,0,0,0,0,0,0,0,0,1,0,0,1,1,0,0,0,0,0,0,0,0,0,0,0,0,0,0,0,0,0,0,0,0,0,0,0,1,0,0,0,0,0,0,0,0,0,0,0,0,0,0,0,0,0,0,0,0,0,0,0,0,0,0,0,0,0,0,0,0,0,0,0,0,0,0,0,0,0,0,0,0,0,0,0,0,0,0,0,0,0,0,0,0,0,0,0,0,0
AF-Q9GZV7-F1-model_v4,ten_percent_graphs/graph_AF-Q9GZV7-F1-model_v4.pt,ten_percent_voxels/voxel_AF-Q9GZV7-F1-model_v4.pt,Q9GZV7,0,0,0,0,0,0,0,1,0,0,0,0,0,0,0,0,0,0,0,0,0,0,0,0,0,0,0,0,0,0,0,0,0,0,0,0,0,0,0,0,0,0,0,0,0,0,0,0,0,0,1,0,0,0,0,0,0,0,0,0,0,0,0,0,0,0,0,0,0,0,0,0,1,0,0,0,0,0,0,0,0,0,0,0,0,0,0,0,0,0,0,0,0,0,0,0,0,0,0,0
AF-Q8TB37-F1-model_v4,ten_percent_graphs/graph_AF-Q8TB37-F1-model_v4.pt,ten_percent_voxels/voxel_AF-Q8TB37-F1-model_v4.pt,Q8TB37,0,0,1,0,0,0,1,0,0,0,1,0,0,0,1,0,0,0,0,0,0,0,0,0,0,0,0,0,0,0,0,0,0,0,0,0,0,0,1,0,0,0,0,0,0,0,0,0,0,0,0,0,0,0,0,0,0,0,0,0,0,0,0,0,0,0,0,0,0,0,0,0,0,0,0,0,0,0,0,0,0,0,0,0,0,0,0,0,0,0,0,0,0,0,0,0,0,0,0,0
AF-P0CG41-F1-model_v4,ten_percent_graphs/graph_AF-P0CG41-F1-model_v4.pt,ten_percent_voxels/voxel_AF-P0CG41-F1-model_v4.pt,P0CG41,0,0,0,0,0,0,0,0,0,0,0,0,0,0,0,0,0,0,0,1,0,0,0,0,0,0,0,0,0,0,0,0,0,0,0,0,0,0,0,0,0,0,0,0,0,0,0,0,0,0,0,0,0,0,0,0,0,0,0,0,0,0,0,0,0,0,0,0,0,0,0,0,0,0,0,0,0,0,0,0,0,0,0,0,0,0,0,0,0,0,0,0,0,0,0,0,0,0,0,0
AF-C9W8M6-F1-model_v4,ten_percent_graphs/graph_AF-C9W8M6-F1-model_v4.pt,ten_percent_voxels/voxel_AF-C9W8M6-F1-model_v4.pt,C9W8M6,0,0,0,0,0,1,0,0,0,0,0,0,0,0,0,0,0,0,0,0,0,0,0,0,0,0,0,0,0,0,0,0,0,0,0,0,0,0,0,0,0,0,0,0,0,0,0,0,0,0,0,0,0,0,0,0,0,0,0,0,0,0,0,0,0,0,0,0,0,0,0,0,0,0,0,0,0,0,0,0,0,0,0,0,0,0,0,0,0,0,0,0,0,0,0,0,0,0,0,0
AF-P57682-F1-model_v4,ten_percent_graphs/graph_AF-P57682-F1-model_v4.pt,ten_percent_voxels/voxel_AF-P57682-F1-model_v4.pt,P57682,0,0,0,0,1,0,1,0,0,0,0,0,1,0,0,1,0,0,1,0,1,0,0,0,1,0,0,0,0,0,0,0,0,0,0,0,0,1,0,0,0,0,0,0,0,0,0,0,0,1,0,0,0,0,0,0,0,0,0,0,0,0,0,0,0,0,0,0,0,0,0,0,0,0,0,0,0,0,0,0,0,0,0,0,0,0,0,0,0,0,0,0,0,0,0,0,0,0,0,0
AF-P47992-F1-model_v4,ten_percent_graphs/graph_AF-P47992-F1-model_v4.pt,ten_percent_voxels/voxel_AF-P47992-F1-model_v4.pt,P47992,0,0,0,0,0,0,0,1,0,1,0,0,0,0,0,0,0,0,0,0,0,0,0,1,0,0,0,0,1,0,0,0,0,0,0,0,0,0,0,0,0,0,0,0,0,0,1,0,0,0,0,0,0,0,0,0,0,0,0,0,0,0,0,1,0,0,0,0,0,0,0,0,0,0,0,0,0,0,0,0,0,0,0,0,0,0,0,0,0,0,0,0,0,0,0,0,0,0,0,0
AF-Q5HYK3-F1-model_v4,ten_percent_graphs/graph_AF-Q5HYK3-F1-model_v4.pt,ten_percent_voxels/voxel_AF-Q5HYK3-F1-model_v4.pt,Q5HYK3,0,0,0,0,0,0,0,0,0,0,1,0,0,0,0,0,0,0,0,0,0,0,0,0,0,0,0,0,0,0,0,0,0,0,1,0,0,0,1,0,0,0,0,0,0,0,0,0,0,0,0,1,0,0,0,0,0,0,0,0,0,0,0,0,0,0,0,0,0,0,0,0,0,0,0,0,0,0,0,0,0,0,0,0,0,0,0,0,0,0,0,0,0,0,0,0,0,0,0,0
AF-Q9NYW3-F1-model_v4,ten_percent_graphs/graph_AF-Q9NYW3-F1-model_v4.pt,ten_percent_voxels/voxel_AF-Q9NYW3-F1-model_v4.pt,Q9NYW3,0,0,1,0,0,1,0,0,0,0,0,0,0,0,0,0,0,0,0,0,0,0,0,0,0,0,0,0,0,0,0,0,0,0,0,0,0,0,0,0,0,0,0,0,0,0,0,0,0,0,0,0,0,0,0,0,0,0,1,0,0,0,0,0,0,0,0,0,0,0,0,0,0,0,0,0,0,0,0,0,0,0,0,0,0,0,0,0,0,0,0,0,0,0,0,0,0,0,0,0
AF-Q9BYI3-F1-model_v4,ten_percent_graphs/graph_AF-Q9BYI3-F1-model_v4.pt,ten_percent_voxels/voxel_AF-Q9BYI3-F1-model_v4.pt,Q9BYI3,0,1,1,0,0,0,0,0,0,0,0,0,0,0,0,0,0,0,0,0,0,0,0,0,0,0,0,0,0,0,0,0,0,0,0,0,0,0,0,0,0,0,0,0,0,0,0,0,0,0,0,0,0,0,0,0,0,0,0,0,0,0,0,0,0,0,0,0,0,0,0,0,0,0,0,0,1,0,0,0,0,0,0,0,0,0,0,0,0,0,0,0,0,0,0,0,0,0,0,0
AF-Q8N413-F1-model_v4,ten_percent_graphs/graph_AF-Q8N413-F1-model_v4.pt,ten_percent_voxels/voxel_AF-Q8N413-F1-model_v4.pt,Q8N413,0,0,0,0,0,0,0,0,0,0,1,0,0,0,0,0,0,0,0,0,0,0,0,0,0,0,0,0,0,0,0,0,0,0,0,0,0,0,0,0,0,0,0,0,0,0,0,0,0,0,0,1,0,0,0,0,0,0,0,0,0,0,0,0,0,0,0,0,0,0,0,0,0,0,0,0,0,0,0,0,0,0,0,0,0,0,0,0,0,0,0,0,0,0,0,0,0,0,0,0
AF-Q15648-F1-model_v4,ten_percent_graphs/graph_AF-Q15648-F1-model_v4.pt,ten_percent_voxels/voxel_AF-Q15648-F1-model_v4.pt,Q15648,1,0,0,0,1,1,0,0,0,0,0,0,1,0,0,0,0,0,1,0,1,1,0,0,1,1,0,0,0,0,0,0,0,0,0,0,0,0,0,1,0,0,0,0,0,1,0,1,0,0,0,0,1,0,0,0,1,0,0,0,0,0,0,0,0,0,0,0,0,0,0,0,0,0,0,0,0,0,0,0,0,1,0,1,0,0,0,0,1,0,0,0,0,0,0,0,0,0,0,0
AF-Q8N0V4-F1-model_v4,ten_percent_graphs/graph_AF-Q8N0V4-F1-model_v4.pt,ten_percent_voxels/voxel_AF-Q8N0V4-F1-model_v4.pt,Q8N0V4,0,0,0,0,0,0,0,0,0,1,0,0,0,0,0,0,0,0,0,0,0,0,0,0,0,0,0,0,0,0,0,0,0,0,0,0,0,0,0,0,0,0,0,0,0,0,0,0,0,0,0,0,0,0,0,0,0,0,0,0,0,0,0,0,0,0,0,0,0,0,0,0,0,0,0,0,0,0,0,0,0,0,0,0,0,0,0,0,0,0,0,0,0,0,0,0,0,0,0,0
AF-Q86XT2-F1-model_v4,ten_percent_graphs/graph_AF-Q86XT2-F1-model_v4.pt,ten_percent_voxels/voxel_AF-Q86XT2-F1-model_v4.pt,Q86XT2,0,0,0,0,0,0,0,0,1,0,0,0,0,0,0,0,0,0,0,0,0,0,0,0,0,0,0,0,0,0,0,0,0,0,0,0,0,0,0,0,0,0,0,0,0,0,0,0,0,0,0,0,0,0,0,0,0,0,0,0,0,0,0,0,0,0,0,0,0,0,0,0,0,0,0,0,0,0,0,0,0,0,0,0,0,0,0,0,0,0,0,0,0,0,0,0,0,0,0,0
AF-Q7Z569-F1-model_v4,ten_percent_graphs/graph_AF-Q7Z569-F1-model_v4.pt,ten_percent_voxels/voxel_AF-Q7Z569-F1-model_v4.pt,Q7Z569,0,1,0,1,1,0,0,0,0,0,0,1,0,0,0,0,0,0,0,0,0,0,0,0,0,0,0,0,0,0,1,0,0,0,0,0,0,0,0,0,0,0,0,0,0,0,0,1,0,0,0,0,0,0,0,0,0,0,0,0,0,0,0,0,0,0,0,0,0,0,0,0,0,0,0,0,0,0,0,0,0,0,0,1,0,0,0,0,0,0,0,0,0,0,0,0,0,0,0,0
AF-Q13651-F1-model_v4,ten_percent_graphs/graph_AF-Q13651-F1-model_v4.pt,ten_percent_voxels/voxel_AF-Q13651-F1-model_v4.pt,Q13651,0,1,1,0,0,0,0,0,0,0,0,0,0,0,0,0,0,0,0,0,0,0,0,0,0,0,0,0,0,0,0,0,0,0,0,0,0,0,0,0,0,0,0,0,0,0,0,0,0,0,0,0,0,0,0,0,0,0,0,0,0,0,0,0,0,1,0,0,0,0,0,0,0,0,0,0,0,0,0,0,0,0,0,0,0,0,0,0,0,0,0,0,0,0,0,0,0,0,0,0
AF-Q7KZI7-F1-model_v4,ten_percent_graphs/graph_AF-Q7KZI7-F1-model_v4.pt,ten_percent_voxels/voxel_AF-Q7KZI7-F1-model_v4.pt,Q7KZI7,0,0,1,1,1,1,0,0,0,0,1,0,0,1,1,0,0,0,0,0,0,0,0,0,0,0,0,0,0,0,0,0,0,0,0,0,0,0,0,0,0,0,0,0,0,0,0,0,0,0,0,0,0,0,0,0,0,0,0,0,0,0,0,0,0,0,0,1,1,0,0,0,0,0,0,0,0,0,0,0,0,0,0,0,0,1,0,0,0,0,0,0,0,0,0,0,0,0,0,0
AF-Q15386-F1-model_v4,ten_percent_graphs/graph_AF-Q15386-F1-model_v4.pt,ten_percent_voxels/voxel_AF-Q15386-F1-model_v4.pt,Q15386,0,0,0,0,0,0,0,0,0,0,0,0,0,0,0,0,0,0,0,0,0,0,0,0,0,0,0,0,0,0,0,0,0,0,0,0,0,0,0,0,0,0,0,0,0,0,0,0,0,0,0,0,0,0,0,0,0,0,0,0,0,0,0,0,0,0,0,0,0,0,0,0,0,0,0,0,0,0,0,0,0,0,0,1,0,0,0,0,0,0,0,0,0,0,0,0,0,0,0,0
AF-O15482-F1-model_v4,ten_percent_graphs/graph_AF-O15482-F1-model_v4.pt,ten_percent_voxels/voxel_AF-O15482-F1-model_v4.pt,O15482,0,0,0,0,0,1,0,0,0,0,0,0,0,0,0,0,0,0,0,0,0,0,0,0,0,0,0,0,0,0,0,0,0,0,0,0,0,0,0,0,0,0,0,0,0,0,0,0,0,0,0,0,0,0,0,0,0,0,0,0,0,0,0,0,0,0,0,0,0,0,0,0,0,0,0,0,0,0,0,0,0,0,0,0,0,0,0,0,0,0,0,0,0,0,0,0,0,0,0,0
AF-Q2TB90-F1-model_v4,ten_percent_graphs/graph_AF-Q2TB90-F1-model_v4.pt,ten_percent_voxels/voxel_AF-Q2TB90-F1-model_v4.pt,Q2TB90,0,1,0,1,0,0,0,0,0,0,1,0,0,0,1,0,0,0,0,0,0,0,0,0,0,0,0,0,0,0,0,0,0,0,0,0,0,0,0,0,0,0,0,0,0,0,0,0,0,0,0,0,0,0,0,0,0,0,0,0,0,0,0,0,0,0,0,0,0,0,0,0,0,0,0,0,0,0,0,0,0,0,0,0,0,0,0,0,0,0,0,0,0,0,0,0,0,0,0,0
AF-P0DP42-F1-model_v4,ten_percent_graphs/graph_AF-P0DP42-F1-model_v4.pt,ten_percent_voxels/voxel_AF-P0DP42-F1-model_v4.pt,P0DP42,0,0,0,0,0,1,0,0,0,0,0,0,0,0,0,0,0,0,0,0,0,0,0,0,0,0,0,0,0,0,0,0,0,0,0,0,0,0,0,0,0,0,0,0,0,0,0,0,0,0,0,0,0,0,0,0,0,0,0,0,0,0,0,0,0,0,0,0,0,0,0,0,0,0,0,0,0,0,0,0,0,0,0,0,0,0,0,0,0,0,0,0,0,0,0,0,0,0,0,0
AF-Q5VY09-F1-model_v4,ten_percent_graphs/graph_AF-Q5VY09-F1-model_v4.pt,ten_percent_voxels/voxel_AF-Q5VY09-F1-model_v4.pt,Q5VY09,1,0,0,1,1,0,0,0,0,0,0,1,0,0,0,0,0,0,0,0,0,1,0,0,0,1,0,0,0,0,0,0,0,0,0,0,0,0,0,0,0,0,0,0,0,0,0,0,0,0,0,0,0,0,0,0,0,0,0,0,0,0,0,0,0,0,0,0,0,0,0,0,0,0,0,0,0,0,0,0,0,0,0,0,0,0,0,0,0,0,0,0,0,0,0,0,0,0,0,0
AF-Q8TBZ3-F1-model_v4,ten_percent_graphs/graph_AF-Q8TBZ3-F1-model_v4.pt,ten_percent_voxels/voxel_AF-Q8TBZ3-F1-model_v4.pt,Q8TBZ3,1,0,0,1,1,0,0,0,0,0,0,0,0,0,0,0,0,0,0,0,0,0,0,0,0,0,0,0,0,0,0,0,0,0,0,0,0,0,0,0,0,0,0,0,0,0,0,0,0,0,0,0,0,0,0,0,0,0,0,0,0,0,0,0,0,0,0,0,0,0,0,0,0,0,0,0,0,0,0,0,0,0,0,0,0,0,0,0,0,0,0,0,0,0,0,0,0,0,0,0
AF-A4D0P7-F1-model_v4,ten_percent_graphs/graph_AF-A4D0P7-F1-model_v4.pt,ten_percent_voxels/voxel_AF-A4D0P7-F1-model_v4.pt,A4D0P7,0,1,0,0,1,0,0,0,0,0,0,0,0,0,0,0,0,0,0,0,0,0,0,0,0,0,0,0,0,0,0,0,0,0,0,0,0,0,0,0,0,0,0,0,0,0,0,0,0,0,0,0,0,0,0,0,0,0,0,0,0,0,0,0,0,0,0,0,0,0,0,0,0,0,0,0,0,0,0,0,0,0,0,0,0,0,0,0,0,0,0,0,0,0,0,0,0,0,0,0
AF-Q7Z444-F1-model_v4,ten_percent_graphs/graph_AF-Q7Z444-F1-model_v4.pt,ten_percent_voxels/voxel_AF-Q7Z444-F1-model_v4.pt,Q7Z444,0,0,1,0,0,0,0,0,0,0,0,0,0,0,0,0,0,0,0,0,0,0,0,0,0,0,0,0,0,0,0,0,0,0,0,0,0,0,0,0,0,0,0,0,0,0,0,0,0,0,0,0,0,0,0,0,0,0,0,0,0,0,0,0,0,0,1,0,0,0,0,0,0,0,0,0,0,0,0,0,0,0,0,0,0,0,0,0,0,0,0,1,0,0,0,0,0,0,0,0
AF-Q86VP6-F1-model_v4,ten_percent_graphs/graph_AF-Q86VP6-F1-model_v4.pt,ten_percent_voxels/voxel_AF-Q86VP6-F1-model_v4.pt,Q86VP6,1,1,0,1,1,1,0,0,1,1,0,0,0,0,0,0,0,1,0,0,0,0,0,0,0,0,0,0,0,0,0,0,0,1,0,0,0,0,0,0,0,0,0,0,0,0,0,1,0,0,0,0,0,0,0,0,0,0,0,0,0,0,0,0,0,0,0,0,0,0,0,0,0,0,0,0,0,0,0,0,0,0,0,0,0,0,0,0,0,0,0,0,0,0,0,0,0,0,0,0
AF-Q9NS40-F1-model_v4,ten_percent_graphs/graph_AF-Q9NS40-F1-model_v4.pt,ten_percent_voxels/voxel_AF-Q9NS40-F1-model_v4.pt,Q9NS40,0,0,1,0,0,0,0,0,0,0,0,0,0,0,0,0,0,0,0,0,0,0,0,0,0,0,0,0,0,0,0,0,0,0,0,0,0,0,0,0,0,0,0,0,0,0,0,0,0,0,0,0,1,0,0,0,0,0,0,0,0,0,0,0,0,0,0,0,0,0,0,0,0,0,0,0,0,0,0,0,0,0,0,0,0,0,0,0,0,0,0,0,0,0,0,0,0,0,0,0
AF-Q86SR1-F1-model_v4,ten_percent_graphs/graph_AF-Q86SR1-F1-model_v4.pt,ten_percent_voxels/voxel_AF-Q86SR1-F1-model_v4.pt,Q86SR1,0,0,0,0,0,0,1,0,0,0,0,0,0,0,0,0,0,1,0,0,0,0,0,0,0,0,0,0,0,1,0,0,0,0,0,0,0,0,0,0,0,0,0,0,0,0,0,0,0,0,0,0,0,0,0,0,0,0,0,0,0,0,0,0,0,0,0,0,0,0,0,0,0,0,0,0,0,0,0,0,0,0,0,0,0,0,0,0,0,0,0,0,0,0,0,0,0,0,0,0
AF-Q9H295-F1-model_v4,ten_percent_graphs/graph_AF-Q9H295-F1-model_v4.pt,ten_percent_voxels/voxel_AF-Q9H295-F1-model_v4.pt,Q9H295,0,0,1,0,0,1,0,0,0,0,0,0,0,0,0,0,0,0,0,1,0,0,0,0,0,0,0,0,0,0,0,0,1,0,0,0,0,0,0,0,0,0,0,0,0,0,0,0,0,0,0,0,0,0,0,0,0,0,0,0,0,0,0,0,0,0,0,0,0,0,0,0,0,0,0,0,0,0,0,0,0,0,0,0,0,0,0,0,0,0,0,0,0,0,0,0,0,0,0,0
AF-P48637-F1-model_v4,ten_percent_graphs/graph_AF-P48637-F1-model_v4.pt,ten_percent_voxels/voxel_AF-P48637-F1-model_v4.pt,P48637,0,1,0,0,0,0,0,0,1,0,0,1,0,0,1,0,0,0,0,0,0,0,0,0,0,0,0,0,1,0,0,0,0,0,0,0,0,0,0,0,0,0,0,0,0,0,0,0,0,0,0,0,0,0,0,0,0,0,0,0,0,0,0,0,0,0,0,0,0,0,0,0,0,0,0,1,0,0,0,0,0,0,0,0,0,0,0,0,0,0,0,0,0,0,0,0,0,0,0,0
AF-Q9BZE2-F1-model_v4,ten_percent_graphs/graph_AF-Q9BZE2-F1-model_v4.pt,ten_percent_voxels/voxel_AF-Q9BZE2-F1-model_v4.pt,Q9BZE2,1,1,0,1,0,0,0,0,0,0,0,0,0,1,0,0,0,0,0,0,0,0,0,0,0,0,0,0,0,0,0,0,0,0,0,0,0,0,0,0,0,0,0,0,0,0,0,0,0,0,0,0,0,0,0,0,0,0,0,0,0,0,0,0,0,0,0,0,0,0,0,0,0,0,0,0,0,0,0,0,0,0,0,0,0,0,0,0,0,0,0,0,0,0,0,0,0,0,0,0
AF-Q9UKL0-F1-model_v4,ten_percent_graphs/graph_AF-Q9UKL0-F1-model_v4.pt,ten_percent_voxels/voxel_AF-Q9UKL0-F1-model_v4.pt,Q9UKL0,1,0,0,0,1,0,0,0,0,0,0,0,1,0,0,0,0,0,0,0,0,0,0,0,0,0,0,0,0,0,0,0,0,0,0,0,0,0,0,0,0,0,0,0,0,1,1,0,0,0,0,0,0,0,0,0,0,0,0,0,0,0,0,0,0,0,0,0,0,0,0,0,0,0,0,0,0,0,0,0,0,0,0,0,0,0,1,0,0,0,0,0,0,0,0,0,0,1,0,0
AF-P13073-F1-model_v4,ten_percent_graphs/graph_AF-P13073-F1-model_v4.pt,ten_percent_voxels/voxel_AF-P13073-F1-model_v4.pt,P13073,0,1,0,0,1,1,0,0,0,0,1,0,0,0,0,0,0,0,0,0,0,0,0,0,0,0,0,0,0,0,0,0,0,0,0,0,0,0,0,0,0,0,0,0,0,0,0,0,0,0,0,1,0,0,0,0,0,0,0,0,0,0,0,0,0,0,0,0,0,0,0,0,0,0,0,0,0,0,0,0,0,0,0,0,0,0,0,0,0,0,0,0,0,0,0,0,0,0,0,0
AF-Q9H832-F1-model_v4,ten_percent_graphs/graph_AF-Q9H832-F1-model_v4.pt,ten_percent_voxels/voxel_AF-Q9H832-F1-model_v4.pt,Q9H832,1,1,0,0,1,0,0,0,0,0,0,0,0,0,1,0,0,0,0,0,0,0,0,0,0,0,0,0,0,0,0,0,0,0,0,0,0,0,0,0,0,0,0,0,0,0,0,1,0,0,0,0,0,0,0,0,1,0,0,0,0,0,0,0,0,0,0,0,0,0,1,0,0,0,0,0,0,0,0,0,0,0,0,0,0,0,0,0,0,0,0,0,0,0,0,0,0,0,1,0
AF-A8K3M3-F1-model_v4,ten_percent_graphs/graph_AF-A8K3M3-F1-model_v4.pt,ten_percent_voxels/voxel_AF-A8K3M3-F1-model_v4.pt,A8K3M3,0,0,0,0,0,0,0,0,0,0,0,0,0,0,0,0,1,0,0,0,0,0,0,0,0,0,0,0,0,0,0,1,0,0,0,0,0,0,1,0,0,0,0,0,0,0,0,0,0,0,0,0,0,0,0,1,0,0,0,0,0,0,0,0,0,0,0,0,0,0,0,0,0,0,0,0,0,0,0,0,0,0,0,0,0,0,0,0,0,0,0,0,0,0,0,0,0,0,0,0
AF-Q9Y3B7-F1-model_v4,ten_percent_graphs/graph_AF-Q9Y3B7-F1-model_v4.pt,ten_percent_voxels/voxel_AF-Q9Y3B7-F1-model_v4.pt,Q9Y3B7,0,0,0,0,0,0,0,0,0,0,1,0,0,1,0,0,0,0,0,0,0,0,0,0,0,0,0,0,0,0,0,0,0,0,0,0,0,0,0,0,0,0,0,0,0,0,0,0,0,0,0,1,0,0,0,0,0,0,0,0,0,0,0,0,0,0,0,0,0,0,0,0,0,0,0,0,0,0,0,0,0,0,0,0,0,0,0,0,0,0,0,0,0,0,0,0,0,0,0,0
AF-P11226-F1-model_v4,ten_percent_graphs/graph_AF-P11226-F1-model_v4.pt,ten_percent_voxels/voxel_AF-P11226-F1-model_v4.pt,P11226,0,0,0,0,0,0,0,1,0,1,0,1,0,0,0,0,0,0,0,0,0,0,0,0,0,0,0,0,0,0,0,0,1,0,0,1,0,0,0,0,0,0,1,1,1,0,0,0,0,0,0,0,0,0,0,0,0,0,0,0,0,0,0,0,0,0,0,0,0,0,0,0,0,0,0,0,0,0,0,0,0,0,0,0,0,0,0,0,0,0,0,0,0,0,0,0,0,0,0,0
AF-Q92643-F1-model_v4,ten_percent_graphs/graph_AF-Q92643-F1-model_v4.pt,ten_percent_voxels/voxel_AF-Q92643-F1-model_v4.pt,Q92643,0,0,0,0,0,1,0,0,0,0,0,0,0,0,0,0,0,0,0,1,0,0,0,0,0,0,0,0,0,0,0,0,0,0,0,0,0,0,0,0,0,0,0,0,1,0,0,0,0,0,0,0,0,0,0,0,0,0,0,0,0,0,0,0,0,0,0,0,0,0,0,0,0,0,0,0,0,0,0,0,0,0,0,0,0,0,0,0,0,0,0,0,0,0,0,0,0,0,0,0
AF-Q6ZTZ1-F1-model_v4,ten_percent_graphs/graph_AF-Q6ZTZ1-F1-model_v4.pt,ten_percent_voxels/voxel_AF-Q6ZTZ1-F1-model_v4.pt,Q6ZTZ1,0,0,0,0,0,0,0,0,0,0,0,0,0,0,0,0,0,0,0,0,0,0,0,0,0,0,0,0,0,0,0,0,0,0,0,0,0,0,0,1,0,0,0,0,0,0,0,0,0,0,0,0,0,0,0,0,0,0,0,0,0,0,0,0,0,0,0,0,0,0,0,1,0,0,0,0,0,0,0,0,0,0,0,0,0,0,0,0,0,0,0,0,0,0,0,0,0,0,0,0
AF-Q5T7V8-F1-model_v4,ten_percent_graphs/graph_AF-Q5T7V8-F1-model_v4.pt,ten_percent_voxels/voxel_AF-Q5T7V8-F1-model_v4.pt,Q5T7V8,0,1,0,1,1,0,0,0,0,0,0,0,0,0,0,0,0,1,0,0,0,0,0,0,0,1,0,0,0,0,0,0,0,0,0,0,0,0,0,0,0,0,0,0,0,0,0,0,0,0,0,0,0,0,0,0,0,0,0,0,0,0,0,0,0,0,0,0,0,0,0,0,0,0,0,0,0,0,0,0,0,0,0,0,0,0,0,0,0,0,0,0,0,0,0,0,0,0,0,0
AF-Q05519-F1-model_v4,ten_percent_graphs/graph_AF-Q05519-F1-model_v4.pt,ten_percent_voxels/voxel_AF-Q05519-F1-model_v4.pt,Q05519,1,0,0,0,1,0,0,0,0,0,0,1,0,1,0,0,0,0,0,0,0,0,0,0,0,0,0,0,0,0,0,0,0,0,0,0,0,0,0,0,0,0,0,0,0,0,0,0,0,0,0,0,0,0,0,0,0,0,0,0,0,0,0,0,0,0,0,0,0,1,0,0,0,0,0,0,0,0,0,0,0,0,0,0,0,0,0,0,0,0,0,0,0,0,0,0,0,0,0,0
AF-A6NHC0-F1-model_v4,ten_percent_graphs/graph_AF-A6NHC0-F1-model_v4.pt,ten_percent_voxels/voxel_AF-A6NHC0-F1-model_v4.pt,A6NHC0,0,0,0,1,0,0,0,0,0,0,0,0,0,0,0,0,0,1,0,0,0,0,0,0,0,0,0,1,0,0,0,0,0,0,0,0,0,0,0,0,0,0,0,0,1,0,0,0,0,0,0,0,0,0,0,0,0,0,0,0,0,0,0,0,0,0,0,0,0,0,0,0,0,0,0,0,0,0,0,0,0,0,0,0,0,0,0,0,0,0,0,0,0,0,0,0,0,0,0,0
AF-B0YJ81-F1-model_v4,ten_percent_graphs/graph_AF-B0YJ81-F1-model_v4.pt,ten_percent_voxels/voxel_AF-B0YJ81-F1-model_v4.pt,B0YJ81,0,0,0,0,0,1,0,0,0,0,0,0,0,0,0,0,1,0,0,1,0,0,0,0,0,0,0,0,0,0,0,0,0,0,0,0,0,0,0,0,0,0,0,0,0,0,0,0,0,0,0,0,0,0,0,0,0,0,0,0,0,0,0,0,0,0,0,0,0,0,0,0,0,0,0,0,0,0,0,0,0,0,0,0,0,0,1,0,0,0,0,0,0,0,0,0,0,0,0,0
AF-P62987-F1-model_v4,ten_percent_graphs/graph_AF-P62987-F1-model_v4.pt,ten_percent_voxels/voxel_AF-P62987-F1-model_v4.pt,P62987,1,1,1,1,1,0,0,1,1,0,0,0,0,0,0,0,1,0,0,1,0,0,0,0,0,0,0,0,0,0,0,0,0,0,0,0,0,0,0,0,0,0,0,0,0,0,0,1,0,0,0,0,0,0,0,0,0,0,0,0,0,0,0,0,0,0,0,0,0,0,0,0,0,0,0,0,0,0,1,0,0,0,0,0,0,0,0,0,0,0,0,0,0,0,0,0,0,0,0,0
AF-Q8NDB2-F1-model_v4,ten_percent_graphs/graph_AF-Q8NDB2-F1-model_v4.pt,ten_percent_voxels/voxel_AF-Q8NDB2-F1-model_v4.pt,Q8NDB2,0,0,0,0,0,0,0,0,0,0,0,0,0,0,0,0,0,0,0,0,0,0,0,0,0,0,0,0,0,0,0,0,0,0,0,0,0,0,0,0,1,0,0,1,0,0,0,0,0,0,0,0,0,0,0,0,0,0,0,0,0,0,0,0,0,0,0,0,0,0,0,0,0,0,0,0,0,0,0,0,0,0,0,0,0,0,0,0,0,0,0,0,0,0,0,0,0,0,0,0
AF-Q96R08-F1-model_v4,ten_percent_graphs/graph_AF-Q96R08-F1-model_v4.pt,ten_percent_voxels/voxel_AF-Q96R08-F1-model_v4.pt,Q96R08,0,0,1,0,0,0,0,0,0,0,0,0,0,0,0,0,0,0,0,0,0,0,0,0,0,0,0,0,0,0,0,0,0,0,0,0,0,0,0,0,0,0,0,0,0,0,0,0,0,0,0,0,0,0,0,0,0,0,1,0,0,0,0,0,0,0,0,0,0,0,0,0,0,1,0,0,0,0,0,0,0,0,0,0,0,0,0,0,0,0,0,0,0,0,0,0,0,0,0,0
AF-Q15560-F1-model_v4,ten_percent_graphs/graph_AF-Q15560-F1-model_v4.pt,ten_percent_voxels/voxel_AF-Q15560-F1-model_v4.pt,Q15560,1,0,0,0,1,0,0,0,0,0,0,0,1,0,0,0,0,0,0,0,0,0,1,0,0,0,0,0,0,0,1,0,0,0,0,0,1,0,0,0,0,0,0,0,0,0,0,0,0,0,0,0,0,0,0,0,0,0,0,0,0,0,0,0,0,0,0,0,0,0,0,0,0,0,0,0,0,0,0,0,0,0,0,0,0,0,0,0,0,0,0,0,0,0,0,0,0,0,0,0
AF-Q9BWM7-F1-model_v4,ten_percent_graphs/graph_AF-Q9BWM7-F1-model_v4.pt,ten_percent_voxels/voxel_AF-Q9BWM7-F1-model_v4.pt,Q9BWM7,0,0,0,0,0,0,0,0,0,0,1,0,0,0,0,0,0,0,0,0,0,0,0,0,0,0,0,0,0,0,0,0,0,0,0,0,0,0,0,0,0,0,0,0,0,0,0,0,0,0,0,1,0,0,0,0,0,0,0,0,0,0,0,0,0,0,0,0,0,0,0,0,0,0,0,0,0,0,0,0,0,0,0,0,0,0,0,0,0,0,0,0,0,0,0,0,0,0,0,0
AF-Q86W56-F1-model_v4,ten_percent_graphs/graph_AF-Q86W56-F1-model_v4.pt,ten_percent_voxels/voxel_AF-Q86W56-F1-model_v4.pt,Q86W56,1,1,0,1,1,0,0,0,0,0,0,0,0,0,0,0,0,0,0,0,0,0,0,0,0,0,0,0,0,0,0,0,0,0,0,0,0,0,1,0,0,0,0,0,0,0,0,0,0,0,0,0,0,0,0,0,0,0,0,0,0,0,0,0,0,0,0,0,0,0,0,1,0,0,0,0,0,0,0,0,0,0,0,0,0,0,0,0,0,0,0,0,0,0,0,0,0,0,0,0
AF-Q9NT62-F1-model_v4,ten_percent_graphs/graph_AF-Q9NT62-F1-model_v4.pt,ten_percent_voxels/voxel_AF-Q9NT62-F1-model_v4.pt,Q9NT62,0,1,0,1,0,0,0,0,0,0,0,0,0,0,0,0,0,0,0,0,0,0,0,0,0,0,0,0,0,0,0,0,0,0,0,0,0,0,0,0,0,0,0,0,0,0,0,1,0,0,0,0,0,0,0,0,0,0,0,0,0,0,0,0,0,0,0,0,0,0,0,0,0,0,0,0,0,0,0,0,0,0,0,0,0,0,1,0,0,0,0,0,0,0,0,0,0,0,0,0
AF-A6NDS4-F1-model_v4,ten_percent_graphs/graph_AF-A6NDS4-F1-model_v4.pt,ten_percent_voxels/voxel_AF-A6NDS4-F1-model_v4.pt,A6NDS4,0,0,1,0,0,0,0,0,0,0,0,0,0,0,0,0,0,0,0,0,0,0,0,0,0,0,0,0,0,0,0,0,0,0,0,0,0,0,0,0,0,0,0,0,0,0,0,0,0,0,0,0,0,0,0,0,0,0,0,0,0,0,0,0,0,0,0,0,0,0,0,0,0,0,0,0,0,0,0,0,0,0,0,0,0,0,0,0,0,1,0,0,0,0,0,0,0,0,0,0
AF-Q96NS5-F1-model_v4,ten_percent_graphs/graph_AF-Q96NS5-F1-model_v4.pt,ten_percent_voxels/voxel_AF-Q96NS5-F1-model_v4.pt,Q96NS5,0,1,0,0,0,0,0,0,0,0,0,0,0,0,0,0,0,0,0,0,0,0,0,0,0,0,0,0,0,0,0,0,0,0,0,0,0,0,0,0,0,0,0,0,0,0,0,1,0,0,0,0,0,0,0,0,0,0,0,0,0,0,0,0,0,0,0,0,1,0,0,0,0,0,0,0,0,0,0,0,0,0,0,0,0,0,0,0,0,0,0,0,0,0,0,0,0,0,0,0
AF-Q96M60-F1-model_v4,ten_percent_graphs/graph_AF-Q96M60-F1-model_v4.pt,ten_percent_voxels/voxel_AF-Q96M60-F1-model_v4.pt,Q96M60,0,0,0,0,0,0,0,0,0,0,0,0,0,0,0,0,0,0,0,0,0,0,0,0,0,0,0,0,0,0,0,0,0,0,0,0,0,0,0,0,0,0,0,0,0,0,0,0,0,0,0,0,0,0,0,0,0,0,0,0,0,0,0,0,0,0,0,0,0,0,0,0,0,0,0,0,0,0,0,0,0,0,0,0,0,0,0,0,0,0,0,0,0,0,0,0,0,0,0,0
AF-O14793-F1-model_v4,ten_percent_graphs/graph_AF-O14793-F1-model_v4.pt,ten_percent_voxels/voxel_AF-O14793-F1-model_v4.pt,O14793,0,0,0,0,0,0,0,1,0,0,0,1,0,0,0,0,0,0,0,0,0,0,0,0,0,0,0,0,1,0,0,0,0,0,0,0,0,0,0,1,0,0,0,1,0,0,0,0,0,0,0,0,0,0,0,0,0,0,0,0,0,0,0,0,0,0,0,0,0,0,0,0,0,0,0,0,0,0,0,0,0,0,0,0,0,0,0,0,0,0,0,0,0,0,0,0,0,0,0,0
AF-Q02539-F1-model_v4,ten_percent_graphs/graph_AF-Q02539-F1-model_v4.pt,ten_percent_voxels/voxel_AF-Q02539-F1-model_v4.pt,Q02539,1,0,0,0,1,0,0,0,0,0,0,0,0,0,0,0,0,0,1,0,0,0,0,0,0,0,0,0,0,0,0,0,1,0,0,0,0,0,0,0,0,0,0,0,0,0,0,0,0,0,0,0,0,0,0,0,0,0,0,0,0,0,0,0,0,0,0,0,0,0,0,0,0,0,0,0,0,0,0,0,0,0,1,0,0,0,0,0,0,0,0,0,0,0,0,0,0,0,0,0
AF-Q9UI14-F1-model_v4,ten_percent_graphs/graph_AF-Q9UI14-F1-model_v4.pt,ten_percent_voxels/voxel_AF-Q9UI14-F1-model_v4.pt,Q9UI14,0,0,1,0,0,1,0,0,0,0,0,1,0,0,0,0,0,1,0,0,0,0,0,0,0,0,0,0,0,0,0,1,0,0,0,0,0,0,0,0,0,0,0,0,0,0,0,0,0,0,0,0,0,0,0,0,0,0,0,0,0,0,0,0,0,0,0,0,0,0,0,0,0,0,0,0,0,0,0,0,0,0,0,0,0,0,0,0,0,0,0,0,0,0,0,0,0,0,0,0
AF-Q9UJT1-F1-model_v4,ten_percent_graphs/graph_AF-Q9UJT1-F1-model_v4.pt,ten_percent_voxels/voxel_AF-Q9UJT1-F1-model_v4.pt,Q9UJT1,0,1,0,1,1,0,0,0,0,0,0,0,0,0,0,0,0,0,0,0,0,0,0,0,0,0,0,0,0,0,0,0,0,0,0,0,0,0,0,0,0,0,0,0,0,0,0,0,0,0,0,0,0,0,0,0,0,0,0,0,0,0,0,0,0,0,1,0,0,0,0,0,0,0,0,0,0,0,0,0,0,0,0,0,0,0,0,0,0,0,0,0,0,0,1,0,0,0,0,0
AF-P52736-F1-model_v4,ten_percent_graphs/graph_AF-P52736-F1-model_v4.pt,ten_percent_voxels/voxel_AF-P52736-F1-model_v4.pt,P52736,1,0,0,0,0,0,1,0,0,0,0,0,1,0,0,1,0,0,0,0,0,0,0,0,1,0,0,0,0,0,0,0,0,0,0,0,0,0,0,0,0,0,0,0,0,0,0,0,0,1,0,0,0,1,0,0,0,0,0,0,0,0,0,0,0,0,0,0,0,0,0,0,0,0,0,0,0,0,0,0,0,0,0,0,0,0,0,0,0,0,0,0,0,0,0,0,0,0,0,0
AF-Q96M89-F1-model_v4,ten_percent_graphs/graph_AF-Q96M89-F1-model_v4.pt,ten_percent_voxels/voxel_AF-Q96M89-F1-model_v4.pt,Q96M89,0,0,0,0,0,0,0,0,0,0,0,0,0,0,0,0,0,0,0,0,0,0,0,0,0,0,0,0,0,0,0,0,0,0,0,0,0,0,0,0,0,0,0,0,0,0,0,0,0,0,0,0,0,0,0,0,0,0,0,0,0,0,0,0,0,0,0,0,0,0,0,0,0,0,0,0,0,0,0,0,0,0,0,0,0,0,0,0,0,0,0,0,0,0,0,0,0,0,0,0
AF-Q5VUG0-F1-model_v4,ten_percent_graphs/graph_AF-Q5VUG0-F1-model_v4.pt,ten_percent_voxels/voxel_AF-Q5VUG0-F1-model_v4.pt,Q5VUG0,1,1,0,0,1,0,0,0,0,0,0,0,0,0,0,0,0,0,0,0,0,0,0,0,0,0,1,0,0,0,0,0,0,0,0,0,0,0,0,0,0,0,0,0,0,1,1,0,0,0,0,0,0,0,0,0,0,0,0,0,0,0,0,0,0,0,0,0,0,1,0,1,0,0,0,0,0,0,0,0,0,0,0,0,0,0,0,0,0,0,0,0,0,0,0,0,0,1,0,0
AF-P09172-F1-model_v4,ten_percent_graphs/graph_AF-P09172-F1-model_v4.pt,ten_percent_voxels/voxel_AF-P09172-F1-model_v4.pt,P09172,0,0,0,1,0,1,0,1,0,1,0,0,0,0,0,0,1,0,0,0,0,0,0,0,0,0,1,0,0,0,0,0,0,0,0,0,0,0,0,0,0,0,0,0,0,0,0,0,0,0,0,0,0,0,0,0,0,0,0,0,0,0,0,0,0,0,0,0,0,0,0,0,1,0,0,0,0,0,0,0,0,0,0,0,0,0,0,0,0,0,0,0,0,0,0,0,0,0,0,0
AF-Q96DY2-F1-model_v4,ten_percent_graphs/graph_AF-Q96DY2-F1-model_v4.pt,ten_percent_voxels/voxel_AF-Q96DY2-F1-model_v4.pt,Q96DY2,0,0,0,1,0,0,0,0,0,0,0,0,0,0,0,0,0,0,0,0,0,0,0,0,0,0,0,0,0,0,0,0,0,0,0,0,0,0,0,0,0,0,0,0,0,0,0,0,0,0,0,0,0,0,0,0,0,0,0,0,0,0,0,0,0,0,0,0,0,0,0,0,0,0,0,0,0,0,0,0,0,0,0,0,0,0,0,0,0,0,0,0,0,0,0,0,0,0,0,0
AF-O14813-F1-model_v4,ten_percent_graphs/graph_AF-O14813-F1-model_v4.pt,ten_percent_voxels/voxel_AF-O14813-F1-model_v4.pt,O14813,1,0,0,0,0,0,0,0,0,0,0,0,1,0,0,1,0,0,1,0,0,1,0,0,0,0,0,0,0,0,0,0,0,0,0,0,0,1,0,0,0,0,0,0,0,0,0,0,1,1,0,0,0,1,0,0,0,0,0,0,0,0,0,0,0,0,0,0,0,0,0,0,0,0,0,0,0,0,0,0,0,0,0,0,0,0,0,0,0,0,0,0,0,0,0,0,0,0,0,0
AF-P40238-F1-model_v4,ten_percent_graphs/graph_AF-P40238-F1-model_v4.pt,ten_percent_voxels/voxel_AF-P40238-F1-model_v4.pt,P40238,0,0,1,0,0,0,0,0,0,0,0,0,0,0,0,0,0,1,0,0,0,0,0,0,0,0,0,0,0,0,0,0,1,0,0,0,0,0,0,0,0,0,1,0,0,0,0,0,0,0,0,0,0,0,0,0,0,0,0,0,0,0,0,0,0,0,0,0,0,0,0,0,0,0,0,0,0,0,0,0,0,0,0,0,0,0,0,1,0,0,0,0,0,0,0,0,0,0,0,0
AF-O95167-F1-model_v4,ten_percent_graphs/graph_AF-O95167-F1-model_v4.pt,ten_percent_voxels/voxel_AF-O95167-F1-model_v4.pt,O95167,0,0,0,0,0,0,0,0,0,0,1,0,0,0,0,0,0,0,0,0,0,0,0,0,0,0,0,0,0,0,0,0,0,0,0,0,0,0,0,0,0,0,0,0,0,0,0,0,0,0,0,1,0,0,0,0,0,0,0,0,0,0,0,0,0,0,0,0,0,0,0,0,0,0,0,0,0,0,0,0,0,0,0,0,0,0,0,0,0,0,0,0,0,0,0,0,0,0,0,0
AF-Q9HC58-F1-model_v4,ten_percent_graphs/graph_AF-Q9HC58-F1-model_v4.pt,ten_percent_voxels/voxel_AF-Q9HC58-F1-model_v4.pt,Q9HC58,0,0,1,0,0,0,0,0,0,0,0,0,0,0,0,0,0,0,0,0,0,0,0,0,0,0,0,0,0,0,0,0,0,0,0,0,0,0,0,0,0,0,0,0,0,0,0,0,0,0,0,0,0,0,0,0,0,0,0,0,0,0,0,0,0,0,0,0,0,0,0,0,0,0,0,0,0,0,0,0,0,1,0,0,0,0,0,0,0,0,0,0,0,0,0,0,0,1,0,0
AF-O75177-F1-model_v4,ten_percent_graphs/graph_AF-O75177-F1-model_v4.pt,ten_percent_voxels/voxel_AF-O75177-F1-model_v4.pt,O75177,1,1,0,0,1,0,0,0,0,0,0,0,0,0,0,0,0,0,0,0,0,1,0,0,0,0,0,0,0,0,0,0,0,0,0,0,0,0,0,1,0,0,0,0,0,0,0,0,0,0,0,0,0,0,0,0,0,0,0,0,0,0,0,0,0,0,0,0,0,0,0,0,0,0,0,0,0,0,0,0,0,0,0,0,0,0,0,0,0,0,0,0,0,0,0,0,0,0,0,0
AF-A0N071-F1-model_v4,ten_percent_graphs/graph_AF-A0N071-F1-model_v4.pt,ten_percent_voxels/voxel_AF-A0N071-F1-model_v4.pt,A0N071,0,0,0,0,0,0,1,0,0,0,0,0,0,0,0,0,0,0,0,0,0,0,0,0,0,0,0,0,0,0,0,0,0,0,0,0,0,0,0,0,0,0,0,0,0,0,0,0,0,0,0,0,0,0,0,0,0,0,0,0,0,0,0,0,0,0,0,0,0,0,0,0,0,0,0,0,0,0,0,0,0,0,0,0,0,0,0,0,0,0,0,0,0,0,0,0,0,0,0,0
AF-Q8NEZ3-F1-model_v4,ten_percent_graphs/graph_AF-Q8NEZ3-F1-model_v4.pt,ten_percent_voxels/voxel_AF-Q8NEZ3-F1-model_v4.pt,Q8NEZ3,0,0,1,1,0,0,0,0,0,0,0,0,0,0,0,0,0,0,0,0,0,0,0,0,0,0,0,0,0,0,0,0,0,0,0,0,0,0,0,0,0,0,0,0,0,0,0,0,0,0,0,0,0,0,0,0,0,0,0,0,1,0,0,0,0,0,0,0,0,0,0,0,0,0,0,0,0,0,0,0,0,0,0,0,0,0,0,0,0,0,0,0,0,1,1,0,0,0,0,0
AF-Q04725-F1-model_v4,ten_percent_graphs/graph_AF-Q04725-F1-model_v4.pt,ten_percent_voxels/voxel_AF-Q04725-F1-model_v4.pt,Q04725,1,0,0,0,1,0,0,1,0,0,0,0,0,0,0,0,0,0,0,0,0,0,0,1,0,0,0,0,0,0,0,0,0,0,0,0,0,0,0,0,0,0,0,0,0,0,1,0,0,0,0,0,0,0,0,0,0,1,0,0,0,0,0,0,0,0,0,0,0,0,0,1,0,0,0,0,0,0,0,0,0,0,0,0,0,0,0,0,0,0,0,0,0,0,0,0,0,0,0,0
AF-P23142-F1-model_v4,ten_percent_graphs/graph_AF-P23142-F1-model_v4.pt,ten_percent_voxels/voxel_AF-P23142-F1-model_v4.pt,P23142,0,0,0,0,0,0,0,1,1,1,0,1,0,0,0,0,0,0,0,0,0,0,0,0,0,0,0,1,0,0,0,0,0,0,0,0,0,0,0,0,0,0,0,0,0,0,0,0,0,0,0,0,1,0,0,0,0,0,0,0,0,0,0,0,0,0,0,0,0,0,0,0,0,0,0,0,0,0,0,0,0,1,0,0,0,0,0,0,0,0,0,0,0,0,0,0,0,0,0,0
AF-Q6P1S2-F1-model_v4,ten_percent_graphs/graph_AF-Q6P1S2-F1-model_v4.pt,ten_percent_voxels/voxel_AF-Q6P1S2-F1-model_v4.pt,Q6P1S2,0,0,0,0,0,1,0,1,0,0,1,0,0,0,0,0,0,0,0,0,0,0,0,0,0,0,0,0,0,0,0,0,0,0,0,0,0,0,0,0,0,0,0,0,0,0,0,0,0,0,0,0,0,0,0,0,0,0,0,0,0,0,0,0,0,0,0,0,0,0,0,0,0,0,0,0,0,0,0,0,0,0,0,0,0,0,0,0,0,0,0,0,0,0,0,0,0,0,0,0
AF-Q0D2K3-F1-model_v4,ten_percent_graphs/graph_AF-Q0D2K3-F1-model_v4.pt,ten_percent_voxels/voxel_AF-Q0D2K3-F1-model_v4.pt,Q0D2K3,1,0,0,0,0,0,0,0,0,0,0,0,0,0,0,0,0,0,0,0,0,0,0,0,1,0,0,0,0,0,0,0,0,0,0,0,0,0,0,0,0,0,0,0,0,0,1,0,0,0,0,0,0,0,0,0,0,0,0,0,0,0,0,0,0,0,0,0,0,0,0,0,0,0,0,0,0,0,0,0,0,0,0,0,0,0,0,0,0,0,0,0,0,0,0,0,0,0,0,0
AF-Q8IY57-F1-model_v4,ten_percent_graphs/graph_AF-Q8IY57-F1-model_v4.pt,ten_percent_voxels/voxel_AF-Q8IY57-F1-model_v4.pt,Q8IY57,1,1,0,0,1,0,1,0,0,0,0,0,0,0,0,0,0,0,0,0,0,0,1,0,0,0,0,0,0,0,0,0,0,0,0,0,0,0,0,1,0,1,0,0,0,0,1,0,0,0,0,0,0,0,0,0,0,0,0,0,0,0,0,0,0,0,0,0,0,0,0,0,0,0,0,0,0,0,0,0,0,0,0,0,0,0,0,0,0,0,0,0,0,0,0,0,0,0,0,0
AF-Q96IQ7-F1-model_v4,ten_percent_graphs/graph_AF-Q96IQ7-F1-model_v4.pt,ten_percent_voxels/voxel_AF-Q96IQ7-F1-model_v4.pt,Q96IQ7,0,0,1,0,0,1,0,0,0,0,0,0,0,0,0,0,0,0,0,0,0,0,0,0,0,0,0,0,0,0,0,0,0,0,0,0,0,0,0,0,0,0,0,0,0,0,0,0,0,0,0,0,0,0,0,0,0,0,0,0,0,0,0,0,0,0,0,0,0,0,0,0,0,0,0,0,0,0,0,0,0,0,0,0,0,0,0,0,0,0,0,0,0,0,0,0,0,0,0,0
AF-Q9Y5X4-F1-model_v4,ten_percent_graphs/graph_AF-Q9Y5X4-F1-model_v4.pt,ten_percent_voxels/voxel_AF-Q9Y5X4-F1-model_v4.pt,Q9Y5X4,1,0,0,0,1,0,0,0,0,0,0,0,0,0,0,0,0,0,0,0,1,1,0,1,1,0,0,0,0,0,1,0,0,0,0,0,0,0,0,0,0,0,0,0,0,0,0,0,1,0,0,0,0,0,0,1,0,0,0,0,0,0,0,0,0,0,0,0,0,0,0,0,0,0,0,0,0,1,0,0,0,1,0,0,0,0,0,0,0,0,0,0,0,0,0,0,0,0,0,0
AF-Q6ZUB0-F1-model_v4,ten_percent_graphs/graph_AF-Q6ZUB0-F1-model_v4.pt,ten_percent_voxels/voxel_AF-Q6ZUB0-F1-model_v4.pt,Q6ZUB0,0,0,0,0,0,1,0,0,0,0,0,0,0,0,0,0,0,0,0,0,0,0,0,0,0,0,0,0,0,0,0,0,0,1,0,0,0,0,0,0,0,0,0,0,0,0,0,0,0,0,0,0,0,0,0,0,0,0,0,0,0,0,0,0,0,0,0,0,0,0,0,0,0,0,0,0,0,0,0,0,0,0,1,0,0,0,0,0,0,0,0,0,0,0,0,0,0,0,0,0
AF-Q96J42-F1-model_v4,ten_percent_graphs/graph_AF-Q96J42-F1-model_v4.pt,ten_percent_voxels/voxel_AF-Q96J42-F1-model_v4.pt,Q96J42,0,0,0,0,0,0,0,0,0,0,0,0,0,0,0,0,0,0,0,0,0,0,0,0,0,0,0,0,0,0,0,0,0,0,0,0,0,0,0,0,0,0,0,0,0,0,0,0,0,0,0,0,0,0,0,0,0,0,0,0,0,0,0,0,0,0,0,0,0,0,0,0,0,0,0,0,0,0,0,0,0,0,0,0,0,0,0,0,0,0,0,0,0,1,1,0,0,0,0,0
AF-Q52LJ0-F1-model_v4,ten_percent_graphs/graph_AF-Q52LJ0-F1-model_v4.pt,ten_percent_voxels/voxel_AF-Q52LJ0-F1-model_v4.pt,Q52LJ0,1,0,0,1,1,0,0,0,0,0,0,1,0,1,0,0,0,0,0,0,0,0,0,0,0,0,1,0,0,0,0,0,0,0,0,0,0,0,0,0,0,0,0,0,0,0,0,0,0,0,0,0,0,0,0,0,0,0,0,0,0,0,0,0,1,0,0,0,0,0,0,0,0,0,0,0,0,0,0,0,0,1,0,0,0,0,0,0,0,0,0,0,0,0,0,0,0,0,0,0
AF-Q9UN36-F1-model_v4,ten_percent_graphs/graph_AF-Q9UN36-F1-model_v4.pt,ten_percent_voxels/voxel_AF-Q9UN36-F1-model_v4.pt,Q9UN36,1,1,0,1,0,0,0,0,1,0,0,0,0,0,0,0,0,1,0,0,0,0,0,1,0,0,0,0,0,0,0,0,0,1,0,0,0,0,0,0,1,0,0,0,0,0,0,0,0,0,0,0,0,0,0,0,0,0,0,0,0,0,0,0,0,0,0,0,0,0,0,0,0,0,0,0,0,0,0,0,0,0,0,0,0,0,0,0,0,0,0,0,0,0,0,0,0,0,0,0
AF-Q96PC5-F1-model_v4,ten_percent_graphs/graph_AF-Q96PC5-F1-model_v4.pt,ten_percent_voxels/voxel_AF-Q96PC5-F1-model_v4.pt,Q96PC5,0,0,0,0,0,1,0,0,0,0,0,0,0,0,0,0,1,0,0,1,0,0,0,0,0,0,0,0,0,0,0,0,0,0,0,0,0,0,0,0,0,0,0,0,0,0,0,0,0,0,0,0,0,0,0,0,0,0,0,0,0,0,0,0,0,0,0,0,0,0,0,0,0,0,0,0,0,0,0,0,0,0,0,0,0,0,0,0,0,0,0,0,0,0,0,0,0,0,0,0
AF-Q96CU9-F1-model_v4,ten_percent_graphs/graph_AF-Q96CU9-F1-model_v4.pt,ten_percent_voxels/voxel_AF-Q96CU9-F1-model_v4.pt,Q96CU9,0,0,0,1,0,0,0,0,0,0,1,0,0,0,0,0,0,0,0,0,0,0,0,0,0,0,0,0,0,0,0,0,0,0,0,0,0,0,0,0,0,0,0,0,0,0,0,0,0,0,0,1,0,0,0,0,0,0,0,0,0,0,0,0,0,0,0,0,0,0,0,0,0,0,0,0,0,0,0,0,0,0,0,0,0,0,0,0,0,0,0,0,0,0,0,0,0,0,0,0
AF-Q9UK11-F1-model_v4,ten_percent_graphs/graph_AF-Q9UK11-F1-model_v4.pt,ten_percent_voxels/voxel_AF-Q9UK11-F1-model_v4.pt,Q9UK11,1,0,0,0,0,0,1,0,0,0,0,0,0,0,0,0,0,0,0,0,0,0,1,0,0,0,0,0,0,0,0,0,0,0,0,0,0,0,0,0,0,0,0,0,0,0,0,0,0,1,0,0,0,0,0,0,0,0,0,0,0,0,0,0,0,0,0,0,0,0,0,0,0,0,0,0,0,0,0,0,0,0,0,0,0,0,0,0,0,0,0,0,0,0,0,0,0,0,0,0
AF-Q8N6L7-F1-model_v4,ten_percent_graphs/graph_AF-Q8N6L7-F1-model_v4.pt,ten_percent_voxels/voxel_AF-Q8N6L7-F1-model_v4.pt,Q8N6L7,0,0,0,0,0,1,0,0,0,0,0,0,0,0,0,0,0,0,0,0,0,0,0,0,0,0,0,0,0,0,0,0,0,0,0,0,0,0,0,0,0,0,0,0,0,0,0,0,0,0,0,0,0,0,0,0,0,0,0,0,0,0,0,0,0,0,0,0,0,0,0,0,0,0,0,0,0,0,0,0,0,0,0,0,0,0,0,0,0,0,0,0,0,0,0,0,0,0,0,0
AF-Q6UXH0-F1-model_v4,ten_percent_graphs/graph_AF-Q6UXH0-F1-model_v4.pt,ten_percent_voxels/voxel_AF-Q6UXH0-F1-model_v4.pt,Q6UXH0,0,0,0,0,0,0,0,0,0,1,0,0,0,0,0,0,0,0,0,0,0,0,0,0,0,0,0,0,0,0,0,0,0,0,0,0,0,0,0,0,0,0,0,0,0,0,0,0,0,0,0,0,0,0,0,0,0,0,0,0,0,0,0,0,0,0,0,0,0,0,0,0,0,0,0,0,0,0,0,0,0,0,0,0,0,0,0,0,0,0,0,0,0,0,0,0,0,0,0,0
AF-Q9HB75-F1-model_v4,ten_percent_graphs/graph_AF-Q9HB75-F1-model_v4.pt,ten_percent_voxels/voxel_AF-Q9HB75-F1-model_v4.pt,Q9HB75,1,1,0,1,1,0,0,0,0,0,0,0,0,0,0,0,0,1,0,0,0,0,0,1,0,1,0,0,0,0,0,0,0,0,0,0,0,0,0,0,0,0,0,0,0,0,0,0,0,0,0,0,0,0,0,0,1,0,0,0,0,1,0,0,0,0,0,0,1,0,1,0,0,0,0,0,0,0,0,0,0,0,0,0,0,0,0,0,0,0,0,0,0,0,0,0,0,0,1,0
AF-P56199-F1-model_v4,ten_percent_graphs/graph_AF-P56199-F1-model_v4.pt,ten_percent_voxels/voxel_AF-P56199-F1-model_v4.pt,P56199,0,0,1,0,0,1,1,0,1,0,0,0,0,0,0,0,0,0,0,0,0,0,0,0,0,0,0,0,0,0,0,0,1,0,0,0,0,0,0,0,0,0,1,0,0,0,0,0,0,0,0,0,0,0,0,1,0,1,0,0,0,0,0,0,0,0,0,0,0,0,0,0,0,0,0,0,0,0,0,0,0,0,0,0,0,0,0,0,0,0,0,0,0,0,0,0,0,0,0,0
AF-P61088-F1-model_v4,ten_percent_graphs/graph_AF-P61088-F1-model_v4.pt,ten_percent_voxels/voxel_AF-P61088-F1-model_v4.pt,P61088,1,1,0,1,1,0,0,0,1,0,0,0,0,1,1,0,0,0,0,0,0,0,0,0,0,0,0,0,0,0,0,1,0,0,1,0,0,0,0,0,0,0,0,0,0,0,0,1,0,0,0,0,0,0,0,0,0,0,0,0,0,0,0,0,0,0,0,0,0,0,0,0,0,0,0,0,0,0,0,0,0,0,0,0,0,0,0,0,0,0,0,0,0,0,0,0,0,0,0,0
AF-P00480-F1-model_v4,ten_percent_graphs/graph_AF-P00480-F1-model_v4.pt,ten_percent_voxels/voxel_AF-P00480-F1-model_v4.pt,P00480,0,0,0,0,0,0,0,0,0,0,1,1,0,0,0,0,0,0,0,0,0,0,0,0,0,0,0,0,0,0,0,0,0,0,0,0,0,0,1,0,0,0,0,0,0,0,0,0,0,0,0,1,0,0,0,0,0,0,0,0,0,0,0,0,0,0,0,0,0,0,0,0,0,0,0,0,0,0,0,0,0,0,0,0,0,0,0,0,0,0,0,0,0,0,0,0,0,0,0,0
AF-O95801-F1-model_v4,ten_percent_graphs/graph_AF-O95801-F1-model_v4.pt,ten_percent_voxels/voxel_AF-O95801-F1-model_v4.pt,O95801,1,0,0,1,1,0,0,0,0,0,0,0,0,0,0,0,0,0,0,0,0,0,0,0,0,0,0,0,0,0,0,0,0,0,0,1,0,0,0,0,0,0,0,0,0,0,0,0,0,0,0,0,0,0,0,0,0,0,0,0,0,0,0,0,0,0,0,0,0,0,0,0,0,0,0,0,0,0,0,0,0,0,0,0,0,0,0,0,0,0,0,0,0,0,0,0,0,0,0,0
AF-O00462-F1-model_v4,ten_percent_graphs/graph_AF-O00462-F1-model_v4.pt,ten_percent_voxels/voxel_AF-O00462-F1-model_v4.pt,O00462,0,0,1,0,0,0,0,0,0,0,0,0,0,0,0,0,0,0,0,0,0,0,0,0,0,0,0,0,0,0,0,0,0,0,0,0,0,0,0,0,0,0,0,0,0,0,0,0,0,0,0,0,0,0,0,0,0,0,0,0,0,0,0,0,0,0,0,0,0,0,0,0,0,0,0,0,0,0,0,0,0,0,0,0,0,0,0,0,0,0,0,0,0,0,0,0,0,0,0,0
AF-Q8NB15-F1-model_v4,ten_percent_graphs/graph_AF-Q8NB15-F1-model_v4.pt,ten_percent_voxels/voxel_AF-Q8NB15-F1-model_v4.pt,Q8NB15,1,0,0,0,0,0,1,0,0,0,0,0,0,0,0,0,0,0,0,0,0,0,1,0,0,0,0,0,0,0,0,0,0,0,0,0,0,0,0,0,0,0,0,0,0,0,0,0,0,1,0,0,0,0,0,0,0,0,0,0,0,0,0,0,0,0,0,0,0,0,0,0,0,0,0,0,0,0,0,0,0,0,0,0,0,0,0,0,0,0,0,0,0,0,0,0,0,0,0,0
AF-P46109-F1-model_v4,ten_percent_graphs/graph_AF-P46109-F1-model_v4.pt,ten_percent_voxels/voxel_AF-P46109-F1-model_v4.pt,P46109,0,1,0,1,1,0,0,0,0,0,0,1,0,1,0,0,0,0,0,0,0,0,0,0,0,0,0,0,0,0,0,0,0,0,1,0,0,0,0,0,0,0,0,0,0,0,0,0,0,0,0,0,0,0,0,0,0,0,0,0,0,0,0,0,1,0,0,0,1,0,0,0,0,0,0,0,0,0,0,0,0,0,1,0,0,1,0,0,0,0,0,0,0,0,0,0,0,1,0,0
AF-Q8NDV7-F1-model_v4,ten_percent_graphs/graph_AF-Q8NDV7-F1-model_v4.pt,ten_percent_voxels/voxel_AF-Q8NDV7-F1-model_v4.pt,Q8NDV7,0,1,0,0,1,0,0,0,0,0,0,0,0,1,0,0,0,1,0,0,0,0,0,0,0,0,1,0,0,0,0,0,0,0,0,0,0,0,0,0,0,0,0,0,0,0,0,0,0,0,0,0,0,0,0,0,0,0,0,0,0,0,0,0,0,0,0,0,0,0,0,0,0,0,0,0,0,0,0,0,0,0,0,0,0,0,0,0,0,0,0,0,0,0,0,0,0,0,0,0
AF-Q12901-F1-model_v4,ten_percent_graphs/graph_AF-Q12901-F1-model_v4.pt,ten_percent_voxels/voxel_AF-Q12901-F1-model_v4.pt,Q12901,1,0,0,0,0,0,1,0,0,0,0,0,0,0,0,0,0,0,0,0,0,0,1,0,0,0,0,0,0,0,0,0,0,0,0,0,0,0,0,0,0,0,0,0,0,0,0,0,0,1,0,0,0,0,0,0,0,0,0,0,0,0,0,0,0,0,0,0,0,0,0,0,0,0,0,0,0,0,0,0,0,0,0,0,0,0,0,0,0,0,0,0,0,0,0,0,0,0,0,0
AF-Q9H6J7-F1-model_v4,ten_percent_graphs/graph_AF-Q9H6J7-F1-model_v4.pt,ten_percent_voxels/voxel_AF-Q9H6J7-F1-model_v4.pt,Q9H6J7,0,0,0,1,0,0,0,0,0,0,0,0,0,0,0,0,0,0,0,0,0,0,0,0,0,0,0,0,0,0,0,0,0,0,0,0,0,0,0,0,0,0,0,0,0,0,0,0,0,0,0,0,0,0,0,0,0,0,0,0,0,0,0,0,0,0,0,0,0,0,0,0,0,0,0,0,0,0,0,0,0,0,0,0,0,0,0,0,0,0,0,0,0,0,0,0,0,0,0,0
AF-Q9P126-F1-model_v4,ten_percent_graphs/graph_AF-Q9P126-F1-model_v4.pt,ten_percent_voxels/voxel_AF-Q9P126-F1-model_v4.pt,Q9P126,0,0,1,0,0,0,0,0,0,0,0,0,0,0,0,0,0,0,0,0,0,0,0,1,0,0,0,0,0,0,0,0,1,0,0,0,0,0,0,0,0,0,0,0,0,0,0,0,0,0,0,0,0,0,0,0,0,0,0,0,0,0,0,0,0,0,0,0,0,0,0,0,0,0,0,0,0,0,0,0,0,0,0,0,0,0,0,0,0,0,0,0,0,0,0,0,0,0,0,0
AF-Q9P2W3-F1-model_v4,ten_percent_graphs/graph_AF-Q9P2W3-F1-model_v4.pt,ten_percent_voxels/voxel_AF-Q9P2W3-F1-model_v4.pt,Q9P2W3,0,0,1,0,0,0,0,0,0,0,0,0,0,0,0,0,0,0,0,0,0,0,0,0,0,0,0,0,0,0,0,0,0,0,0,0,0,0,0,0,0,0,0,0,0,0,0,0,0,0,0,0,0,0,0,0,0,0,0,0,0,0,0,0,0,0,0,1,0,0,0,0,1,1,0,0,0,0,0,0,0,0,0,0,0,0,0,0,0,0,0,0,0,0,0,0,0,0,0,0
AF-Q02978-F1-model_v4,ten_percent_graphs/graph_AF-Q02978-F1-model_v4.pt,ten_percent_voxels/voxel_AF-Q02978-F1-model_v4.pt,Q02978,1,0,1,0,0,0,0,0,0,0,1,0,0,1,0,0,0,0,0,0,0,0,0,0,0,0,0,0,0,0,0,0,0,0,0,0,0,0,0,0,0,0,0,0,0,0,0,0,0,0,0,1,0,0,0,0,0,0,0,0,0,0,0,0,0,0,0,0,0,0,0,0,0,0,0,0,0,0,0,0,0,0,0,0,0,0,0,0,0,0,0,0,0,0,0,0,0,0,0,0
AF-O75594-F1-model_v4,ten_percent_graphs/graph_AF-O75594-F1-model_v4.pt,ten_percent_voxels/voxel_AF-O75594-F1-model_v4.pt,O75594,0,0,0,0,0,0,0,1,1,1,0,0,0,0,0,0,0,0,0,0,0,0,0,0,0,0,0,0,0,0,1,0,0,0,0,1,0,0,0,0,0,0,0,0,0,0,0,0,0,0,0,0,0,0,1,0,0,0,0,0,0,0,0,0,0,0,0,0,0,0,0,0,0,0,0,0,0,0,0,0,0,0,0,0,0,0,0,0,0,0,0,0,0,0,0,0,0,0,0,0
AF-Q00444-F1-model_v4,ten_percent_graphs/graph_AF-Q00444-F1-model_v4.pt,ten_percent_voxels/voxel_AF-Q00444-F1-model_v4.pt,Q00444,1,0,0,0,1,0,0,0,0,0,0,0,1,0,0,1,0,0,1,0,1,0,0,0,0,0,0,0,0,0,0,0,0,0,0,0,0,0,0,0,0,0,0,0,0,0,0,0,0,1,0,0,0,0,0,0,0,0,0,0,0,0,0,0,0,0,0,0,0,0,0,0,0,0,0,0,0,0,0,0,0,0,0,0,0,0,0,0,0,0,0,0,0,0,0,0,0,0,0,0
AF-P12645-F1-model_v4,ten_percent_graphs/graph_AF-P12645-F1-model_v4.pt,ten_percent_voxels/voxel_AF-P12645-F1-model_v4.pt,P12645,0,0,0,0,0,0,0,1,1,0,0,0,0,0,0,0,0,0,0,0,0,0,0,0,0,0,0,0,0,0,0,0,0,0,0,0,0,0,0,0,0,0,0,1,0,0,0,0,0,0,0,0,0,0,0,0,0,0,0,0,0,0,0,0,0,0,0,0,0,0,0,0,0,0,0,0,0,0,0,0,0,0,0,0,0,0,0,0,0,0,0,0,0,0,0,0,0,0,0,0
AF-Q96EU6-F1-model_v4,ten_percent_graphs/graph_AF-Q96EU6-F1-model_v4.pt,ten_percent_voxels/voxel_AF-Q96EU6-F1-model_v4.pt,Q96EU6,0,0,0,0,1,0,0,0,0,0,0,0,0,1,0,0,0,0,0,0,0,0,0,0,0,1,0,0,0,0,0,0,0,0,0,0,0,0,0,0,0,0,0,0,0,0,0,0,0,0,0,0,0,0,0,0,0,0,0,0,0,0,0,0,0,0,0,0,0,0,0,0,0,0,0,0,0,0,0,0,0,0,0,0,0,0,0,0,0,0,0,0,0,0,0,0,0,0,0,0
AF-O75791-F1-model_v4,ten_percent_graphs/graph_AF-O75791-F1-model_v4.pt,ten_percent_voxels/voxel_AF-O75791-F1-model_v4.pt,O75791,1,1,1,1,1,0,0,0,0,0,0,0,0,0,0,0,0,0,0,0,0,0,0,1,0,0,0,0,0,0,0,0,0,0,0,0,0,0,0,0,0,0,0,0,0,0,0,0,0,0,0,0,0,0,0,0,0,0,0,0,0,0,0,0,0,0,0,0,0,0,0,0,0,0,0,0,0,0,0,0,0,0,0,0,0,0,0,0,0,0,0,0,0,0,0,0,0,0,0,0
AF-Q9BUY7-F1-model_v4,ten_percent_graphs/graph_AF-Q9BUY7-F1-model_v4.pt,ten_percent_voxels/voxel_AF-Q9BUY7-F1-model_v4.pt,Q9BUY7,0,0,0,0,0,0,0,0,0,0,0,0,0,0,0,0,0,0,0,0,0,0,0,0,0,0,0,1,0,0,0,0,0,0,0,0,0,0,0,0,0,0,0,0,0,0,0,0,0,0,0,0,0,0,0,0,0,0,0,0,0,0,0,0,0,0,0,0,0,0,0,0,0,0,0,0,0,0,0,0,0,0,0,0,0,0,0,0,0,0,0,0,0,0,0,0,0,0,0,0
AF-Q9UKX5-F1-model_v4,ten_percent_graphs/graph_AF-Q9UKX5-F1-model_v4.pt,ten_percent_voxels/voxel_AF-Q9UKX5-F1-model_v4.pt,Q9UKX5,0,0,1,0,0,1,1,0,0,0,0,0,0,0,0,0,0,0,0,0,0,0,0,0,0,0,0,0,0,0,0,0,0,0,0,0,0,0,0,0,0,0,1,0,0,0,0,0,0,0,1,0,0,0,0,0,0,1,0,0,0,0,0,0,0,0,0,0,0,0,0,0,0,0,0,0,0,0,0,0,0,0,0,0,0,0,0,0,0,0,0,0,0,0,0,0,0,0,0,0
AF-Q8N4L2-F1-model_v4,ten_percent_graphs/graph_AF-Q8N4L2-F1-model_v4.pt,ten_percent_voxels/voxel_AF-Q8N4L2-F1-model_v4.pt,Q8N4L2,0,0,1,0,0,0,0,0,0,0,0,0,0,0,0,0,0,0,0,0,0,0,0,0,0,0,0,0,0,0,0,0,0,0,0,0,0,0,0,0,0,0,0,0,0,0,0,0,0,0,0,0,0,0,0,0,0,0,0,0,0,0,0,0,0,0,0,0,0,0,0,0,0,0,0,0,0,0,1,0,0,0,0,0,0,0,0,0,0,0,0,0,0,0,0,0,0,0,0,0
AF-Q9UNZ2-F1-model_v4,ten_percent_graphs/graph_AF-Q9UNZ2-F1-model_v4.pt,ten_percent_voxels/voxel_AF-Q9UNZ2-F1-model_v4.pt,Q9UNZ2,1,1,0,1,0,0,0,0,0,0,0,0,0,0,0,0,0,0,0,0,0,0,0,0,0,0,0,0,0,0,0,0,0,0,0,0,1,0,0,0,0,0,0,0,0,0,0,0,0,0,0,0,0,0,0,0,0,0,0,0,0,0,0,0,0,0,0,0,0,0,0,0,0,0,0,0,0,0,0,0,0,0,0,0,0,0,0,0,0,0,0,0,0,0,0,0,0,0,0,0
AF-P42345-F1-model_v4,ten_percent_graphs/graph_AF-P42345-F1-model_v4.pt,ten_percent_voxels/voxel_AF-P42345-F1-model_v4.pt,P42345,1,1,1,1,1,1,0,0,0,0,0,1,0,0,1,0,1,0,0,1,0,0,0,0,0,0,0,0,0,1,0,0,0,0,0,0,0,0,0,0,0,0,0,0,0,0,0,0,0,0,0,0,0,0,0,0,1,0,0,0,0,1,0,1,0,0,0,1,0,0,0,0,0,0,0,0,0,0,1,0,0,0,0,0,0,0,0,0,0,0,1,0,0,0,0,0,0,0,0,0
AF-Q9BY42-F1-model_v4,ten_percent_graphs/graph_AF-Q9BY42-F1-model_v4.pt,ten_percent_voxels/voxel_AF-Q9BY42-F1-model_v4.pt,Q9BY42,1,0,0,0,0,0,0,0,0,0,0,0,0,0,0,0,0,0,0,0,0,0,1,0,0,0,0,0,0,0,0,0,0,0,0,0,0,0,0,0,0,0,0,0,0,0,0,0,0,0,0,0,0,0,0,0,0,0,0,0,0,0,0,0,0,0,0,0,0,0,0,0,0,0,0,0,0,0,0,0,0,0,0,0,0,0,0,0,0,0,0,0,0,0,0,0,0,0,0,0
AF-Q9Y3V2-F1-model_v4,ten_percent_graphs/graph_AF-Q9Y3V2-F1-model_v4.pt,ten_percent_voxels/voxel_AF-Q9Y3V2-F1-model_v4.pt,Q9Y3V2,1,0,0,1,0,0,0,0,0,0,0,0,0,0,0,0,0,0,0,0,0,0,0,0,0,0,0,0,0,0,0,0,0,0,0,0,0,0,0,0,0,0,0,0,0,0,0,0,0,0,0,0,0,0,0,0,0,0,0,0,0,0,0,0,0,0,0,0,0,0,0,0,0,0,0,0,0,0,0,0,0,0,0,0,0,0,0,0,0,0,0,0,0,0,0,0,0,0,0,0
AF-O14657-F1-model_v4,ten_percent_graphs/graph_AF-O14657-F1-model_v4.pt,ten_percent_voxels/voxel_AF-O14657-F1-model_v4.pt,O14657,0,0,0,0,0,0,0,0,1,0,0,1,0,0,1,0,1,0,0,0,0,0,0,0,0,0,0,0,0,0,0,0,0,0,0,0,0,0,0,0,0,0,0,0,0,0,0,0,0,0,0,0,0,0,0,0,0,0,0,0,0,0,0,0,0,0,0,0,0,0,0,0,0,0,1,0,0,0,0,0,0,0,0,0,0,0,0,0,0,0,0,0,0,0,0,0,0,0,0,0
AF-Q14153-F1-model_v4,ten_percent_graphs/graph_AF-Q14153-F1-model_v4.pt,ten_percent_voxels/voxel_AF-Q14153-F1-model_v4.pt,Q14153,1,0,0,0,0,0,0,0,0,0,0,0,0,0,0,0,0,0,0,0,0,0,0,0,0,0,0,0,0,0,0,0,0,0,0,0,0,0,0,0,0,0,0,0,0,0,0,0,0,0,0,0,0,0,0,0,0,0,0,0,0,0,0,0,0,0,0,0,0,0,0,0,0,0,0,0,0,0,0,0,0,0,0,0,0,0,0,0,0,0,0,0,0,0,0,0,0,0,0,0
AF-Q9BPU9-F1-model_v4,ten_percent_graphs/graph_AF-Q9BPU9-F1-model_v4.pt,ten_percent_voxels/voxel_AF-Q9BPU9-F1-model_v4.pt,Q9BPU9,1,1,0,0,0,1,0,0,0,0,0,0,0,0,0,0,0,0,0,0,0,0,0,0,0,0,0,0,0,0,0,0,0,0,0,0,1,0,0,0,0,0,0,0,0,0,0,0,0,0,0,0,0,0,0,0,0,0,0,0,0,0,0,0,0,0,0,0,0,0,0,0,0,0,0,0,0,0,0,0,0,0,0,0,0,0,0,0,0,0,0,0,0,1,0,0,0,0,0,0
AF-P20941-F1-model_v4,ten_percent_graphs/graph_AF-P20941-F1-model_v4.pt,ten_percent_voxels/voxel_AF-P20941-F1-model_v4.pt,P20941,1,1,0,0,0,0,0,0,0,0,0,0,0,0,0,0,0,0,0,0,0,0,0,0,0,0,0,0,0,0,0,0,0,0,0,0,0,0,0,0,0,0,0,0,0,0,0,0,0,0,0,0,0,0,0,0,0,0,0,0,0,0,0,0,0,0,0,0,0,0,0,0,0,1,0,0,0,0,0,0,0,0,0,0,0,0,0,0,0,0,0,0,0,0,0,0,0,0,0,0
AF-O15245-F1-model_v4,ten_percent_graphs/graph_AF-O15245-F1-model_v4.pt,ten_percent_voxels/voxel_AF-O15245-F1-model_v4.pt,O15245,0,0,1,0,0,1,0,0,0,0,0,1,0,0,0,0,0,0,0,0,0,0,0,0,0,0,0,0,0,0,0,0,0,0,0,0,0,0,0,0,0,0,0,0,0,0,0,0,0,0,0,0,0,0,0,0,0,0,0,0,0,0,0,0,0,1,0,0,0,0,0,0,0,0,0,0,0,0,0,0,0,0,0,0,0,0,0,0,0,0,0,0,0,0,0,0,0,0,0,1
AF-A6NGG8-F1-model_v4,ten_percent_graphs/graph_AF-A6NGG8-F1-model_v4.pt,ten_percent_voxels/voxel_AF-A6NGG8-F1-model_v4.pt,A6NGG8,0,0,0,0,0,0,0,0,0,0,0,0,0,0,0,0,0,0,0,0,0,0,0,0,0,0,0,0,0,0,0,0,0,0,0,0,0,0,0,0,0,0,0,0,0,0,0,0,0,0,0,0,0,0,0,0,0,0,0,0,0,0,0,0,0,0,0,0,0,0,0,0,0,0,0,0,0,0,0,0,0,0,0,0,0,0,0,0,0,0,0,0,0,0,1,0,0,0,0,0
AF-Q9H596-F1-model_v4,ten_percent_graphs/graph_AF-Q9H596-F1-model_v4.pt,ten_percent_voxels/voxel_AF-Q9H596-F1-model_v4.pt,Q9H596,1,0,0,1,0,0,0,0,0,0,0,0,0,0,0,0,0,0,0,0,0,0,0,0,0,0,0,0,0,0,0,0,0,0,0,0,0,0,1,0,0,0,0,0,0,0,0,0,0,0,0,1,0,0,0,0,0,0,0,0,0,0,0,0,0,0,0,0,0,0,0,0,0,0,0,0,0,0,0,0,0,0,0,0,0,0,0,0,0,0,0,0,0,0,0,0,0,0,0,0
AF-Q8WV74-F1-model_v4,ten_percent_graphs/graph_AF-Q8WV74-F1-model_v4.pt,ten_percent_voxels/voxel_AF-Q8WV74-F1-model_v4.pt,Q8WV74,0,0,0,0,0,0,0,0,0,0,1,0,0,0,0,0,0,0,0,0,0,0,0,0,0,0,0,0,0,0,0,0,0,0,0,0,0,0,0,0,0,0,0,0,0,0,0,0,0,0,0,0,0,0,0,0,0,0,0,0,0,0,0,0,0,0,0,0,0,0,0,0,0,0,0,0,0,0,0,0,0,0,0,0,0,0,0,0,0,0,0,0,0,0,0,0,0,0,0,0
AF-Q9Y4B4-F1-model_v4,ten_percent_graphs/graph_AF-Q9Y4B4-F1-model_v4.pt,ten_percent_voxels/voxel_AF-Q9Y4B4-F1-model_v4.pt,Q9Y4B4,1,0,0,0,0,0,0,0,0,0,0,0,0,0,1,0,0,0,0,0,0,0,1,0,0,0,0,0,0,0,0,0,0,0,0,0,0,0,0,0,0,0,0,0,0,0,0,0,0,0,0,0,0,0,0,0,0,0,0,0,0,0,0,0,0,0,0,0,0,0,0,0,0,0,1,0,0,0,0,0,0,0,0,0,0,0,0,0,0,0,0,0,0,0,0,0,0,0,0,0
AF-Q5VU69-F1-model_v4,ten_percent_graphs/graph_AF-Q5VU69-F1-model_v4.pt,ten_percent_voxels/voxel_AF-Q5VU69-F1-model_v4.pt,Q5VU69,0,0,0,0,0,0,0,0,0,0,0,0,0,0,0,0,0,0,0,0,0,0,0,0,0,0,0,0,0,0,0,0,0,0,0,0,0,0,0,0,0,0,0,0,0,0,0,0,0,0,0,0,0,0,0,0,0,0,0,0,0,0,0,0,0,0,0,0,0,0,0,0,0,0,0,0,0,0,0,0,0,0,0,0,0,0,0,0,0,0,0,0,0,0,0,0,0,0,0,0
AF-P51797-F1-model_v4,ten_percent_graphs/graph_AF-P51797-F1-model_v4.pt,ten_percent_voxels/voxel_AF-P51797-F1-model_v4.pt,P51797,0,0,0,0,0,1,0,0,0,0,0,0,0,0,1,0,0,0,0,0,0,0,0,1,0,0,1,0,0,0,0,0,0,0,0,0,0,0,0,0,0,0,0,0,0,0,0,0,0,0,0,0,0,0,0,0,0,0,0,0,0,0,0,0,0,0,0,0,0,0,0,0,0,0,0,0,0,0,1,0,0,0,0,0,0,0,0,0,0,0,0,0,0,0,0,0,0,0,0,0
AF-O43292-F1-model_v4,ten_percent_graphs/graph_AF-O43292-F1-model_v4.pt,ten_percent_voxels/voxel_AF-O43292-F1-model_v4.pt,O43292,0,1,0,0,0,1,0,0,0,0,1,0,0,0,0,0,1,0,0,1,0,0,0,0,0,0,0,0,0,0,0,0,0,0,0,0,1,0,0,0,0,0,0,0,0,0,0,0,0,0,0,0,0,0,0,0,0,0,0,0,0,0,0,0,0,0,0,0,0,0,0,0,0,0,0,0,0,0,0,0,0,0,0,0,0,0,0,0,0,0,0,0,0,0,0,0,0,0,0,0
AF-P55210-F1-model_v4,ten_percent_graphs/graph_AF-P55210-F1-model_v4.pt,ten_percent_voxels/voxel_AF-P55210-F1-model_v4.pt,P55210,1,1,0,1,1,0,0,1,0,0,0,0,0,1,0,0,0,0,0,0,0,0,0,0,0,0,0,0,0,0,0,0,0,0,0,0,0,0,0,0,0,0,0,0,1,0,0,0,0,0,0,0,0,0,0,0,0,0,0,0,0,0,0,0,0,0,0,0,0,0,1,0,0,0,0,0,0,0,0,0,0,0,0,0,0,0,0,0,0,0,0,0,0,0,0,0,0,0,0,0
AF-Q6ZMJ2-F1-model_v4,ten_percent_graphs/graph_AF-Q6ZMJ2-F1-model_v4.pt,ten_percent_voxels/voxel_AF-Q6ZMJ2-F1-model_v4.pt,Q6ZMJ2,0,0,1,0,0,0,0,0,0,0,0,0,0,0,0,0,0,0,0,0,0,0,0,0,0,0,0,0,0,0,0,0,1,0,0,0,0,0,0,0,0,0,0,0,0,0,0,0,0,0,0,0,0,0,0,0,0,0,0,0,0,0,0,0,0,0,0,0,0,0,0,0,0,0,0,0,0,0,0,0,0,0,0,0,0,0,0,0,0,0,0,0,0,0,0,0,0,0,0,0
AF-Q9H9T3-F1-model_v4,ten_percent_graphs/graph_AF-Q9H9T3-F1-model_v4.pt,ten_percent_voxels/voxel_AF-Q9H9T3-F1-model_v4.pt,Q9H9T3,1,1,0,1,0,0,1,0,0,0,0,0,1,0,0,0,0,0,0,0,0,0,0,0,0,1,0,0,0,0,0,0,0,0,0,0,0,0,0,0,0,0,0,0,0,0,0,0,0,0,0,0,0,0,0,0,0,0,0,0,0,0,0,0,0,0,0,0,0,0,0,0,0,0,0,0,0,0,0,0,0,0,0,0,0,0,0,0,0,0,0,0,0,0,0,0,0,0,0,0
AF-Q96JK2-F1-model_v4,ten_percent_graphs/graph_AF-Q96JK2-F1-model_v4.pt,ten_percent_voxels/voxel_AF-Q96JK2-F1-model_v4.pt,Q96JK2,0,0,0,1,1,0,0,0,0,0,0,0,0,0,0,0,0,0,0,0,0,0,0,0,0,0,0,0,0,0,0,0,0,0,0,0,0,0,0,0,0,0,0,0,0,0,0,1,0,0,0,0,0,0,0,0,0,0,0,0,0,0,0,0,0,0,0,0,0,0,0,0,0,0,0,0,0,0,0,0,0,0,0,0,0,0,0,0,0,0,0,0,0,0,0,0,0,0,0,0
AF-Q6P2I7-F1-model_v4,ten_percent_graphs/graph_AF-Q6P2I7-F1-model_v4.pt,ten_percent_voxels/voxel_AF-Q6P2I7-F1-model_v4.pt,Q6P2I7,0,0,0,0,0,0,0,0,0,0,0,0,0,0,0,0,0,0,0,0,0,0,0,0,0,0,0,0,0,0,0,0,0,0,0,0,0,0,0,0,0,0,0,0,0,0,0,0,0,0,0,0,0,0,0,0,0,0,0,0,0,0,0,0,0,0,0,0,0,0,0,0,0,0,0,0,0,0,0,0,0,0,0,0,0,0,0,0,0,0,0,0,0,0,0,0,0,0,0,0
AF-Q5T619-F1-model_v4,ten_percent_graphs/graph_AF-Q5T619-F1-model_v4.pt,ten_percent_voxels/voxel_AF-Q5T619-F1-model_v4.pt,Q5T619,1,0,0,0,0,0,1,0,0,0,0,0,0,0,0,1,0,0,0,0,1,0,0,0,0,0,0,0,0,0,0,0,0,0,0,0,0,0,0,0,0,1,0,0,0,0,0,0,0,0,0,0,0,0,0,0,0,0,0,0,0,0,0,0,0,0,0,0,0,0,0,0,0,0,0,0,0,0,0,0,0,0,0,0,0,0,0,0,0,0,0,0,0,0,0,0,0,0,0,0
AF-Q96SY0-F1-model_v4,ten_percent_graphs/graph_AF-Q96SY0-F1-model_v4.pt,ten_percent_voxels/voxel_AF-Q96SY0-F1-model_v4.pt,Q96SY0,1,0,0,0,1,0,0,0,0,0,0,0,0,0,0,0,0,0,0,0,0,0,0,0,0,0,0,0,0,0,0,0,0,0,0,0,0,0,0,0,0,0,0,0,0,0,0,0,0,0,0,0,0,0,0,0,0,0,0,0,0,0,0,0,0,0,0,0,0,0,0,0,0,0,0,0,0,0,0,0,0,0,0,0,0,0,0,0,0,0,0,0,0,0,0,0,0,0,0,0
AF-Q8TD19-F1-model_v4,ten_percent_graphs/graph_AF-Q8TD19-F1-model_v4.pt,ten_percent_voxels/voxel_AF-Q8TD19-F1-model_v4.pt,Q8TD19,1,1,0,0,0,0,1,0,0,0,0,0,0,0,1,0,0,0,0,0,0,0,0,0,0,0,0,0,0,0,0,0,0,0,0,0,0,0,0,0,0,0,0,0,0,0,0,0,0,0,0,0,0,0,0,0,0,0,0,1,0,0,1,0,0,0,0,0,0,0,0,0,0,0,0,0,0,0,0,0,0,0,0,0,0,0,0,0,0,0,0,0,0,0,0,0,0,0,0,0
AF-O60478-F1-model_v4,ten_percent_graphs/graph_AF-O60478-F1-model_v4.pt,ten_percent_voxels/voxel_AF-O60478-F1-model_v4.pt,O60478,0,0,1,0,0,1,0,0,0,0,0,0,0,0,0,0,0,0,0,0,0,0,0,0,0,0,0,0,0,0,0,0,0,0,0,0,0,0,0,0,0,0,0,0,0,0,0,0,0,0,0,0,0,0,0,0,0,0,0,0,0,0,0,0,0,0,0,0,0,0,0,0,0,0,0,0,0,0,1,0,0,0,0,0,0,0,0,0,0,0,0,0,0,0,0,0,0,0,0,0
AF-Q9H813-F1-model_v4,ten_percent_graphs/graph_AF-Q9H813-F1-model_v4.pt,ten_percent_voxels/voxel_AF-Q9H813-F1-model_v4.pt,Q9H813,0,0,1,0,0,0,0,0,0,0,0,0,0,0,0,0,0,0,0,0,0,0,0,0,0,0,0,0,0,0,0,0,1,0,0,0,0,0,0,0,0,0,0,0,0,0,0,0,0,0,0,0,0,0,0,0,0,0,0,0,0,0,0,0,0,0,0,0,0,0,0,0,0,0,0,0,0,0,0,0,0,0,0,0,0,0,0,0,0,0,0,0,0,0,0,0,0,0,0,0
AF-C9J6K1-F1-model_v4,ten_percent_graphs/graph_AF-C9J6K1-F1-model_v4.pt,ten_percent_voxels/voxel_AF-C9J6K1-F1-model_v4.pt,C9J6K1,0,0,0,0,0,0,0,0,0,0,0,0,0,0,0,0,0,0,0,0,0,0,0,0,0,0,0,0,0,0,0,0,0,0,0,0,0,0,0,0,0,0,0,0,0,0,0,0,0,0,0,0,0,0,0,0,0,0,0,0,0,0,0,0,0,0,0,0,0,0,0,0,0,0,0,0,0,0,0,0,0,0,0,0,0,0,0,0,0,0,0,0,0,0,0,0,0,0,0,0
AF-G8JLG2-F1-model_v4,ten_percent_graphs/graph_AF-G8JLG2-F1-model_v4.pt,ten_percent_voxels/voxel_AF-G8JLG2-F1-model_v4.pt,G8JLG2,0,0,1,0,0,0,0,0,0,1,0,0,0,0,0,0,0,0,0,0,0,0,0,0,0,0,0,0,1,0,0,0,0,0,0,0,0,0,0,0,0,0,0,0,0,0,0,0,0,0,1,0,0,0,0,0,0,0,0,0,0,0,0,0,0,0,0,0,0,0,0,0,0,0,0,0,0,0,0,0,0,0,0,0,0,0,0,0,0,0,0,0,0,0,0,0,0,0,0,0
AF-P08648-F1-model_v4,ten_percent_graphs/graph_AF-P08648-F1-model_v4.pt,ten_percent_voxels/voxel_AF-P08648-F1-model_v4.pt,P08648,0,0,1,0,0,0,0,0,0,0,0,0,0,0,0,0,1,1,0,0,0,0,0,0,0,0,0,1,0,0,0,1,1,0,0,0,0,0,0,0,0,0,1,0,0,0,0,0,0,0,1,0,0,0,0,0,0,1,0,0,0,0,0,0,0,0,0,0,0,0,0,0,0,0,0,0,0,0,0,0,0,0,0,0,0,0,0,0,0,0,0,0,0,0,0,0,0,0,0,0
AF-Q86VR7-F1-model_v4,ten_percent_graphs/graph_AF-Q86VR7-F1-model_v4.pt,ten_percent_voxels/voxel_AF-Q86VR7-F1-model_v4.pt,Q86VR7,0,0,0,0,1,1,0,0,0,0,0,0,0,0,0,0,0,0,0,0,0,0,0,0,0,0,0,0,0,0,0,0,0,0,0,0,0,0,0,0,0,0,0,0,0,0,0,0,0,0,0,0,0,0,0,0,0,0,0,0,0,0,0,0,0,0,0,0,0,0,0,0,0,0,0,0,0,0,0,0,0,0,0,0,0,0,0,0,0,0,0,0,0,0,0,0,0,0,0,0
AF-Q9NS61-F1-model_v4,ten_percent_graphs/graph_AF-Q9NS61-F1-model_v4.pt,ten_percent_voxels/voxel_AF-Q9NS61-F1-model_v4.pt,Q9NS61,0,0,1,1,0,0,0,0,0,0,0,1,0,0,0,0,0,0,0,0,0,0,0,1,0,0,0,1,0,0,0,0,0,0,0,0,0,0,0,0,0,0,0,0,0,0,0,0,0,0,0,0,1,0,0,0,0,0,0,0,0,0,0,0,0,0,0,1,0,0,0,0,1,0,0,0,0,0,0,0,0,0,0,0,0,0,0,0,0,0,0,0,0,0,0,0,0,0,0,0
AF-O15040-F1-model_v4,ten_percent_graphs/graph_AF-O15040-F1-model_v4.pt,ten_percent_voxels/voxel_AF-O15040-F1-model_v4.pt,O15040,0,0,0,1,0,0,0,0,0,0,0,0,0,0,0,0,0,0,0,0,0,0,0,0,0,0,0,0,0,0,0,0,0,0,0,0,0,0,0,0,0,0,0,0,0,0,0,0,0,0,0,0,0,0,0,0,0,0,0,0,0,0,0,0,0,0,0,0,0,0,0,0,0,0,0,0,0,0,0,0,0,0,0,0,0,0,0,0,0,0,0,0,0,0,0,0,0,0,0,0
AF-Q9NUQ3-F1-model_v4,ten_percent_graphs/graph_AF-Q9NUQ3-F1-model_v4.pt,ten_percent_voxels/voxel_AF-Q9NUQ3-F1-model_v4.pt,Q9NUQ3,0,1,0,0,0,0,0,0,0,0,0,0,0,0,0,0,0,0,0,0,0,0,0,0,0,0,0,0,0,0,0,0,0,0,0,0,0,0,0,0,0,0,0,0,0,0,0,0,0,0,0,0,0,0,0,0,0,0,0,0,0,0,0,0,0,0,0,0,0,0,0,0,0,0,0,0,0,0,0,0,0,0,0,0,0,0,0,0,0,0,0,0,0,0,0,0,0,0,0,0
AF-Q15744-F1-model_v4,ten_percent_graphs/graph_AF-Q15744-F1-model_v4.pt,ten_percent_voxels/voxel_AF-Q15744-F1-model_v4.pt,Q15744,1,0,1,0,1,0,0,0,0,0,0,1,1,0,0,1,0,0,1,0,1,1,0,0,0,0,0,0,0,0,0,0,0,0,0,0,0,1,0,0,0,0,0,0,0,0,0,0,1,0,0,0,1,0,0,0,0,0,0,0,0,0,0,0,0,0,0,0,0,0,0,0,0,0,0,0,0,0,0,0,0,1,0,0,0,0,0,0,0,0,0,0,0,0,0,0,0,0,0,0
AF-Q7Z2Q7-F1-model_v4,ten_percent_graphs/graph_AF-Q7Z2Q7-F1-model_v4.pt,ten_percent_voxels/voxel_AF-Q7Z2Q7-F1-model_v4.pt,Q7Z2Q7,0,0,1,0,0,0,0,0,0,0,0,0,0,0,0,0,0,0,0,0,0,0,0,0,0,0,0,0,0,0,0,0,0,0,0,0,0,0,0,0,0,0,0,0,0,0,0,0,0,0,0,0,0,0,0,0,0,0,0,0,0,0,0,0,0,0,0,0,0,0,0,0,0,0,0,0,0,0,0,0,0,0,0,0,0,0,0,0,0,0,0,0,0,0,0,0,0,0,0,0
AF-Q7Z465-F1-model_v4,ten_percent_graphs/graph_AF-Q7Z465-F1-model_v4.pt,ten_percent_voxels/voxel_AF-Q7Z465-F1-model_v4.pt,Q7Z465,1,1,0,1,0,0,0,0,0,0,0,1,0,0,0,0,0,0,0,0,0,0,0,0,0,0,0,0,0,0,0,0,0,0,0,0,0,0,0,0,0,0,0,0,0,0,0,0,0,0,0,0,0,0,0,1,0,0,0,0,0,0,0,0,0,0,0,0,0,0,1,0,0,0,0,0,0,0,0,0,0,0,0,0,0,0,0,0,0,0,0,0,0,0,0,0,0,0,0,0
AF-H9NIL4-F1-model_v4,ten_percent_graphs/graph_AF-H9NIL4-F1-model_v4.pt,ten_percent_voxels/voxel_AF-H9NIL4-F1-model_v4.pt,H9NIL4,0,0,1,0,0,0,0,0,0,0,0,0,0,0,0,0,0,0,0,0,0,0,0,0,0,0,0,0,0,0,0,0,0,0,0,0,0,0,0,0,0,0,0,0,0,0,0,0,0,0,0,0,0,0,0,0,0,0,1,0,0,0,0,0,0,0,0,0,0,0,0,0,0,0,0,0,0,0,0,0,0,0,0,0,0,0,0,0,0,0,0,0,0,0,0,0,0,0,0,0
AF-Q8TCT6-F1-model_v4,ten_percent_graphs/graph_AF-Q8TCT6-F1-model_v4.pt,ten_percent_voxels/voxel_AF-Q8TCT6-F1-model_v4.pt,Q8TCT6,0,0,1,0,0,1,0,0,0,0,0,0,0,0,0,0,0,1,0,0,0,0,0,0,0,0,1,0,1,0,0,0,0,0,0,0,0,0,0,0,0,0,0,0,0,0,0,0,0,0,0,0,0,0,0,0,0,0,0,0,0,0,0,0,0,0,0,0,0,0,0,0,0,0,0,0,0,0,0,0,0,0,0,0,0,0,0,0,0,0,0,0,0,0,0,0,0,0,0,0
AF-Q5JTD7-F1-model_v4,ten_percent_graphs/graph_AF-Q5JTD7-F1-model_v4.pt,ten_percent_voxels/voxel_AF-Q5JTD7-F1-model_v4.pt,Q5JTD7,0,0,0,0,0,0,0,0,0,0,0,0,0,0,0,0,0,0,0,0,0,0,0,0,0,0,0,0,0,0,0,0,0,0,0,0,0,0,0,0,0,0,0,0,0,0,0,0,0,0,0,0,0,0,0,0,0,0,0,0,0,0,0,0,0,0,0,0,0,0,0,0,0,0,0,0,0,0,0,0,0,0,0,0,0,0,0,0,0,0,0,0,0,0,0,0,0,0,0,0
AF-Q9H0R5-F1-model_v4,ten_percent_graphs/graph_AF-Q9H0R5-F1-model_v4.pt,ten_percent_voxels/voxel_AF-Q9H0R5-F1-model_v4.pt,Q9H0R5,0,1,0,1,0,0,0,0,0,0,0,1,0,0,0,0,0,0,0,0,0,0,0,0,0,0,0,0,1,1,0,0,0,0,0,0,0,0,0,0,1,0,0,0,0,0,0,0,0,0,0,0,0,0,0,0,0,0,0,0,0,0,0,0,0,0,1,0,0,0,0,0,0,0,0,0,0,0,0,0,0,0,0,0,0,0,0,0,0,0,0,1,0,0,0,0,0,0,0,0
AF-B0S7P4-F1-model_v4,ten_percent_graphs/graph_AF-B0S7P4-F1-model_v4.pt,ten_percent_voxels/voxel_AF-B0S7P4-F1-model_v4.pt,B0S7P4,0,0,0,0,1,0,0,0,0,0,1,0,0,0,0,0,0,0,0,0,0,0,0,0,0,0,0,0,0,0,0,0,0,0,0,0,0,0,0,0,0,0,0,0,0,0,0,0,0,0,0,0,0,0,0,0,0,0,0,0,0,0,0,0,0,0,0,0,0,0,0,0,0,0,0,0,0,0,0,0,0,0,0,0,0,0,0,0,0,0,0,0,0,0,0,0,1,0,0,0
AF-Q5VV41-F1-model_v4,ten_percent_graphs/graph_AF-Q5VV41-F1-model_v4.pt,ten_percent_voxels/voxel_AF-Q5VV41-F1-model_v4.pt,Q5VV41,0,1,0,0,0,0,0,0,0,0,0,0,0,0,0,0,0,0,0,0,0,0,0,0,0,0,0,0,0,0,0,0,0,0,0,0,0,0,0,0,0,0,0,0,0,0,0,0,0,0,0,0,0,0,0,0,0,0,0,0,0,0,0,0,0,0,0,0,0,0,0,0,0,0,0,0,0,0,0,1,0,0,0,0,0,1,0,0,0,0,0,0,0,0,0,0,0,0,0,0
AF-Q9NW82-F1-model_v4,ten_percent_graphs/graph_AF-Q9NW82-F1-model_v4.pt,ten_percent_voxels/voxel_AF-Q9NW82-F1-model_v4.pt,Q9NW82,1,0,0,0,1,0,0,0,0,0,0,0,0,0,0,0,0,0,0,0,0,0,0,0,0,0,0,0,0,0,0,0,0,0,0,0,0,0,0,0,0,0,0,0,0,0,0,0,0,0,0,0,0,0,0,0,0,0,0,0,0,0,0,0,0,0,0,0,0,0,0,0,0,0,0,0,0,0,0,0,0,0,0,0,0,0,1,0,0,0,0,0,0,0,0,0,0,0,0,0
AF-A6NDK9-F1-model_v4,ten_percent_graphs/graph_AF-A6NDK9-F1-model_v4.pt,ten_percent_voxels/voxel_AF-A6NDK9-F1-model_v4.pt,A6NDK9,0,0,0,0,0,0,0,0,0,0,0,0,0,0,0,0,0,0,0,0,0,0,0,0,0,0,0,0,0,0,0,0,0,0,0,0,0,0,0,0,0,0,0,0,0,0,0,0,0,0,0,0,0,0,0,0,0,0,0,0,0,0,0,0,0,0,0,0,0,0,0,0,0,0,0,0,0,0,0,0,0,0,0,0,0,0,0,0,0,0,0,0,0,0,0,0,0,0,0,0
AF-P13196-F1-model_v4,ten_percent_graphs/graph_AF-P13196-F1-model_v4.pt,ten_percent_voxels/voxel_AF-P13196-F1-model_v4.pt,P13196,0,1,0,0,1,0,0,0,0,0,1,1,0,0,0,0,0,0,0,0,0,0,0,0,0,0,0,0,0,0,0,0,0,0,0,0,0,0,1,0,0,0,0,0,0,0,0,0,0,0,0,1,0,0,0,0,0,0,0,0,0,0,0,0,0,0,0,0,0,0,0,0,0,0,0,0,0,0,0,0,0,0,0,0,0,0,0,0,0,0,0,0,0,0,0,0,0,0,0,0
AF-Q9NX02-F1-model_v4,ten_percent_graphs/graph_AF-Q9NX02-F1-model_v4.pt,ten_percent_voxels/voxel_AF-Q9NX02-F1-model_v4.pt,Q9NX02,0,1,0,1,0,0,0,0,0,0,0,0,0,0,1,0,0,1,0,0,0,0,0,0,0,0,1,0,0,0,0,0,0,0,0,1,0,0,0,0,0,0,0,0,0,0,0,0,0,0,0,0,0,0,0,0,0,0,0,0,0,0,0,1,0,0,0,0,0,0,1,0,0,0,0,0,0,0,0,0,0,0,0,0,0,0,0,0,0,0,0,0,0,0,0,0,0,0,0,0
AF-A6NKC9-F1-model_v4,ten_percent_graphs/graph_AF-A6NKC9-F1-model_v4.pt,ten_percent_voxels/voxel_AF-A6NKC9-F1-model_v4.pt,A6NKC9,0,0,0,1,0,0,0,0,0,0,0,0,0,0,0,0,0,0,0,0,0,0,0,0,0,0,0,0,0,0,0,0,0,0,0,0,0,0,0,0,0,0,0,0,0,0,0,0,0,0,0,0,0,0,0,0,0,0,0,0,0,0,0,0,0,0,0,0,0,0,0,0,0,0,0,0,0,0,0,0,0,0,0,0,0,0,0,0,0,0,0,0,0,0,0,0,0,0,0,0
AF-Q543A1-F1-model_v4,ten_percent_graphs/graph_AF-Q543A1-F1-model_v4.pt,ten_percent_voxels/voxel_AF-Q543A1-F1-model_v4.pt,Q543A1,0,0,0,0,0,0,0,0,0,0,0,0,0,0,0,0,0,0,0,0,0,0,0,0,0,0,0,0,0,0,0,0,0,0,0,0,0,0,0,0,0,0,0,0,0,0,0,0,0,0,0,0,0,0,0,0,0,0,0,0,0,0,0,0,0,0,0,0,0,0,0,0,0,0,0,0,0,0,1,0,0,0,0,0,0,0,0,0,0,0,0,0,0,0,0,0,0,0,0,0
AF-Q149N8-F1-model_v4,ten_percent_graphs/graph_AF-Q149N8-F1-model_v4.pt,ten_percent_voxels/voxel_AF-Q149N8-F1-model_v4.pt,Q149N8,0,0,0,0,1,0,1,0,0,0,0,0,0,0,1,0,0,0,0,0,0,0,1,0,0,0,0,0,0,0,0,0,0,0,0,0,0,0,0,0,0,0,0,0,0,0,0,1,0,0,0,0,0,0,0,0,0,0,0,0,0,1,0,0,0,0,0,0,0,0,0,0,0,0,0,0,0,0,0,0,0,0,0,1,1,0,0,0,0,0,0,0,0,0,0,0,0,0,0,0
AF-Q8N5V2-F1-model_v4,ten_percent_graphs/graph_AF-Q8N5V2-F1-model_v4.pt,ten_percent_voxels/voxel_AF-Q8N5V2-F1-model_v4.pt,Q8N5V2,0,1,0,0,0,1,0,0,0,0,0,0,0,0,0,0,0,0,0,0,0,0,0,0,0,0,0,0,0,0,0,0,0,1,0,0,0,0,0,0,0,0,0,0,0,0,0,0,0,0,0,0,0,0,0,0,0,0,0,0,0,0,0,0,0,0,0,0,0,0,0,0,0,0,0,1,0,0,0,0,0,0,0,0,0,0,0,0,0,0,0,0,0,0,0,0,0,0,0,0
AF-Q9UP52-F1-model_v4,ten_percent_graphs/graph_AF-Q9UP52-F1-model_v4.pt,ten_percent_voxels/voxel_AF-Q9UP52-F1-model_v4.pt,Q9UP52,0,0,1,0,0,0,0,0,0,0,0,0,0,0,0,0,0,0,0,0,0,1,0,0,0,0,0,0,0,0,0,0,0,0,0,0,0,0,0,0,0,0,1,0,0,0,0,0,0,0,0,0,0,0,0,0,0,0,0,0,0,0,0,0,0,0,0,0,0,0,0,0,0,0,0,0,0,0,0,0,0,0,0,0,0,0,0,0,0,0,0,0,0,0,0,0,0,0,0,0
AF-O94819-F1-model_v4,ten_percent_graphs/graph_AF-O94819-F1-model_v4.pt,ten_percent_voxels/voxel_AF-O94819-F1-model_v4.pt,O94819,0,0,0,0,0,0,0,0,0,0,0,0,0,0,0,0,0,0,0,0,0,0,0,0,0,0,0,0,0,0,0,0,0,0,0,0,0,0,0,0,0,0,0,0,0,0,0,0,0,0,0,0,0,0,0,0,0,0,0,0,0,0,0,0,0,0,0,0,0,0,0,0,0,0,0,0,0,0,0,0,0,0,0,0,0,0,0,0,0,0,0,0,0,0,0,0,0,0,0,0
AF-Q15669-F1-model_v4,ten_percent_graphs/graph_AF-Q15669-F1-model_v4.pt,ten_percent_voxels/voxel_AF-Q15669-F1-model_v4.pt,Q15669,0,0,1,1,0,0,0,0,0,0,0,0,0,0,0,0,0,0,0,0,0,0,0,1,0,0,0,0,0,0,0,0,0,0,0,0,0,0,0,0,0,1,0,0,0,0,0,0,0,0,0,0,0,0,0,0,0,0,0,0,0,0,1,0,0,0,1,0,0,0,0,0,0,0,0,0,0,0,0,1,0,0,0,0,0,0,0,0,0,0,0,1,0,0,0,0,0,0,0,0
AF-Q03989-F1-model_v4,ten_percent_graphs/graph_AF-Q03989-F1-model_v4.pt,ten_percent_voxels/voxel_AF-Q03989-F1-model_v4.pt,Q03989,1,0,0,0,1,0,0,0,0,0,0,1,1,0,0,0,0,0,0,0,0,1,1,0,1,1,0,0,0,0,0,0,0,0,0,1,0,0,0,0,0,0,0,0,0,1,1,0,0,0,0,0,0,0,0,0,0,0,0,0,0,0,0,0,0,0,0,0,0,0,0,0,0,0,0,0,0,1,0,0,0,0,0,0,0,0,0,0,0,0,0,0,0,0,0,0,0,0,0,0
AF-O43918-F1-model_v4,ten_percent_graphs/graph_AF-O43918-F1-model_v4.pt,ten_percent_voxels/voxel_AF-O43918-F1-model_v4.pt,O43918,1,0,0,1,0,0,0,0,0,0,0,1,0,0,0,0,0,0,0,0,0,1,0,0,0,0,0,0,0,0,1,0,0,0,0,0,0,0,0,1,0,1,0,0,0,1,0,0,0,0,0,0,0,1,1,0,0,0,0,0,0,0,0,0,0,0,0,0,0,0,0,1,0,0,0,0,0,0,0,0,0,0,0,0,0,0,0,0,0,0,0,0,0,0,0,0,0,0,0,0
AF-Q86Y33-F1-model_v4,ten_percent_graphs/graph_AF-Q86Y33-F1-model_v4.pt,ten_percent_voxels/voxel_AF-Q86Y33-F1-model_v4.pt,Q86Y33,0,0,0,1,0,0,0,0,0,0,0,0,0,0,0,0,0,0,0,0,0,0,0,0,0,0,0,0,0,0,0,0,0,0,0,0,0,0,0,0,0,0,0,0,0,0,0,0,0,0,0,0,0,0,0,0,0,0,0,0,0,0,0,0,0,0,0,0,0,0,0,0,0,0,0,0,0,0,0,0,0,0,0,0,0,0,0,0,0,0,0,0,0,0,0,0,0,0,0,0
AF-Q6PIU1-F1-model_v4,ten_percent_graphs/graph_AF-Q6PIU1-F1-model_v4.pt,ten_percent_voxels/voxel_AF-Q6PIU1-F1-model_v4.pt,Q6PIU1,0,0,1,0,0,1,0,0,0,0,0,0,0,0,0,0,0,0,0,0,0,0,0,0,0,0,0,0,0,0,0,0,0,0,0,0,0,0,0,0,0,0,0,0,0,0,0,0,0,0,0,0,0,0,0,0,0,0,0,0,0,0,0,0,0,0,0,0,0,0,0,0,0,0,0,0,0,0,0,0,0,0,0,0,0,0,0,0,0,0,0,0,0,0,0,0,0,0,0,0
AF-Q9NYU2-F1-model_v4,ten_percent_graphs/graph_AF-Q9NYU2-F1-model_v4.pt,ten_percent_voxels/voxel_AF-Q9NYU2-F1-model_v4.pt,Q9NYU2,0,0,0,0,0,0,0,0,1,0,0,0,0,0,0,0,1,0,0,0,0,0,0,0,0,0,0,0,0,0,0,0,0,0,1,0,0,0,0,0,0,0,0,0,0,0,0,0,0,0,0,0,0,0,0,0,0,0,0,0,0,0,0,0,0,0,0,0,0,0,0,0,0,0,0,0,0,0,0,0,0,0,0,0,0,0,0,0,0,0,0,0,0,0,0,0,0,0,0,0
AF-B7Z1M9-F1-model_v4,ten_percent_graphs/graph_AF-B7Z1M9-F1-model_v4.pt,ten_percent_voxels/voxel_AF-B7Z1M9-F1-model_v4.pt,B7Z1M9,0,0,0,0,0,0,0,0,0,0,0,0,0,0,0,0,0,0,0,0,0,0,0,0,0,0,0,0,0,0,0,0,0,0,0,0,0,0,0,0,0,0,0,0,0,0,0,0,0,0,0,0,0,0,0,0,0,0,0,0,0,0,0,0,0,0,0,0,0,0,0,0,0,0,0,0,0,0,0,0,0,0,0,0,0,0,0,0,0,0,0,0,0,0,0,0,0,0,0,0
AF-P08047-F1-model_v4,ten_percent_graphs/graph_AF-P08047-F1-model_v4.pt,ten_percent_voxels/voxel_AF-P08047-F1-model_v4.pt,P08047,1,0,0,1,1,0,1,0,0,0,0,1,1,0,0,1,0,0,1,0,1,1,1,0,0,0,0,0,1,0,0,0,0,0,0,0,0,1,0,1,0,1,0,0,0,0,0,0,1,1,0,0,0,1,0,0,0,0,0,0,0,0,0,0,0,0,0,0,0,0,0,0,0,0,0,0,0,1,0,0,0,1,0,0,0,0,0,0,0,0,0,0,0,0,0,0,0,0,0,0
AF-D9YZU7-F1-model_v4,ten_percent_graphs/graph_AF-D9YZU7-F1-model_v4.pt,ten_percent_voxels/voxel_AF-D9YZU7-F1-model_v4.pt,D9YZU7,0,0,0,0,0,0,1,0,0,0,0,0,0,0,0,0,0,0,0,0,0,0,0,0,0,0,0,0,0,0,0,0,0,0,0,0,0,0,0,0,0,0,0,0,0,0,0,0,0,0,0,0,1,0,0,0,0,0,0,0,0,0,0,0,0,0,0,0,0,0,0,0,0,0,0,0,0,0,0,0,0,0,0,0,0,0,0,0,0,0,0,0,0,0,0,0,0,0,0,0
AF-Q9GZT6-F1-model_v4,ten_percent_graphs/graph_AF-Q9GZT6-F1-model_v4.pt,ten_percent_voxels/voxel_AF-Q9GZT6-F1-model_v4.pt,Q9GZT6,0,0,0,0,0,0,0,0,0,0,1,0,0,0,0,0,0,0,0,0,0,0,0,0,0,0,0,0,0,0,0,0,0,0,0,0,0,0,0,0,0,0,0,0,0,0,0,0,0,0,0,0,0,0,0,0,0,0,0,0,0,0,0,0,0,0,0,0,0,0,0,0,0,0,0,0,0,0,0,0,0,0,0,0,0,0,0,0,0,0,0,0,0,0,0,0,0,0,0,0
AF-Q96CM4-F1-model_v4,ten_percent_graphs/graph_AF-Q96CM4-F1-model_v4.pt,ten_percent_voxels/voxel_AF-Q96CM4-F1-model_v4.pt,Q96CM4,0,0,0,0,0,0,0,0,0,0,0,0,0,0,0,0,0,0,0,0,0,0,0,0,0,0,0,0,0,0,0,0,0,0,0,0,0,0,0,0,0,0,0,0,0,0,0,0,0,0,0,0,0,0,0,0,0,0,0,0,0,0,0,0,0,0,0,0,0,0,0,0,0,0,0,0,0,0,0,0,0,0,0,0,0,0,0,0,0,0,0,0,0,0,0,0,0,0,0,0
AF-P0CB47-F1-model_v4,ten_percent_graphs/graph_AF-P0CB47-F1-model_v4.pt,ten_percent_voxels/voxel_AF-P0CB47-F1-model_v4.pt,P0CB47,1,0,0,1,0,0,0,0,0,0,0,0,0,0,0,0,0,0,0,0,0,0,0,0,0,0,0,0,0,0,0,0,0,0,0,0,0,0,0,0,0,0,0,0,0,0,0,0,0,0,0,0,0,0,0,0,0,0,0,0,0,0,0,0,0,0,0,0,0,0,0,0,0,0,0,0,0,0,0,0,0,0,0,0,0,0,0,0,0,0,0,0,0,0,0,0,0,0,0,0
AF-Q8N2Z9-F1-model_v4,ten_percent_graphs/graph_AF-Q8N2Z9-F1-model_v4.pt,ten_percent_voxels/voxel_AF-Q8N2Z9-F1-model_v4.pt,Q8N2Z9,1,1,0,0,1,0,0,0,0,0,0,0,0,0,0,0,0,0,1,0,0,0,1,0,0,0,0,0,0,0,0,0,0,0,0,0,0,0,0,0,0,0,0,0,0,1,0,0,0,0,0,0,0,0,0,0,0,0,0,1,0,1,0,0,0,0,0,0,0,0,0,0,0,0,0,0,0,0,0,0,1,0,0,0,1,0,0,0,0,0,0,0,0,0,0,0,0,0,0,0
AF-Q92826-F1-model_v4,ten_percent_graphs/graph_AF-Q92826-F1-model_v4.pt,ten_percent_voxels/voxel_AF-Q92826-F1-model_v4.pt,Q92826,0,0,0,0,1,0,0,0,0,0,0,0,1,0,0,1,0,0,1,0,1,0,0,0,1,0,0,0,0,0,0,0,0,0,0,0,0,1,0,0,0,0,0,0,0,0,0,0,0,0,0,0,0,0,0,0,0,0,0,0,0,0,0,0,0,0,0,0,0,0,0,0,0,0,0,0,0,1,0,0,0,0,0,0,0,0,0,0,0,0,0,0,1,0,0,0,0,0,0,0
AF-Q9H175-F1-model_v4,ten_percent_graphs/graph_AF-Q9H175-F1-model_v4.pt,ten_percent_voxels/voxel_AF-Q9H175-F1-model_v4.pt,Q9H175,1,0,0,0,0,0,0,0,0,0,0,0,1,0,0,1,0,0,1,0,0,1,0,0,0,0,0,0,0,0,0,0,0,0,0,0,0,0,0,0,0,0,0,0,0,0,0,0,1,1,0,0,0,0,0,0,0,0,0,0,0,0,0,0,0,0,0,0,0,0,1,0,0,0,0,0,0,1,0,0,0,0,0,0,0,0,0,0,0,0,0,0,0,0,0,0,0,0,0,0
AF-Q15485-F1-model_v4,ten_percent_graphs/graph_AF-Q15485-F1-model_v4.pt,ten_percent_voxels/voxel_AF-Q15485-F1-model_v4.pt,Q15485,0,0,0,0,0,0,1,1,1,1,0,0,0,0,0,0,0,0,0,0,0,0,0,0,0,0,0,0,0,0,0,0,0,0,0,0,0,0,0,0,0,0,1,1,1,0,0,0,0,0,0,0,0,0,0,0,0,0,0,0,0,0,0,0,0,0,0,0,0,0,0,0,0,0,0,0,0,0,0,0,0,0,0,0,0,0,0,0,0,0,0,0,0,0,0,0,0,0,0,0
AF-E9PQR5-F1-model_v4,ten_percent_graphs/graph_AF-E9PQR5-F1-model_v4.pt,ten_percent_voxels/voxel_AF-E9PQR5-F1-model_v4.pt,E9PQR5,0,0,0,0,0,0,0,0,0,0,0,0,0,0,0,0,0,0,0,0,0,0,0,0,0,0,0,0,0,0,0,0,0,0,0,0,0,0,0,0,0,0,0,0,0,0,0,0,0,0,0,0,0,0,0,0,0,0,0,0,0,0,0,0,0,0,0,0,0,0,0,0,0,0,0,0,0,0,0,0,0,0,0,0,0,0,0,0,0,0,0,0,0,0,0,0,0,0,0,0
AF-O15381-F1-model_v4,ten_percent_graphs/graph_AF-O15381-F1-model_v4.pt,ten_percent_voxels/voxel_AF-O15381-F1-model_v4.pt,O15381,1,0,0,0,1,1,0,0,0,0,0,0,0,1,1,0,0,0,0,0,0,0,0,0,0,1,0,0,0,0,0,0,0,0,0,0,0,0,0,0,0,0,0,0,0,0,0,0,0,0,0,0,0,0,0,0,0,0,0,0,0,0,0,0,0,0,0,0,0,0,0,0,0,0,1,0,0,0,0,0,0,0,0,0,0,0,0,0,0,0,0,0,0,0,0,0,0,0,0,0
AF-Q5QGS0-F1-model_v4,ten_percent_graphs/graph_AF-Q5QGS0-F1-model_v4.pt,ten_percent_voxels/voxel_AF-Q5QGS0-F1-model_v4.pt,Q5QGS0,1,1,0,0,1,0,0,0,0,0,0,0,0,0,0,0,0,0,0,0,0,0,0,0,0,0,0,0,0,0,0,0,0,0,0,0,0,0,0,0,0,0,0,0,0,0,0,0,0,0,0,0,0,0,0,0,0,0,0,0,0,0,0,0,0,0,0,0,0,0,0,0,0,0,0,1,0,0,0,0,0,0,0,0,0,0,0,0,0,0,0,0,0,0,0,0,0,0,0,0
AF-A6NDH6-F1-model_v4,ten_percent_graphs/graph_AF-A6NDH6-F1-model_v4.pt,ten_percent_voxels/voxel_AF-A6NDH6-F1-model_v4.pt,A6NDH6,0,0,1,0,0,0,0,0,0,0,0,0,0,0,0,0,0,0,0,0,0,0,0,0,0,0,0,0,0,0,0,0,0,0,0,0,0,0,0,0,0,0,0,0,0,0,0,0,0,0,0,0,0,0,0,0,0,0,1,0,0,0,0,0,0,0,0,0,0,0,0,0,0,0,0,0,0,0,0,0,0,0,0,0,0,0,0,0,0,0,0,0,0,0,0,0,0,0,0,0
AF-Q549H9-F1-model_v4,ten_percent_graphs/graph_AF-Q549H9-F1-model_v4.pt,ten_percent_voxels/voxel_AF-Q549H9-F1-model_v4.pt,Q549H9,0,0,0,0,0,0,0,0,0,0,0,0,0,0,0,0,0,0,0,0,0,0,0,0,1,0,0,0,0,0,0,0,0,0,0,0,0,0,0,0,0,0,0,0,0,0,0,0,0,0,0,0,0,0,0,0,0,0,0,0,0,0,0,0,0,0,0,0,0,0,0,0,0,0,0,0,0,0,0,0,0,0,0,0,0,0,0,0,0,0,0,0,0,0,0,0,0,0,0,0
AF-Q13368-F1-model_v4,ten_percent_graphs/graph_AF-Q13368-F1-model_v4.pt,ten_percent_voxels/voxel_AF-Q13368-F1-model_v4.pt,Q13368,0,0,1,0,0,0,0,0,0,0,0,0,0,0,0,0,0,0,0,0,0,0,0,0,0,0,0,0,0,0,0,0,0,0,0,0,0,0,0,0,0,0,0,0,0,0,0,0,0,0,0,0,0,0,0,0,0,0,0,0,0,0,0,0,0,1,0,0,0,0,0,0,0,0,0,0,0,0,0,0,0,0,0,0,0,0,0,0,0,0,0,0,0,0,0,0,0,0,0,0
AF-P07199-F1-model_v4,ten_percent_graphs/graph_AF-P07199-F1-model_v4.pt,ten_percent_voxels/voxel_AF-P07199-F1-model_v4.pt,P07199,1,0,0,0,1,0,0,0,0,0,0,0,0,0,0,0,0,0,0,0,0,0,1,0,0,0,0,0,0,0,0,0,0,0,0,0,0,0,0,0,0,0,0,0,0,1,0,0,0,0,0,0,0,0,0,0,0,0,0,0,0,0,0,0,0,0,0,0,0,0,0,1,0,0,0,0,0,1,0,0,0,0,0,0,0,0,0,0,0,0,0,0,0,0,0,0,0,0,0,0
AF-Q15398-F1-model_v4,ten_percent_graphs/graph_AF-Q15398-F1-model_v4.pt,ten_percent_voxels/voxel_AF-Q15398-F1-model_v4.pt,Q15398,1,1,0,1,0,0,0,0,0,0,0,0,0,0,0,0,0,0,0,0,0,0,0,0,0,0,0,0,0,0,0,0,0,0,0,0,0,0,0,0,0,0,0,0,0,0,0,0,0,0,0,0,0,0,0,0,0,0,0,0,0,0,0,0,0,0,0,0,0,0,0,0,0,0,0,0,0,0,0,0,0,0,0,0,0,0,0,0,0,0,0,0,0,0,0,0,0,0,0,0
AF-Q9H668-F1-model_v4,ten_percent_graphs/graph_AF-Q9H668-F1-model_v4.pt,ten_percent_voxels/voxel_AF-Q9H668-F1-model_v4.pt,Q9H668,1,0,0,0,1,0,0,0,0,0,0,0,0,0,0,0,0,0,0,0,0,0,0,0,0,0,1,0,0,0,0,0,0,0,0,0,0,0,0,0,0,0,0,0,0,0,0,0,0,0,0,0,0,0,0,0,0,0,0,0,0,0,0,0,0,0,0,0,0,0,0,0,0,0,0,0,0,0,0,0,0,0,0,0,0,0,0,0,0,0,0,0,0,0,0,0,0,0,0,0
AF-P55107-F1-model_v4,ten_percent_graphs/graph_AF-P55107-F1-model_v4.pt,ten_percent_voxels/voxel_AF-P55107-F1-model_v4.pt,P55107,0,0,0,0,0,0,0,1,0,0,0,0,0,0,0,0,0,0,0,0,0,0,0,0,0,0,0,0,0,0,0,0,0,0,0,0,0,0,0,0,0,0,0,0,0,0,0,0,0,0,0,0,0,0,0,0,0,0,0,0,0,0,0,0,0,0,0,0,0,0,0,0,0,0,0,0,0,0,0,0,0,0,0,0,0,0,0,0,0,0,0,0,0,0,0,0,0,0,0,0
AF-Q9Y2A4-F1-model_v4,ten_percent_graphs/graph_AF-Q9Y2A4-F1-model_v4.pt,ten_percent_voxels/voxel_AF-Q9Y2A4-F1-model_v4.pt,Q9Y2A4,1,0,0,0,0,0,1,0,0,0,0,0,1,0,0,1,0,0,0,0,0,0,0,0,0,0,0,0,0,0,0,0,0,0,0,0,0,0,0,0,0,0,0,0,0,0,0,0,0,0,0,0,0,1,0,0,0,0,0,0,0,0,0,0,0,0,0,0,0,0,1,0,0,0,0,0,0,0,0,0,0,0,0,0,0,0,0,0,0,0,0,0,0,0,0,0,0,0,0,0
AF-I3L273-F1-model_v4,ten_percent_graphs/graph_AF-I3L273-F1-model_v4.pt,ten_percent_voxels/voxel_AF-I3L273-F1-model_v4.pt,I3L273,0,0,0,0,0,0,0,0,0,0,0,0,0,0,0,0,0,0,0,0,0,0,0,0,0,0,0,0,0,1,0,0,0,0,0,0,0,0,0,0,0,0,0,0,0,0,0,0,0,0,0,0,0,0,0,0,0,0,0,0,0,0,0,0,0,0,0,0,0,0,0,0,0,0,0,0,0,0,0,0,0,0,0,0,0,0,0,0,0,0,0,0,0,0,0,0,0,0,0,0
AF-Q8TCW9-F1-model_v4,ten_percent_graphs/graph_AF-Q8TCW9-F1-model_v4.pt,ten_percent_voxels/voxel_AF-Q8TCW9-F1-model_v4.pt,Q8TCW9,0,0,1,0,0,0,0,0,0,0,0,0,0,0,0,0,0,0,0,0,0,0,0,0,0,0,0,0,0,0,0,0,0,0,0,0,0,0,0,0,0,0,0,0,0,0,0,0,0,0,0,0,0,0,0,0,0,0,0,0,0,0,0,0,0,0,0,0,0,0,0,0,0,1,0,0,0,0,0,0,0,0,0,0,0,0,0,0,0,0,0,0,0,0,0,0,0,0,0,0
AF-Q92575-F1-model_v4,ten_percent_graphs/graph_AF-Q92575-F1-model_v4.pt,ten_percent_voxels/voxel_AF-Q92575-F1-model_v4.pt,Q92575,0,1,0,0,0,0,0,0,0,0,0,0,0,0,0,0,1,0,0,1,0,0,0,0,0,0,0,0,0,0,0,0,0,0,0,0,0,0,0,0,0,0,0,0,0,0,0,0,0,0,0,0,0,0,0,0,0,0,0,0,0,0,0,0,0,0,0,0,0,0,0,0,0,0,0,0,0,0,0,0,0,0,0,0,0,0,0,0,0,0,0,0,0,0,0,0,0,0,0,0
AF-A8MVA2-F1-model_v4,ten_percent_graphs/graph_AF-A8MVA2-F1-model_v4.pt,ten_percent_voxels/voxel_AF-A8MVA2-F1-model_v4.pt,A8MVA2,0,1,0,0,0,0,0,0,0,0,0,0,0,0,0,0,0,0,0,0,0,0,0,0,0,0,0,0,0,0,0,0,0,0,0,0,0,0,0,0,0,0,0,0,0,0,0,0,0,0,0,0,0,0,0,0,0,0,0,0,0,0,0,0,0,0,0,0,0,0,0,0,0,0,0,0,0,0,0,0,0,0,0,0,0,0,0,0,0,0,0,0,0,0,0,0,0,0,0,0
AF-Q5TCM9-F1-model_v4,ten_percent_graphs/graph_AF-Q5TCM9-F1-model_v4.pt,ten_percent_voxels/voxel_AF-Q5TCM9-F1-model_v4.pt,Q5TCM9,0,0,0,0,0,0,0,0,0,0,0,1,0,0,0,0,0,0,0,0,0,0,0,0,0,0,0,0,0,0,0,0,0,0,0,0,0,0,0,0,0,0,0,0,0,0,0,0,0,0,0,0,0,0,0,0,0,0,0,0,0,0,0,0,0,0,0,0,0,0,0,0,0,0,0,0,0,0,0,0,0,0,0,0,0,0,0,0,0,0,0,0,0,0,0,0,0,0,0,0
AF-Q86WS5-F1-model_v4,ten_percent_graphs/graph_AF-Q86WS5-F1-model_v4.pt,ten_percent_voxels/voxel_AF-Q86WS5-F1-model_v4.pt,Q86WS5,0,0,1,0,0,0,0,0,0,0,0,0,0,0,0,0,0,0,0,0,0,0,0,0,0,0,0,0,0,0,0,0,0,0,0,0,0,0,0,0,0,0,0,0,0,0,0,0,0,0,0,0,0,0,0,0,0,0,0,0,0,0,0,0,0,0,0,0,0,0,0,0,0,0,0,0,0,0,0,0,0,0,1,0,0,0,0,0,0,0,0,0,0,0,0,0,0,0,0,0
AF-Q9BQL6-F1-model_v4,ten_percent_graphs/graph_AF-Q9BQL6-F1-model_v4.pt,ten_percent_voxels/voxel_AF-Q9BQL6-F1-model_v4.pt,Q9BQL6,0,1,0,1,0,0,0,0,0,0,0,0,0,0,0,0,0,0,0,0,0,0,0,0,0,0,0,0,0,0,0,0,0,0,0,0,0,0,0,0,0,0,0,0,0,0,0,0,0,0,1,0,0,0,0,0,0,1,0,0,1,0,0,0,0,0,0,0,0,0,0,0,0,0,0,0,0,0,0,0,0,0,0,0,0,0,0,0,0,0,0,0,0,0,0,0,0,1,0,0
AF-O94826-F1-model_v4,ten_percent_graphs/graph_AF-O94826-F1-model_v4.pt,ten_percent_voxels/voxel_AF-O94826-F1-model_v4.pt,O94826,0,0,0,0,0,1,0,0,1,0,1,0,0,0,0,0,0,0,0,0,0,0,0,0,0,0,0,0,0,0,0,0,0,0,0,0,0,0,0,0,0,0,0,0,0,0,0,0,0,0,0,0,0,0,0,0,0,0,0,0,0,0,0,0,0,0,0,0,0,0,0,0,0,0,0,0,0,0,0,0,0,0,0,0,0,0,0,0,0,0,0,0,0,0,0,0,0,0,0,0
AF-Q8N961-F1-model_v4,ten_percent_graphs/graph_AF-Q8N961-F1-model_v4.pt,ten_percent_voxels/voxel_AF-Q8N961-F1-model_v4.pt,Q8N961,0,0,0,0,0,0,0,0,0,0,0,0,0,0,0,0,0,0,0,0,0,0,0,0,0,0,0,0,0,0,0,0,0,0,0,0,0,0,0,0,0,0,0,0,0,0,0,0,0,0,0,0,0,0,0,0,0,0,0,0,0,0,0,0,0,0,0,0,0,0,0,0,0,0,0,0,0,0,0,0,1,0,0,0,0,0,0,0,0,0,0,0,0,0,0,0,0,0,0,0
AF-P05120-F1-model_v4,ten_percent_graphs/graph_AF-P05120-F1-model_v4.pt,ten_percent_voxels/voxel_AF-P05120-F1-model_v4.pt,P05120,0,0,1,1,0,0,0,1,0,1,0,0,0,0,0,0,0,0,0,0,0,0,0,0,0,0,0,0,0,0,0,0,0,0,0,0,0,0,0,0,0,0,0,0,0,0,0,0,0,0,0,0,0,0,0,0,1,0,0,0,0,0,0,0,0,0,0,0,0,0,0,0,0,0,0,0,0,0,0,0,0,0,0,0,0,0,0,0,0,0,0,0,0,0,0,0,0,0,0,0
AF-Q969P0-F1-model_v4,ten_percent_graphs/graph_AF-Q969P0-F1-model_v4.pt,ten_percent_voxels/voxel_AF-Q969P0-F1-model_v4.pt,Q969P0,0,0,1,0,0,1,0,0,1,0,0,0,0,0,0,0,0,0,0,0,0,0,0,0,0,0,1,0,0,0,0,0,0,0,0,0,0,0,0,0,0,0,0,0,0,0,0,0,0,0,0,0,0,0,0,0,0,0,0,0,0,0,0,0,0,0,0,0,0,0,0,0,0,0,0,1,0,0,0,0,0,0,0,0,0,0,0,0,0,0,0,0,0,0,0,0,0,0,0,0
AF-Q99958-F1-model_v4,ten_percent_graphs/graph_AF-Q99958-F1-model_v4.pt,ten_percent_voxels/voxel_AF-Q99958-F1-model_v4.pt,Q99958,1,0,0,0,1,0,0,0,0,0,0,1,1,0,0,1,0,0,1,0,1,1,0,0,1,0,0,0,0,0,0,0,0,1,0,0,0,1,0,1,0,0,0,0,0,0,0,0,1,0,0,0,0,1,0,0,0,0,0,0,0,0,0,0,0,0,0,0,0,0,0,1,0,0,0,0,0,1,0,0,0,0,0,0,0,0,0,0,0,0,0,0,0,0,0,0,0,0,0,0
AF-O60583-F1-model_v4,ten_percent_graphs/graph_AF-O60583-F1-model_v4.pt,ten_percent_voxels/voxel_AF-O60583-F1-model_v4.pt,O60583,1,1,1,0,1,0,0,0,0,0,0,0,0,0,0,0,0,0,0,0,0,1,0,0,0,0,0,0,0,0,0,0,0,0,0,0,0,0,0,0,1,0,0,0,0,1,0,0,0,0,0,0,0,0,0,0,0,0,0,1,0,0,1,0,0,0,0,0,0,0,0,0,0,0,0,0,0,0,0,0,0,0,0,0,0,0,0,0,0,0,0,0,0,0,0,0,0,0,0,0
AF-Q7L7V1-F1-model_v4,ten_percent_graphs/graph_AF-Q7L7V1-F1-model_v4.pt,ten_percent_voxels/voxel_AF-Q7L7V1-F1-model_v4.pt,Q7L7V1,0,0,0,0,0,0,0,0,0,0,1,0,0,1,1,0,0,0,0,0,0,0,0,0,0,0,0,0,0,0,0,0,0,0,0,0,0,0,0,0,0,0,0,0,0,0,0,0,0,0,0,0,0,0,0,0,0,0,0,0,0,0,0,0,0,0,0,0,0,0,0,0,0,0,1,0,0,0,0,0,0,0,0,0,0,0,0,0,0,0,0,0,0,0,0,0,0,0,0,0
AF-P08833-F1-model_v4,ten_percent_graphs/graph_AF-P08833-F1-model_v4.pt,ten_percent_voxels/voxel_AF-P08833-F1-model_v4.pt,P08833,0,0,0,0,0,0,0,1,0,1,0,0,0,0,0,0,0,1,0,0,0,0,0,1,0,0,0,0,0,0,0,0,0,0,0,0,0,0,0,0,0,0,0,1,0,0,0,0,0,0,0,0,0,0,0,0,0,0,0,0,0,0,0,0,0,0,0,0,0,0,0,0,0,0,0,0,0,0,0,0,0,0,0,0,0,0,0,0,0,0,0,0,0,0,0,0,0,0,0,0
AF-Q8N608-F1-model_v4,ten_percent_graphs/graph_AF-Q8N608-F1-model_v4.pt,ten_percent_voxels/voxel_AF-Q8N608-F1-model_v4.pt,Q8N608,0,0,1,0,0,1,0,0,0,0,0,0,0,0,0,0,0,0,0,0,0,0,0,0,0,0,0,0,0,0,0,0,0,0,0,0,0,0,0,0,0,0,0,0,1,0,0,0,0,0,0,0,0,0,0,0,0,0,0,0,0,0,0,0,0,0,0,0,0,0,0,0,0,0,0,0,0,0,0,0,0,0,0,0,0,0,0,0,0,0,0,0,0,0,0,0,0,0,0,0
AF-O15357-F1-model_v4,ten_percent_graphs/graph_AF-O15357-F1-model_v4.pt,ten_percent_voxels/voxel_AF-O15357-F1-model_v4.pt,O15357,1,1,0,0,0,0,0,0,0,0,0,0,0,0,0,0,0,1,0,0,0,0,0,0,0,0,0,0,0,0,0,0,0,0,0,0,0,0,0,0,0,0,0,0,0,0,0,0,0,0,1,0,0,0,0,1,0,0,0,0,0,0,0,0,0,0,0,0,0,1,1,0,0,0,0,0,0,0,0,0,0,0,0,0,0,0,0,0,0,0,0,0,0,0,0,0,0,1,0,0
AF-P20853-F1-model_v4,ten_percent_graphs/graph_AF-P20853-F1-model_v4.pt,ten_percent_voxels/voxel_AF-P20853-F1-model_v4.pt,P20853,0,0,0,1,0,0,0,0,0,0,0,0,0,0,0,0,0,0,0,1,0,0,0,0,0,0,1,0,0,0,0,0,0,0,0,0,0,0,0,0,0,0,0,0,0,0,0,0,0,0,0,0,0,0,0,0,0,0,0,0,0,0,0,0,0,0,0,0,0,0,0,0,0,0,0,0,0,0,0,0,0,0,0,0,0,0,0,0,0,0,0,0,0,0,0,0,0,0,0,0
AF-Q9GZY0-F1-model_v4,ten_percent_graphs/graph_AF-Q9GZY0-F1-model_v4.pt,ten_percent_voxels/voxel_AF-Q9GZY0-F1-model_v4.pt,Q9GZY0,1,1,0,1,1,0,0,0,0,0,0,0,0,1,0,0,0,0,0,0,0,0,0,0,0,0,0,0,0,0,0,0,0,0,0,0,0,0,0,0,0,0,0,0,0,0,0,0,0,0,0,0,0,0,0,0,0,0,0,0,0,0,0,0,0,0,0,0,0,0,0,0,0,0,0,0,0,0,0,0,0,0,0,0,0,0,0,0,0,0,0,0,0,0,0,0,0,0,0,0
AF-Q9GZY0-F1-model_v4,ten_percent_graphs/graph_AF-Q9GZY0-F1-model_v4.pt,ten_percent_voxels/voxel_AF-Q9GZY0-F1-model_v4.pt,Q9GZY0,1,1,0,1,1,0,0,0,0,0,0,0,0,1,0,0,0,0,0,0,0,0,0,0,0,0,0,0,0,0,0,0,0,0,0,0,0,0,0,0,0,0,0,0,0,0,0,0,0,0,0,0,0,0,0,0,0,0,0,0,0,0,0,0,0,0,0,0,0,0,0,0,0,0,0,0,0,0,0,0,0,0,0,0,0,0,0,0,0,0,0,0,0,0,0,0,0,0,0,0
AF-Q8IUC0-F1-model_v4,ten_percent_graphs/graph_AF-Q8IUC0-F1-model_v4.pt,ten_percent_voxels/voxel_AF-Q8IUC0-F1-model_v4.pt,Q8IUC0,0,1,0,0,0,0,0,0,0,0,0,0,0,0,0,0,0,0,0,0,0,0,0,0,0,0,0,0,0,0,0,0,0,0,0,0,0,0,0,0,0,0,0,0,0,0,0,0,0,0,0,0,0,0,0,0,0,0,0,0,0,0,0,0,0,0,0,0,0,0,0,0,0,0,0,0,0,0,0,0,0,0,0,0,0,0,0,0,0,0,0,0,0,0,0,0,0,0,0,0
AF-P43362-F1-model_v4,ten_percent_graphs/graph_AF-P43362-F1-model_v4.pt,ten_percent_voxels/voxel_AF-P43362-F1-model_v4.pt,P43362,1,0,0,0,0,0,0,0,0,0,0,0,0,0,0,0,0,0,0,0,0,0,0,0,1,0,0,0,0,0,0,0,0,0,0,0,0,0,0,0,0,0,0,0,0,0,0,0,0,0,0,0,0,0,0,0,0,0,0,0,0,0,0,0,0,0,0,0,0,0,0,0,0,0,0,0,0,0,0,0,0,0,0,0,0,0,0,0,0,0,0,0,0,0,0,0,0,0,0,0
AF-P43362-F1-model_v4,ten_percent_graphs/graph_AF-P43362-F1-model_v4.pt,ten_percent_voxels/voxel_AF-P43362-F1-model_v4.pt,P43362,1,0,0,0,0,0,0,0,0,0,0,0,0,0,0,0,0,0,0,0,0,0,0,0,1,0,0,0,0,0,0,0,0,0,0,0,0,0,0,0,0,0,0,0,0,0,0,0,0,0,0,0,0,0,0,0,0,0,0,0,0,0,0,0,0,0,0,0,0,0,0,0,0,0,0,0,0,0,0,0,0,0,0,0,0,0,0,0,0,0,0,0,0,0,0,0,0,0,0,0
AF-Q96FB5-F1-model_v4,ten_percent_graphs/graph_AF-Q96FB5-F1-model_v4.pt,ten_percent_voxels/voxel_AF-Q96FB5-F1-model_v4.pt,Q96FB5,0,0,0,0,0,1,0,0,0,0,0,0,0,0,0,0,0,0,0,0,0,0,0,0,0,0,0,0,0,0,0,0,0,0,0,0,0,0,0,0,0,0,0,0,0,0,0,0,0,0,0,0,0,0,0,0,0,0,0,0,0,0,0,0,0,0,0,0,0,0,0,0,0,0,0,0,0,0,0,0,0,0,0,0,0,0,0,0,0,0,0,0,0,0,0,0,0,0,0,0
AF-O43927-F1-model_v4,ten_percent_graphs/graph_AF-O43927-F1-model_v4.pt,ten_percent_voxels/voxel_AF-O43927-F1-model_v4.pt,O43927,0,0,0,0,0,0,0,1,0,1,0,0,0,0,0,0,0,0,0,0,0,0,0,0,0,0,0,0,0,0,0,0,0,0,0,0,0,0,0,0,0,0,0,0,0,0,0,0,0,0,0,0,0,0,1,0,0,0,0,0,0,0,0,1,0,0,0,0,0,0,0,0,0,0,0,0,0,0,0,0,0,0,0,0,0,0,0,0,0,0,0,0,0,0,0,0,0,0,0,0
AF-O60806-F1-model_v4,ten_percent_graphs/graph_AF-O60806-F1-model_v4.pt,ten_percent_voxels/voxel_AF-O60806-F1-model_v4.pt,O60806,1,0,0,0,0,0,0,0,0,0,0,0,1,0,0,1,0,0,1,0,1,0,0,0,0,0,0,0,0,0,0,0,0,0,0,0,0,1,0,0,0,0,0,0,0,0,0,0,1,0,0,0,0,0,0,0,0,0,0,0,0,0,0,0,0,0,0,0,0,0,0,0,0,0,0,0,0,0,0,0,0,0,0,0,0,0,0,0,0,0,0,0,0,0,0,0,0,0,0,0
AF-Q92819-F1-model_v4,ten_percent_graphs/graph_AF-Q92819-F1-model_v4.pt,ten_percent_voxels/voxel_AF-Q92819-F1-model_v4.pt,Q92819,0,0,1,0,0,0,0,0,0,0,0,1,0,0,0,0,0,1,0,1,0,0,0,0,0,0,0,0,0,1,0,0,0,0,0,0,0,0,0,0,0,0,0,0,0,0,0,0,0,0,0,0,0,0,0,0,0,0,0,0,0,0,0,0,1,0,0,0,0,0,0,0,0,0,0,0,0,0,0,0,0,0,0,0,0,0,0,0,0,0,1,0,0,0,0,0,0,0,0,0
AF-A6XGL0-F1-model_v4,ten_percent_graphs/graph_AF-A6XGL0-F1-model_v4.pt,ten_percent_voxels/voxel_AF-A6XGL0-F1-model_v4.pt,A6XGL0,0,0,0,0,0,0,0,0,0,0,0,0,0,0,0,0,0,0,0,0,0,0,0,0,0,0,0,0,0,0,0,0,0,0,0,0,0,0,0,0,0,0,0,0,0,0,0,0,0,0,0,0,0,0,0,0,0,0,0,0,0,0,0,0,0,0,0,0,0,0,0,0,0,0,0,0,0,0,0,0,0,0,0,0,0,0,0,0,0,0,0,0,0,0,0,0,0,0,0,0
AF-Q9UBK8-F1-model_v4,ten_percent_graphs/graph_AF-Q9UBK8-F1-model_v4.pt,ten_percent_voxels/voxel_AF-Q9UBK8-F1-model_v4.pt,Q9UBK8,0,1,0,0,1,0,0,0,0,0,0,0,0,0,0,0,0,0,0,0,0,0,0,0,0,0,0,0,0,0,0,0,0,0,0,0,0,0,0,0,0,0,0,0,0,0,0,0,0,0,0,0,0,0,0,0,0,0,0,0,0,0,0,0,0,0,0,0,0,0,0,0,0,0,0,0,0,0,0,0,0,0,0,0,0,0,0,0,0,0,0,0,0,0,0,0,0,0,0,0
AF-P51685-F1-model_v4,ten_percent_graphs/graph_AF-P51685-F1-model_v4.pt,ten_percent_voxels/voxel_AF-P51685-F1-model_v4.pt,P51685,0,0,1,0,0,0,0,0,0,0,0,0,0,0,0,0,0,0,0,0,0,0,0,0,0,0,0,0,0,0,0,0,0,0,0,0,0,0,0,0,0,0,1,0,0,0,0,0,0,0,1,0,0,0,1,0,0,0,0,0,0,0,0,0,0,0,0,0,0,0,0,0,0,1,0,0,0,0,0,0,0,0,0,0,0,0,0,0,0,0,0,0,0,0,0,0,0,0,0,0
AF-Q9NYX4-F1-model_v4,ten_percent_graphs/graph_AF-Q9NYX4-F1-model_v4.pt,ten_percent_voxels/voxel_AF-Q9NYX4-F1-model_v4.pt,Q9NYX4,0,0,1,0,0,1,0,0,0,0,0,0,0,0,0,0,0,0,0,0,0,0,0,0,0,0,0,0,0,0,0,1,0,0,0,0,0,0,0,0,0,0,0,0,0,0,0,0,0,0,0,0,1,0,0,0,0,0,0,0,0,0,0,0,0,0,0,0,0,0,0,0,0,0,0,0,0,0,0,0,0,0,0,0,0,0,0,0,0,0,0,0,0,0,0,0,0,0,0,0
AF-A7E2S9-F1-model_v4,ten_percent_graphs/graph_AF-A7E2S9-F1-model_v4.pt,ten_percent_voxels/voxel_AF-A7E2S9-F1-model_v4.pt,A7E2S9,0,0,0,0,0,0,0,0,0,0,0,0,0,0,0,0,0,0,0,0,0,0,0,0,0,0,0,0,0,0,0,0,0,0,0,0,0,0,0,0,0,0,0,0,0,0,0,0,0,0,0,0,0,0,0,0,0,0,0,0,0,0,0,0,0,0,0,0,0,0,0,0,0,0,0,0,0,0,0,0,0,0,0,0,0,0,0,0,0,0,0,0,0,0,0,0,0,0,0,0
AF-O60248-F1-model_v4,ten_percent_graphs/graph_AF-O60248-F1-model_v4.pt,ten_percent_voxels/voxel_AF-O60248-F1-model_v4.pt,O60248,1,0,0,1,0,0,0,0,0,0,0,0,1,0,0,1,0,0,1,0,1,1,1,0,1,0,0,0,0,0,0,0,0,1,0,0,0,0,0,0,0,1,0,0,0,1,0,0,1,1,0,0,0,0,0,0,0,0,0,0,0,0,0,0,0,0,0,0,0,0,0,0,0,0,0,0,0,0,0,0,0,0,0,0,0,0,0,0,1,0,0,0,0,0,0,0,0,0,0,0
AF-P24390-F1-model_v4,ten_percent_graphs/graph_AF-P24390-F1-model_v4.pt,ten_percent_voxels/voxel_AF-P24390-F1-model_v4.pt,P24390,0,0,0,0,0,0,0,0,0,0,0,0,0,0,0,0,1,0,0,1,0,0,0,0,0,0,0,0,0,1,0,0,0,0,0,0,0,0,0,0,0,0,0,0,0,0,0,0,0,0,0,0,0,0,0,0,0,0,0,0,0,0,0,0,0,0,0,0,0,0,0,0,0,0,0,0,0,0,0,0,0,0,0,0,0,0,0,0,0,0,0,0,0,0,0,0,0,0,0,0
AF-P80192-F1-model_v4,ten_percent_graphs/graph_AF-P80192-F1-model_v4.pt,ten_percent_voxels/voxel_AF-P80192-F1-model_v4.pt,P80192,0,0,0,1,0,0,0,0,0,0,0,0,0,0,1,0,0,0,0,0,0,0,0,1,0,0,0,0,1,0,0,0,0,0,0,0,0,0,0,0,0,0,0,0,0,0,0,0,0,0,0,0,0,0,0,0,0,0,0,0,0,0,0,0,0,0,0,0,0,0,1,0,0,0,0,0,0,0,0,0,0,0,0,0,0,0,0,0,0,0,0,0,0,0,0,0,0,0,1,0
AF-P51828-F1-model_v4,ten_percent_graphs/graph_AF-P51828-F1-model_v4.pt,ten_percent_voxels/voxel_AF-P51828-F1-model_v4.pt,P51828,0,0,1,0,0,1,1,0,0,0,0,0,0,0,1,0,0,0,0,0,0,0,0,0,0,0,0,0,0,0,0,0,0,0,0,0,0,0,0,0,0,0,0,0,0,0,0,0,0,0,0,0,0,0,0,0,0,0,0,0,0,0,0,0,0,0,0,0,1,0,0,0,0,0,0,0,0,0,0,0,0,0,0,0,0,0,0,0,0,0,0,0,0,0,0,0,0,0,0,0
AF-Q9NXT0-F1-model_v4,ten_percent_graphs/graph_AF-Q9NXT0-F1-model_v4.pt,ten_percent_voxels/voxel_AF-Q9NXT0-F1-model_v4.pt,Q9NXT0,1,0,0,0,0,0,1,0,0,0,0,0,1,0,0,1,0,0,0,0,1,0,0,0,0,0,0,0,0,0,0,0,0,0,0,0,0,0,0,0,0,0,0,0,0,0,0,0,0,0,0,0,0,0,0,0,0,0,0,0,0,0,0,0,0,0,0,0,0,0,0,0,0,0,0,0,0,0,0,0,0,0,0,0,0,0,0,0,0,0,0,0,0,0,0,0,0,0,0,0
AF-P17706-F1-model_v4,ten_percent_graphs/graph_AF-P17706-F1-model_v4.pt,ten_percent_voxels/voxel_AF-P17706-F1-model_v4.pt,P17706,1,1,1,1,1,0,0,0,0,0,0,0,0,0,0,0,1,0,0,0,0,0,0,0,1,0,0,0,0,0,0,0,0,0,0,0,0,0,0,0,0,0,0,0,0,0,0,0,0,0,0,0,0,0,0,1,0,0,0,0,0,0,1,0,0,0,0,0,0,0,0,0,0,0,0,0,0,0,0,0,0,0,0,0,0,0,0,0,0,0,0,0,0,0,0,0,0,0,0,0
AF-Q8WY22-F1-model_v4,ten_percent_graphs/graph_AF-Q8WY22-F1-model_v4.pt,ten_percent_voxels/voxel_AF-Q8WY22-F1-model_v4.pt,Q8WY22,0,0,0,0,0,0,0,0,0,0,1,0,0,0,0,0,0,0,0,0,0,0,0,0,0,0,0,0,0,0,0,0,0,0,0,0,0,0,0,0,0,0,0,0,0,0,0,0,0,0,0,0,0,0,0,0,0,0,0,0,0,0,0,0,0,0,0,0,0,0,0,0,0,0,0,0,0,0,0,0,0,0,0,0,0,0,0,0,0,0,0,0,0,0,0,0,0,0,0,0
AF-O43763-F1-model_v4,ten_percent_graphs/graph_AF-O43763-F1-model_v4.pt,ten_percent_voxels/voxel_AF-O43763-F1-model_v4.pt,O43763,1,0,0,1,0,0,0,0,0,0,0,0,1,0,0,1,0,0,1,0,1,1,0,0,0,0,0,0,0,0,0,0,0,0,0,0,0,1,0,0,0,0,0,0,0,0,0,0,1,0,0,0,0,0,0,0,0,0,0,0,0,0,0,0,0,0,0,0,0,0,0,0,0,0,0,0,0,1,0,0,0,0,0,0,0,0,0,0,0,0,0,0,0,0,0,0,0,0,0,0
AF-G5EA30-F1-model_v4,ten_percent_graphs/graph_AF-G5EA30-F1-model_v4.pt,ten_percent_voxels/voxel_AF-G5EA30-F1-model_v4.pt,G5EA30,0,0,0,1,1,0,0,0,0,0,0,0,0,0,0,0,0,0,0,0,0,0,0,0,0,0,0,0,0,0,0,0,0,0,0,0,0,0,0,0,0,0,0,0,0,0,0,0,0,0,0,0,0,0,0,0,0,0,0,0,0,0,0,0,0,0,0,0,0,0,0,0,0,0,0,0,0,0,0,0,0,0,0,0,0,0,0,0,0,0,0,0,0,0,0,0,0,0,0,0
AF-B0YJ76-F1-model_v4,ten_percent_graphs/graph_AF-B0YJ76-F1-model_v4.pt,ten_percent_voxels/voxel_AF-B0YJ76-F1-model_v4.pt,B0YJ76,0,0,0,0,0,0,0,0,0,0,1,0,0,0,0,0,0,0,0,0,0,0,0,0,0,0,0,0,0,0,0,0,0,0,0,0,0,0,0,0,0,0,0,0,0,0,0,0,0,0,0,0,0,0,0,0,0,0,0,0,0,0,0,0,0,0,0,0,0,0,0,0,0,0,0,0,0,0,0,0,0,0,0,0,0,0,0,0,0,0,0,0,0,0,0,0,0,0,0,0
AF-A2RUB6-F1-model_v4,ten_percent_graphs/graph_AF-A2RUB6-F1-model_v4.pt,ten_percent_voxels/voxel_AF-A2RUB6-F1-model_v4.pt,A2RUB6,0,1,0,0,0,0,0,0,0,0,0,0,0,0,0,0,0,0,0,0,0,0,0,0,0,0,0,0,1,0,0,0,0,0,0,0,1,0,0,0,0,0,0,0,0,0,0,0,0,0,0,0,0,0,0,0,0,0,0,0,0,0,0,0,0,0,0,0,0,0,0,0,0,0,0,0,0,0,0,0,0,0,0,0,0,0,0,0,0,0,0,0,0,1,1,0,0,0,0,0
AF-Q17RY0-F1-model_v4,ten_percent_graphs/graph_AF-Q17RY0-F1-model_v4.pt,ten_percent_voxels/voxel_AF-Q17RY0-F1-model_v4.pt,Q17RY0,1,0,0,1,0,0,1,0,0,0,0,0,0,1,0,0,1,0,0,0,0,0,0,0,0,0,0,0,0,0,0,0,0,0,0,0,0,0,0,0,1,0,0,0,0,0,0,0,0,0,0,0,0,0,0,0,0,0,0,0,0,0,0,0,0,0,0,1,0,0,0,0,1,0,0,0,1,0,0,0,0,0,0,0,0,0,0,0,0,0,0,0,0,0,0,0,0,0,0,0
AF-Q71UM5-F1-model_v4,ten_percent_graphs/graph_AF-Q71UM5-F1-model_v4.pt,ten_percent_voxels/voxel_AF-Q71UM5-F1-model_v4.pt,Q71UM5,1,0,0,0,0,0,1,0,0,0,0,0,0,1,0,0,0,0,0,0,0,0,0,0,0,0,0,0,0,0,0,0,0,0,0,0,0,0,0,0,0,0,0,0,0,0,0,0,0,0,0,0,0,0,0,0,0,0,0,0,0,0,0,0,0,0,0,0,0,0,0,0,0,0,0,0,0,0,0,0,0,0,0,0,0,0,0,0,0,0,0,0,0,0,0,0,0,0,0,0
AF-V9HW50-F1-model_v4,ten_percent_graphs/graph_AF-V9HW50-F1-model_v4.pt,ten_percent_voxels/voxel_AF-V9HW50-F1-model_v4.pt,V9HW50,0,1,1,0,1,0,0,0,0,0,0,0,0,0,0,0,0,0,0,0,0,0,0,0,0,0,0,0,0,0,1,0,0,0,0,0,0,0,0,0,0,0,0,0,0,0,0,0,0,0,0,0,0,0,0,0,0,0,0,0,0,0,0,0,0,0,0,0,0,0,0,0,0,0,0,0,0,0,0,0,0,0,0,0,0,0,0,0,0,0,0,0,0,0,0,0,0,0,0,0
AF-Q4V328-F1-model_v4,ten_percent_graphs/graph_AF-Q4V328-F1-model_v4.pt,ten_percent_voxels/voxel_AF-Q4V328-F1-model_v4.pt,Q4V328,0,1,0,0,1,0,0,0,0,0,0,1,0,0,0,0,0,0,0,0,0,0,0,0,0,0,1,0,0,0,0,1,0,0,0,0,0,0,0,0,0,0,0,0,0,0,0,0,0,0,0,0,0,0,0,0,0,0,0,0,0,0,0,0,0,0,0,1,0,0,0,0,0,0,0,0,0,0,0,0,0,0,0,0,0,0,0,1,0,0,0,0,0,0,0,1,0,0,0,0
AF-Q8IYI8-F1-model_v4,ten_percent_graphs/graph_AF-Q8IYI8-F1-model_v4.pt,ten_percent_voxels/voxel_AF-Q8IYI8-F1-model_v4.pt,Q8IYI8,1,0,0,0,0,0,1,0,0,0,0,0,1,0,0,1,0,0,0,0,0,0,0,0,0,0,0,0,0,0,0,0,0,0,0,0,0,0,0,0,0,0,0,0,0,0,0,0,0,0,0,0,0,1,0,0,0,0,0,0,0,0,0,0,0,0,0,0,0,0,0,0,0,0,0,0,0,0,0,0,0,0,0,0,0,0,0,0,0,0,0,0,0,0,0,0,0,0,0,0
AF-P17024-F1-model_v4,ten_percent_graphs/graph_AF-P17024-F1-model_v4.pt,ten_percent_voxels/voxel_AF-P17024-F1-model_v4.pt,P17024,1,0,0,0,0,0,1,0,0,0,0,0,1,0,0,1,0,0,0,0,0,0,0,0,0,0,0,0,0,0,0,0,0,0,0,0,0,0,0,0,0,0,0,0,0,0,0,0,0,0,0,0,0,1,0,0,0,0,0,0,0,0,0,0,0,0,0,0,0,0,0,0,0,0,0,0,0,0,0,0,0,0,0,0,0,0,0,0,0,0,0,0,0,0,0,0,0,0,0,0
AF-Q9UNA0-F1-model_v4,ten_percent_graphs/graph_AF-Q9UNA0-F1-model_v4.pt,ten_percent_voxels/voxel_AF-Q9UNA0-F1-model_v4.pt,Q9UNA0,0,0,0,0,0,0,0,1,0,1,0,1,0,0,0,0,0,0,0,0,0,0,0,0,0,0,0,0,0,0,1,0,0,0,0,0,0,0,0,0,0,0,0,0,1,0,0,0,0,0,0,0,0,0,0,0,0,0,0,0,0,0,0,0,0,0,0,0,0,0,0,0,0,0,0,0,0,0,0,0,0,0,0,0,0,0,0,0,0,0,0,0,0,0,0,0,0,0,0,0
AF-Q53ZR5-F1-model_v4,ten_percent_graphs/graph_AF-Q53ZR5-F1-model_v4.pt,ten_percent_voxels/voxel_AF-Q53ZR5-F1-model_v4.pt,Q53ZR5,1,1,1,0,0,0,0,0,0,0,0,0,0,0,0,0,0,0,0,0,0,0,0,0,0,0,0,0,0,0,0,0,0,0,0,0,0,0,0,0,0,0,0,0,0,0,0,0,0,0,0,0,0,0,0,0,1,0,0,0,0,0,0,1,1,0,0,0,0,0,0,0,0,0,0,0,0,0,0,0,0,0,0,0,0,0,0,0,1,0,0,0,0,0,0,0,0,0,0,0
AF-O43566-F1-model_v4,ten_percent_graphs/graph_AF-O43566-F1-model_v4.pt,ten_percent_voxels/voxel_AF-O43566-F1-model_v4.pt,O43566,1,0,1,1,0,0,0,0,0,0,0,0,0,0,0,0,0,0,0,0,0,0,0,0,0,0,0,0,0,0,0,1,0,0,0,0,1,0,0,0,0,0,0,0,0,0,0,0,0,0,0,0,0,0,0,0,0,0,0,1,0,0,1,0,0,0,0,1,0,0,0,1,0,1,0,0,0,0,0,0,0,0,0,0,0,0,0,0,0,1,0,1,0,0,0,0,0,0,0,0
AF-Q9HCI7-F1-model_v4,ten_percent_graphs/graph_AF-Q9HCI7-F1-model_v4.pt,ten_percent_voxels/voxel_AF-Q9HCI7-F1-model_v4.pt,Q9HCI7,1,0,0,0,1,0,1,0,0,0,0,0,0,0,0,0,0,0,1,0,0,0,0,0,0,0,0,0,0,0,0,0,0,0,0,0,0,0,0,1,0,0,0,0,0,0,0,1,0,0,0,0,0,0,0,0,0,0,0,0,0,1,0,0,0,0,0,0,0,0,0,0,0,0,0,0,0,0,0,0,0,0,0,1,0,0,0,0,0,0,0,0,0,0,0,0,0,0,0,0
AF-Q9NV79-F1-model_v4,ten_percent_graphs/graph_AF-Q9NV79-F1-model_v4.pt,ten_percent_voxels/voxel_AF-Q9NV79-F1-model_v4.pt,Q9NV79,0,0,0,1,0,0,0,0,0,0,0,0,0,0,0,0,0,0,0,0,0,0,0,0,0,0,0,0,0,0,0,0,0,0,0,0,0,0,0,0,0,0,0,0,0,0,0,0,0,0,0,0,0,0,0,0,0,0,0,0,0,0,0,0,0,0,0,0,0,0,0,0,0,0,0,0,0,0,0,0,0,0,0,0,0,0,0,0,0,0,0,0,0,0,0,0,0,0,0,0
AF-Q9BRV3-F1-model_v4,ten_percent_graphs/graph_AF-Q9BRV3-F1-model_v4.pt,ten_percent_voxels/voxel_AF-Q9BRV3-F1-model_v4.pt,Q9BRV3,0,0,1,0,0,1,0,0,0,0,0,0,0,0,0,0,0,1,0,0,0,0,0,0,0,0,0,0,0,1,0,0,0,0,0,0,0,0,0,0,0,0,0,0,0,0,0,0,0,0,0,0,0,0,0,0,0,0,0,0,0,0,0,0,0,0,0,0,0,0,0,0,0,0,0,0,0,0,0,0,0,0,0,0,0,0,0,0,0,0,0,0,0,0,0,0,0,0,0,0
AF-Q9NRH3-F1-model_v4,ten_percent_graphs/graph_AF-Q9NRH3-F1-model_v4.pt,ten_percent_voxels/voxel_AF-Q9NRH3-F1-model_v4.pt,Q9NRH3,1,1,0,1,0,0,0,0,0,0,0,0,0,0,0,0,0,0,0,0,0,0,0,0,0,0,0,0,0,0,0,0,0,0,0,0,1,0,0,0,0,0,0,0,0,0,0,0,0,0,0,0,0,0,0,0,0,0,0,0,0,0,0,0,0,0,1,0,0,0,0,0,0,0,0,0,0,0,0,0,0,0,0,0,0,0,0,0,0,0,0,0,0,0,0,0,0,0,0,0
AF-Q9NNX6-F1-model_v4,ten_percent_graphs/graph_AF-Q9NNX6-F1-model_v4.pt,ten_percent_voxels/voxel_AF-Q9NNX6-F1-model_v4.pt,Q9NNX6,0,0,1,1,0,1,1,0,0,1,0,0,0,0,0,0,0,0,0,0,0,0,0,0,0,0,0,0,0,0,0,0,1,0,0,1,0,0,0,0,0,0,1,0,0,0,0,0,0,0,0,0,0,0,1,0,0,0,0,0,0,0,0,0,0,0,0,0,1,0,0,0,0,0,0,0,0,0,0,0,0,0,0,0,0,0,0,0,0,0,0,0,0,0,0,0,0,0,0,0
AF-Q96GX5-F1-model_v4,ten_percent_graphs/graph_AF-Q96GX5-F1-model_v4.pt,ten_percent_voxels/voxel_AF-Q96GX5-F1-model_v4.pt,Q96GX5,1,0,0,1,1,0,0,0,0,0,0,0,0,0,1,0,0,0,0,0,0,0,0,0,0,0,0,0,0,0,0,0,0,0,0,0,1,0,0,0,0,0,0,0,0,0,0,0,0,0,0,0,0,0,0,0,0,0,0,1,0,1,0,0,0,0,0,0,1,0,0,0,0,0,0,0,0,0,0,0,0,0,0,0,0,0,0,0,0,0,0,0,0,0,0,0,0,0,0,0
AF-P78333-F1-model_v4,ten_percent_graphs/graph_AF-P78333-F1-model_v4.pt,ten_percent_voxels/voxel_AF-P78333-F1-model_v4.pt,P78333,0,0,1,0,0,1,0,0,0,1,0,0,0,0,0,0,0,0,0,0,0,0,0,0,0,0,0,0,0,0,0,0,1,0,0,0,0,0,0,0,0,0,0,0,0,0,0,0,0,0,0,0,0,0,0,0,0,0,0,0,0,0,0,0,0,0,0,0,0,0,0,0,0,0,0,0,0,0,0,0,0,0,0,0,0,0,0,0,0,0,0,0,0,0,0,0,0,0,0,0
AF-P0DPD5-F1-model_v4,ten_percent_graphs/graph_AF-P0DPD5-F1-model_v4.pt,ten_percent_voxels/voxel_AF-P0DPD5-F1-model_v4.pt,P0DPD5,1,0,0,0,0,0,1,0,0,0,0,0,0,0,0,1,0,0,0,0,1,0,0,0,0,0,0,0,0,0,0,0,0,0,0,0,0,0,0,0,0,1,0,0,0,0,0,0,0,0,0,0,0,0,0,0,0,0,0,0,0,0,0,0,0,0,0,0,0,0,0,0,0,0,0,0,0,0,0,0,0,0,0,0,0,0,0,0,0,0,0,0,0,0,0,0,0,0,0,0
AF-B7TQM3-F1-model_v4,ten_percent_graphs/graph_AF-B7TQM3-F1-model_v4.pt,ten_percent_voxels/voxel_AF-B7TQM3-F1-model_v4.pt,B7TQM3,0,1,0,0,1,0,0,0,0,0,0,0,0,0,0,0,0,0,0,0,0,0,0,0,0,0,0,0,0,0,1,0,0,0,0,0,0,0,0,0,0,0,0,0,0,0,0,0,0,0,0,0,0,0,0,0,0,0,0,0,0,0,0,0,0,0,0,0,0,0,0,0,0,0,0,0,0,0,0,0,0,0,0,0,0,0,0,0,0,0,0,0,0,0,0,0,0,0,0,0
AF-Q04637-F1-model_v4,ten_percent_graphs/graph_AF-Q04637-F1-model_v4.pt,ten_percent_voxels/voxel_AF-Q04637-F1-model_v4.pt,Q04637,1,1,0,1,0,1,0,0,0,0,0,0,0,1,1,0,0,0,0,0,0,0,0,0,0,0,0,0,0,0,0,0,0,0,0,0,0,0,0,0,0,0,0,0,0,0,0,0,0,0,0,0,0,0,0,0,0,0,0,0,0,0,0,0,0,0,0,0,0,0,0,0,0,0,0,0,0,0,0,0,0,0,0,0,0,0,0,0,0,0,0,0,0,0,0,0,0,0,0,0
AF-O00193-F1-model_v4,ten_percent_graphs/graph_AF-O00193-F1-model_v4.pt,ten_percent_voxels/voxel_AF-O00193-F1-model_v4.pt,O00193,0,0,0,0,0,0,0,0,0,0,0,0,0,0,0,0,0,0,0,0,0,0,0,0,0,0,0,0,0,0,0,0,0,0,0,0,0,0,0,0,0,0,0,0,0,0,0,0,0,0,0,0,0,0,0,0,0,0,0,0,0,0,0,0,0,0,0,0,0,0,0,0,0,0,0,0,0,0,0,0,0,0,0,0,0,0,0,0,0,0,0,0,0,0,0,0,0,0,0,0
AF-Q8NH64-F1-model_v4,ten_percent_graphs/graph_AF-Q8NH64-F1-model_v4.pt,ten_percent_voxels/voxel_AF-Q8NH64-F1-model_v4.pt,Q8NH64,0,0,1,0,0,0,0,0,0,0,0,0,0,0,0,0,0,0,0,0,0,0,0,0,0,0,0,0,0,0,0,0,0,0,0,0,0,0,0,0,0,0,0,0,0,0,0,0,0,0,0,0,0,0,0,0,0,0,1,0,0,0,0,0,0,0,0,0,0,0,0,0,0,0,0,0,0,0,0,0,0,0,0,0,0,0,0,0,0,0,0,0,0,0,0,0,0,0,0,0
AF-O95299-F1-model_v4,ten_percent_graphs/graph_AF-O95299-F1-model_v4.pt,ten_percent_voxels/voxel_AF-O95299-F1-model_v4.pt,O95299,0,0,0,1,0,0,0,0,0,0,1,0,0,0,0,0,0,0,0,0,0,0,0,0,0,0,0,0,0,0,0,0,0,0,0,0,0,0,1,0,0,0,0,0,0,0,0,0,0,0,0,1,0,0,0,0,0,0,0,0,0,0,0,0,0,0,0,0,0,0,0,0,0,0,0,0,0,0,0,0,0,0,0,0,0,0,0,0,0,0,0,0,0,0,0,0,0,0,0,0
AF-Q9UIU6-F1-model_v4,ten_percent_graphs/graph_AF-Q9UIU6-F1-model_v4.pt,ten_percent_voxels/voxel_AF-Q9UIU6-F1-model_v4.pt,Q9UIU6,1,0,0,1,0,0,0,0,0,0,0,0,1,0,0,1,0,0,1,0,1,0,0,0,0,0,0,0,0,0,0,0,0,0,0,0,0,1,0,1,0,0,0,0,0,0,1,0,1,0,0,0,0,0,0,0,1,0,0,0,0,0,0,0,0,0,0,0,0,0,0,0,0,0,0,0,0,0,0,0,0,0,0,0,0,0,0,0,0,0,0,0,0,0,0,0,0,0,0,0
AF-Q8IZ40-F1-model_v4,ten_percent_graphs/graph_AF-Q8IZ40-F1-model_v4.pt,ten_percent_voxels/voxel_AF-Q8IZ40-F1-model_v4.pt,Q8IZ40,0,0,0,0,0,0,0,0,0,0,0,0,1,0,0,0,0,0,0,0,0,0,0,0,0,0,0,0,0,0,0,0,0,0,0,0,0,0,0,0,0,0,0,0,0,0,1,0,0,0,0,0,0,0,0,0,0,0,0,0,0,0,0,0,0,0,0,0,0,0,0,0,0,0,0,0,0,0,0,0,0,0,0,0,0,0,1,0,0,0,0,0,0,0,0,0,0,0,0,0
AF-Q96JP0-F1-model_v4,ten_percent_graphs/graph_AF-Q96JP0-F1-model_v4.pt,ten_percent_voxels/voxel_AF-Q96JP0-F1-model_v4.pt,Q96JP0,0,1,0,0,1,0,0,0,0,0,0,0,0,0,0,0,0,0,0,0,0,0,0,0,0,0,0,0,0,0,0,0,0,0,0,0,0,0,0,0,0,0,0,0,0,0,0,1,0,0,0,0,0,0,0,0,0,0,0,0,0,0,0,0,0,0,0,0,0,0,0,0,0,0,0,0,0,0,0,0,0,0,0,0,0,0,0,0,0,0,0,0,0,0,0,0,0,0,0,0
AF-P59047-F1-model_v4,ten_percent_graphs/graph_AF-P59047-F1-model_v4.pt,ten_percent_voxels/voxel_AF-P59047-F1-model_v4.pt,P59047,1,1,0,1,0,0,0,0,0,0,1,0,0,0,1,0,0,1,0,0,0,0,0,0,0,1,1,0,0,0,0,0,0,0,0,0,0,0,0,0,0,0,0,0,0,0,0,0,0,0,0,0,0,0,0,0,0,0,0,0,0,0,0,0,0,0,0,0,0,0,0,0,0,0,0,0,0,0,0,0,0,0,0,0,0,0,0,0,0,0,0,0,0,0,0,0,0,0,0,0
AF-P35712-F1-model_v4,ten_percent_graphs/graph_AF-P35712-F1-model_v4.pt,ten_percent_voxels/voxel_AF-P35712-F1-model_v4.pt,P35712,1,0,0,1,1,0,0,0,0,0,0,0,1,0,0,1,0,0,1,0,1,0,1,0,0,0,0,0,1,0,0,0,0,0,0,0,0,0,0,0,0,1,0,0,0,0,0,0,0,1,0,0,0,0,0,0,0,0,0,0,0,0,0,0,0,0,0,0,0,0,0,0,0,0,0,0,0,0,0,0,0,0,0,0,0,0,0,0,1,0,0,0,0,0,0,0,0,0,0,0
AF-Q9UM21-F1-model_v4,ten_percent_graphs/graph_AF-Q9UM21-F1-model_v4.pt,ten_percent_voxels/voxel_AF-Q9UM21-F1-model_v4.pt,Q9UM21,0,0,0,0,0,0,1,0,1,0,0,0,0,0,0,0,1,0,0,0,0,0,0,0,0,0,0,0,1,1,0,0,0,0,0,0,0,0,0,0,0,0,0,0,0,0,0,0,0,0,0,0,0,0,0,0,0,0,0,0,0,0,0,0,0,0,0,0,0,0,0,0,0,0,0,0,0,0,0,0,0,0,0,0,0,0,0,0,0,0,0,0,0,0,0,0,0,0,0,0
AF-A8K015-F1-model_v4,ten_percent_graphs/graph_AF-A8K015-F1-model_v4.pt,ten_percent_voxels/voxel_AF-A8K015-F1-model_v4.pt,A8K015,0,1,0,0,0,0,0,0,0,0,0,0,0,0,0,0,0,0,0,0,0,0,0,0,0,0,0,0,0,0,0,0,0,0,0,0,0,0,0,0,0,0,0,0,0,0,0,0,0,0,0,0,0,0,0,0,0,0,0,0,0,0,0,0,0,0,0,0,0,0,0,0,0,0,0,0,0,0,0,0,0,0,0,0,0,0,0,0,0,0,0,0,0,0,0,0,0,0,0,0
AF-Q2M329-F1-model_v4,ten_percent_graphs/graph_AF-Q2M329-F1-model_v4.pt,ten_percent_voxels/voxel_AF-Q2M329-F1-model_v4.pt,Q2M329,0,0,0,0,0,0,0,0,0,0,0,0,0,0,0,0,0,0,0,0,0,0,0,0,0,0,0,0,0,0,0,0,0,0,0,0,1,0,0,0,0,0,0,0,0,0,0,0,0,0,0,0,0,0,0,0,0,0,0,0,0,0,0,0,0,0,0,0,0,0,0,0,0,0,0,0,0,0,0,0,0,0,0,0,0,0,0,0,0,0,0,0,0,1,0,0,0,0,0,0
AF-Q8N1C3-F1-model_v4,ten_percent_graphs/graph_AF-Q8N1C3-F1-model_v4.pt,ten_percent_voxels/voxel_AF-Q8N1C3-F1-model_v4.pt,Q8N1C3,0,0,1,0,0,0,0,0,0,0,0,0,0,0,0,0,0,0,0,0,0,0,0,0,0,0,0,0,0,0,0,0,0,0,0,0,0,0,0,0,0,0,0,0,0,0,0,0,0,0,0,0,0,0,0,0,0,0,0,0,0,0,0,0,0,0,0,0,0,0,0,0,1,0,0,0,1,0,0,0,0,0,0,0,0,0,0,0,0,0,0,0,0,0,0,0,0,0,0,0
AF-Q9NPH6-F1-model_v4,ten_percent_graphs/graph_AF-Q9NPH6-F1-model_v4.pt,ten_percent_voxels/voxel_AF-Q9NPH6-F1-model_v4.pt,Q9NPH6,0,0,0,0,0,0,0,1,0,0,0,0,0,0,0,0,0,0,0,0,0,0,0,0,0,0,0,0,0,0,0,0,0,0,0,0,0,0,0,0,0,0,0,0,0,0,0,0,0,0,0,0,0,0,0,0,0,0,0,0,0,0,0,0,0,0,0,0,0,0,0,0,0,0,0,0,0,0,0,0,0,0,0,0,0,0,0,0,0,0,0,0,0,0,0,0,0,0,0,0
AF-Q9H1E3-F1-model_v4,ten_percent_graphs/graph_AF-Q9H1E3-F1-model_v4.pt,ten_percent_voxels/voxel_AF-Q9H1E3-F1-model_v4.pt,Q9H1E3,1,0,0,1,1,0,0,0,0,0,0,0,0,1,0,0,0,0,1,0,0,1,0,0,0,1,0,0,0,0,0,0,0,0,0,0,0,0,0,0,0,0,0,0,0,1,0,0,0,0,0,0,0,0,0,0,0,0,0,0,0,0,0,0,0,0,0,0,0,0,0,0,0,0,0,0,0,0,0,0,0,0,0,0,0,0,0,0,0,0,0,0,0,0,0,0,0,0,0,0
AF-Q9H4G4-F1-model_v4,ten_percent_graphs/graph_AF-Q9H4G4-F1-model_v4.pt,ten_percent_voxels/voxel_AF-Q9H4G4-F1-model_v4.pt,Q9H4G4,0,0,0,0,0,0,0,1,1,0,0,0,0,0,0,0,0,0,0,0,0,0,0,0,0,0,0,0,1,1,0,0,0,0,0,0,0,0,0,0,0,0,0,0,0,0,0,0,0,0,0,0,0,0,0,0,0,0,0,0,0,0,0,0,0,0,0,0,0,0,0,0,0,0,0,0,0,0,0,0,0,0,0,0,0,0,0,0,0,0,0,0,0,0,0,0,0,0,0,0
AF-Q9NUJ1-F1-model_v4,ten_percent_graphs/graph_AF-Q9NUJ1-F1-model_v4.pt,ten_percent_voxels/voxel_AF-Q9NUJ1-F1-model_v4.pt,Q9NUJ1,0,1,0,0,0,0,0,0,0,0,1,0,0,0,0,0,0,0,0,0,0,0,0,0,0,0,0,0,0,0,0,0,0,0,0,0,0,0,1,0,0,0,0,0,0,0,0,0,0,0,0,0,0,0,0,0,0,0,0,0,0,0,0,0,0,0,0,0,0,0,0,0,0,0,0,0,0,0,0,0,0,0,0,0,0,0,0,0,0,0,0,0,0,0,0,0,0,0,0,0
AF-O14668-F1-model_v4,ten_percent_graphs/graph_AF-O14668-F1-model_v4.pt,ten_percent_voxels/voxel_AF-O14668-F1-model_v4.pt,O14668,0,0,1,0,0,0,0,1,0,0,0,0,0,0,0,0,0,0,0,0,0,0,0,0,0,0,0,1,0,0,0,0,0,0,0,0,0,0,0,0,0,0,0,0,0,0,0,0,0,0,0,0,0,0,0,0,0,0,0,0,0,0,0,0,0,0,0,0,0,0,0,0,0,0,0,0,0,0,0,0,0,0,0,0,0,0,0,0,0,0,0,0,0,0,0,0,0,0,0,0
AF-Q9BUT1-F1-model_v4,ten_percent_graphs/graph_AF-Q9BUT1-F1-model_v4.pt,ten_percent_voxels/voxel_AF-Q9BUT1-F1-model_v4.pt,Q9BUT1,0,1,0,1,0,0,0,0,1,0,0,0,0,0,0,0,0,0,0,0,0,0,0,0,0,0,0,0,0,0,0,0,0,0,0,0,0,0,0,0,0,0,0,0,0,0,0,0,0,0,0,0,0,0,0,0,0,0,0,0,0,0,0,0,0,0,0,0,0,0,0,0,0,0,0,0,0,0,0,0,0,0,0,0,0,0,0,0,0,0,0,0,0,0,0,0,0,0,0,0
AF-P78411-F1-model_v4,ten_percent_graphs/graph_AF-P78411-F1-model_v4.pt,ten_percent_voxels/voxel_AF-P78411-F1-model_v4.pt,P78411,1,0,0,0,0,0,0,0,0,0,0,1,1,0,0,1,0,0,1,0,1,0,0,0,0,0,0,0,0,0,0,0,0,0,0,0,0,1,0,0,0,0,0,0,0,0,0,0,0,0,0,0,0,0,0,0,0,0,0,0,0,0,0,0,0,0,0,0,0,0,0,0,0,0,0,0,0,0,0,0,0,0,0,0,0,0,0,0,0,0,0,0,0,0,0,0,0,0,0,0
AF-O14901-F1-model_v4,ten_percent_graphs/graph_AF-O14901-F1-model_v4.pt,ten_percent_voxels/voxel_AF-O14901-F1-model_v4.pt,O14901,1,1,0,0,1,0,1,0,0,0,0,0,1,0,0,1,0,0,1,0,1,0,0,0,1,0,0,0,0,0,0,0,0,0,0,0,0,1,0,0,0,0,0,0,0,0,0,0,0,1,0,0,0,0,0,1,0,1,0,0,0,0,0,0,0,0,0,0,0,0,1,1,0,0,0,0,0,0,0,0,0,0,0,0,0,0,0,0,0,0,0,0,0,0,0,0,0,0,1,0
AF-P12270-F1-model_v4,ten_percent_graphs/graph_AF-P12270-F1-model_v4.pt,ten_percent_voxels/voxel_AF-P12270-F1-model_v4.pt,P12270,1,0,0,1,1,0,0,0,0,0,0,0,0,1,0,0,0,0,0,0,0,0,0,0,1,0,0,0,1,0,0,0,0,0,0,0,0,0,0,0,0,0,0,0,0,1,0,0,0,0,0,0,0,0,0,0,0,0,0,1,0,0,0,0,0,0,0,0,0,0,0,0,0,0,0,0,0,0,0,0,0,0,0,0,0,0,0,0,0,0,0,0,0,0,0,0,0,0,0,0
AF-Q7Z3F1-F1-model_v4,ten_percent_graphs/graph_AF-Q7Z3F1-F1-model_v4.pt,ten_percent_voxels/voxel_AF-Q7Z3F1-F1-model_v4.pt,Q7Z3F1,0,0,0,0,0,0,0,0,1,0,0,0,0,0,0,0,0,0,0,0,0,0,0,0,0,0,0,0,0,0,0,0,0,0,0,0,0,0,0,0,0,0,0,0,0,0,0,0,0,0,0,0,0,0,0,0,0,0,0,0,0,0,0,0,0,0,0,0,1,0,0,0,0,0,0,0,0,0,1,0,0,0,0,0,0,0,0,0,0,0,0,0,0,0,0,0,0,0,0,0
AF-Q8ND25-F1-model_v4,ten_percent_graphs/graph_AF-Q8ND25-F1-model_v4.pt,ten_percent_voxels/voxel_AF-Q8ND25-F1-model_v4.pt,Q8ND25,0,1,1,1,0,1,1,0,0,0,0,0,0,0,0,0,0,0,0,0,0,0,0,0,0,0,1,0,0,0,0,0,0,0,0,0,0,0,0,0,0,0,0,0,0,0,0,0,0,0,0,0,0,0,0,0,0,0,0,0,0,0,0,0,0,0,0,0,0,0,0,0,0,0,0,0,0,0,0,0,0,0,0,1,0,0,0,0,0,0,1,0,0,0,0,0,0,0,0,0
AF-P12757-F1-model_v4,ten_percent_graphs/graph_AF-P12757-F1-model_v4.pt,ten_percent_voxels/voxel_AF-P12757-F1-model_v4.pt,P12757,1,0,0,1,1,0,0,0,0,0,0,1,0,0,0,1,0,0,0,0,1,0,0,0,1,0,0,0,0,0,0,0,0,0,1,0,0,0,0,0,0,0,0,0,0,1,0,0,0,0,0,0,1,0,0,0,0,0,0,0,0,0,0,0,0,0,0,0,0,0,0,0,0,0,0,0,0,0,0,0,0,0,1,0,0,0,0,0,0,0,0,0,1,0,0,0,0,0,0,0
AF-P35318-F1-model_v4,ten_percent_graphs/graph_AF-P35318-F1-model_v4.pt,ten_percent_voxels/voxel_AF-P35318-F1-model_v4.pt,P35318,0,0,0,1,0,0,0,1,0,1,0,0,0,0,0,0,0,0,0,0,0,0,0,1,0,0,0,0,0,0,0,0,0,0,0,0,0,0,0,0,0,0,0,1,0,0,0,0,0,0,0,0,0,0,0,1,0,0,0,0,0,0,0,1,1,0,0,0,0,0,0,0,0,0,0,0,0,0,0,0,0,0,0,0,0,0,0,0,0,0,0,0,0,0,0,0,0,0,1,0
AF-Q5VUJ6-F1-model_v4,ten_percent_graphs/graph_AF-Q5VUJ6-F1-model_v4.pt,ten_percent_voxels/voxel_AF-Q5VUJ6-F1-model_v4.pt,Q5VUJ6,0,0,0,0,0,0,0,0,0,0,0,0,0,0,0,0,0,0,0,0,0,0,0,0,0,0,0,0,0,0,0,0,0,0,0,0,0,0,0,0,0,0,0,0,0,0,0,0,0,0,0,0,0,0,0,0,0,0,0,0,0,0,0,0,0,0,0,0,0,0,0,0,0,0,0,0,0,0,0,0,0,0,0,0,0,0,0,0,0,0,0,0,0,0,0,0,0,0,0,0
AF-P54710-F1-model_v4,ten_percent_graphs/graph_AF-P54710-F1-model_v4.pt,ten_percent_voxels/voxel_AF-P54710-F1-model_v4.pt,P54710,0,0,1,0,0,0,0,0,1,0,0,0,0,0,0,0,0,0,0,0,0,0,0,0,0,0,0,0,0,0,0,0,0,0,0,0,0,0,0,0,0,0,0,0,0,0,0,0,0,0,0,0,0,0,0,0,0,0,0,0,0,0,0,0,0,0,0,0,0,0,0,0,0,0,0,0,0,0,0,0,0,0,0,0,0,0,0,0,0,0,0,0,0,0,0,0,0,0,0,0
AF-Q9Y2Y9-F1-model_v4,ten_percent_graphs/graph_AF-Q9Y2Y9-F1-model_v4.pt,ten_percent_voxels/voxel_AF-Q9Y2Y9-F1-model_v4.pt,Q9Y2Y9,1,0,0,0,0,0,1,0,0,0,0,0,1,0,0,1,0,0,1,0,1,0,0,0,0,0,0,0,0,0,0,0,0,0,0,0,0,1,0,0,0,0,0,0,0,0,0,0,1,0,0,0,0,0,0,1,0,0,0,0,0,0,0,0,0,0,0,0,0,0,0,0,0,0,0,0,0,0,0,0,0,0,0,0,0,0,0,0,0,0,0,0,0,0,0,0,0,0,0,0
AF-Q96H78-F1-model_v4,ten_percent_graphs/graph_AF-Q96H78-F1-model_v4.pt,ten_percent_voxels/voxel_AF-Q96H78-F1-model_v4.pt,Q96H78,0,0,0,0,0,0,0,0,0,0,1,0,0,0,0,0,0,0,0,0,0,0,0,0,0,0,0,0,0,0,0,0,0,0,0,0,0,0,0,0,0,0,0,0,0,0,0,0,0,0,0,0,0,0,0,0,0,0,0,0,0,0,0,0,0,0,0,0,0,0,0,0,0,0,0,0,0,0,0,0,0,0,0,0,0,0,0,0,0,0,0,0,0,0,0,0,0,0,0,0
AF-Q5GAN3-F1-model_v4,ten_percent_graphs/graph_AF-Q5GAN3-F1-model_v4.pt,ten_percent_voxels/voxel_AF-Q5GAN3-F1-model_v4.pt,Q5GAN3,0,0,0,0,0,0,0,0,0,1,0,0,0,0,0,0,0,0,0,0,0,0,0,0,0,0,0,0,0,0,0,0,0,0,0,0,0,0,0,0,0,0,0,0,0,0,0,0,0,0,0,0,0,0,0,0,0,0,0,0,0,0,0,0,0,0,0,0,0,0,0,0,0,0,0,0,0,0,0,0,0,0,0,0,0,0,0,0,0,0,0,0,0,0,0,0,0,0,0,0
AF-O75683-F1-model_v4,ten_percent_graphs/graph_AF-O75683-F1-model_v4.pt,ten_percent_voxels/voxel_AF-O75683-F1-model_v4.pt,O75683,0,0,0,0,1,0,0,0,0,0,0,0,0,1,0,0,0,0,0,0,0,0,1,0,0,1,0,0,0,0,0,0,0,0,0,0,0,0,0,0,0,0,0,0,0,0,0,0,0,0,0,0,0,0,0,0,0,0,0,0,0,0,0,0,0,0,0,0,0,0,0,0,0,0,0,0,0,0,0,0,0,0,0,0,0,0,0,0,0,0,0,0,0,0,0,0,0,0,0,0
AF-Q8NGY9-F1-model_v4,ten_percent_graphs/graph_AF-Q8NGY9-F1-model_v4.pt,ten_percent_voxels/voxel_AF-Q8NGY9-F1-model_v4.pt,Q8NGY9,0,0,1,0,0,0,0,0,0,0,0,0,0,0,0,0,0,0,0,0,0,0,0,0,0,0,0,0,0,0,0,0,0,0,0,0,0,0,0,0,0,0,0,0,0,0,0,0,0,0,0,0,0,0,0,0,0,0,1,0,0,0,0,0,0,0,0,0,0,0,0,0,0,0,0,0,0,0,0,0,0,0,0,0,0,0,0,0,0,0,0,0,0,0,0,0,0,0,0,0
AF-O95158-F1-model_v4,ten_percent_graphs/graph_AF-O95158-F1-model_v4.pt,ten_percent_voxels/voxel_AF-O95158-F1-model_v4.pt,O95158,0,0,0,0,0,0,0,0,0,1,0,0,0,0,0,0,0,0,0,0,0,0,0,0,0,0,0,0,0,0,0,0,0,0,0,0,0,0,0,0,0,0,0,1,0,0,0,0,0,0,0,0,0,0,0,0,0,0,0,0,0,0,0,0,0,0,0,0,0,0,0,0,0,0,0,0,0,0,0,0,0,0,0,0,0,0,0,0,0,0,0,0,0,0,0,0,0,0,0,0
AF-P23378-F1-model_v4,ten_percent_graphs/graph_AF-P23378-F1-model_v4.pt,ten_percent_voxels/voxel_AF-P23378-F1-model_v4.pt,P23378,0,0,1,0,1,0,0,0,0,0,1,0,0,0,0,0,0,0,0,0,0,0,0,0,0,0,0,0,1,0,0,0,0,0,0,0,0,0,1,0,0,0,0,0,0,0,0,0,0,0,0,0,0,0,0,0,0,0,0,0,0,0,0,0,0,0,0,0,0,0,0,0,0,0,0,0,0,0,0,0,0,0,0,0,0,0,0,0,0,0,0,0,0,0,0,0,0,0,0,0
AF-A1L4Q0-F1-model_v4,ten_percent_graphs/graph_AF-A1L4Q0-F1-model_v4.pt,ten_percent_voxels/voxel_AF-A1L4Q0-F1-model_v4.pt,A1L4Q0,0,1,0,0,1,1,1,0,0,0,0,0,0,0,1,0,0,0,0,0,0,0,0,0,0,0,0,0,0,0,0,1,0,0,0,0,0,0,0,0,0,0,0,0,0,0,0,0,0,0,0,0,0,0,0,0,0,0,0,0,0,0,0,0,0,0,0,0,0,0,0,0,0,0,0,0,0,0,0,0,0,0,0,0,0,0,0,0,0,0,0,0,0,0,0,0,0,0,0,0
AF-P00797-F1-model_v4,ten_percent_graphs/graph_AF-P00797-F1-model_v4.pt,ten_percent_voxels/voxel_AF-P00797-F1-model_v4.pt,P00797,0,0,1,0,0,0,0,1,0,1,0,0,0,0,0,0,0,0,0,0,0,0,0,0,0,0,0,0,0,0,0,0,0,0,0,0,0,0,0,0,0,0,0,1,1,0,0,0,0,0,0,0,0,0,0,0,0,0,0,0,0,0,0,0,0,0,0,0,0,0,0,0,0,0,0,0,0,0,0,0,0,0,0,0,0,0,0,0,0,0,0,0,0,0,0,0,0,0,0,0
AF-Q14566-F1-model_v4,ten_percent_graphs/graph_AF-Q14566-F1-model_v4.pt,ten_percent_voxels/voxel_AF-Q14566-F1-model_v4.pt,Q14566,1,0,0,0,1,0,0,0,0,0,0,1,0,0,1,0,0,0,0,0,0,0,0,0,0,0,0,0,0,0,0,0,0,0,0,0,0,0,0,0,0,0,0,0,0,0,0,0,0,0,0,0,0,0,0,0,0,0,0,0,0,0,0,0,0,0,0,0,0,0,0,0,0,0,1,0,0,0,0,0,0,0,0,0,0,0,0,0,0,0,0,0,0,0,0,0,0,0,0,0
AF-O14745-F1-model_v4,ten_percent_graphs/graph_AF-O14745-F1-model_v4.pt,ten_percent_voxels/voxel_AF-O14745-F1-model_v4.pt,O14745,0,0,0,1,0,1,0,0,1,0,0,1,0,0,0,0,0,0,0,0,0,0,0,0,0,0,0,0,0,0,0,0,0,0,0,0,0,0,0,0,1,0,0,1,0,0,0,0,0,0,0,0,1,0,0,1,0,0,0,0,0,0,0,0,0,1,0,0,0,0,0,0,0,0,0,0,0,0,0,0,0,0,0,0,0,0,0,0,0,0,0,0,0,0,0,0,0,0,0,0
AF-E9KL30-F1-model_v4,ten_percent_graphs/graph_AF-E9KL30-F1-model_v4.pt,ten_percent_voxels/voxel_AF-E9KL30-F1-model_v4.pt,E9KL30,0,1,0,0,1,0,0,0,0,0,0,0,0,0,0,0,0,0,0,0,0,0,0,0,0,0,0,0,0,0,0,0,0,0,0,0,0,0,0,0,0,0,0,0,0,0,0,0,0,0,0,0,0,0,0,0,0,0,0,0,0,0,0,0,0,0,0,0,0,0,0,1,0,0,0,0,0,0,0,0,0,0,0,0,0,0,0,0,0,0,0,0,0,0,0,0,0,0,0,0
AF-Q8IY81-F1-model_v4,ten_percent_graphs/graph_AF-Q8IY81-F1-model_v4.pt,ten_percent_voxels/voxel_AF-Q8IY81-F1-model_v4.pt,Q8IY81,0,0,0,0,1,0,0,0,0,0,0,0,0,1,0,0,0,0,0,0,0,0,0,0,0,1,0,0,0,0,0,0,0,0,0,0,0,0,0,0,0,0,0,0,0,0,0,0,0,0,0,0,0,0,0,0,0,0,0,0,0,0,0,0,0,0,0,0,0,0,0,0,0,0,0,0,0,0,0,0,0,0,0,0,0,0,0,0,0,0,0,0,0,0,0,0,0,0,0,0
AF-Q14244-F1-model_v4,ten_percent_graphs/graph_AF-Q14244-F1-model_v4.pt,ten_percent_voxels/voxel_AF-Q14244-F1-model_v4.pt,Q14244,0,1,0,0,0,0,0,0,0,0,0,0,0,0,0,0,0,0,0,0,0,0,0,0,0,0,0,0,0,0,0,0,0,0,0,0,0,0,0,0,1,0,0,1,0,0,0,0,0,0,0,0,0,0,0,0,0,0,0,0,0,0,0,0,0,0,0,0,0,0,0,0,0,0,0,0,0,0,0,0,0,0,0,0,0,0,0,0,0,0,0,0,0,0,0,1,0,0,0,1
AF-Q6W2J9-F1-model_v4,ten_percent_graphs/graph_AF-Q6W2J9-F1-model_v4.pt,ten_percent_voxels/voxel_AF-Q6W2J9-F1-model_v4.pt,Q6W2J9,1,0,0,0,1,0,0,0,0,0,0,0,0,0,0,0,0,0,0,0,0,0,0,0,1,0,0,0,0,0,0,0,0,0,0,0,0,0,0,0,0,0,0,0,0,0,1,0,0,0,0,0,0,1,0,0,0,0,0,0,0,0,0,0,0,0,0,0,0,0,0,0,0,0,0,0,0,0,0,0,0,0,0,0,0,0,0,0,0,0,0,0,0,0,0,0,0,0,0,0
AF-Q9Y320-F1-model_v4,ten_percent_graphs/graph_AF-Q9Y320-F1-model_v4.pt,ten_percent_voxels/voxel_AF-Q9Y320-F1-model_v4.pt,Q9Y320,0,0,0,0,0,0,0,0,0,0,1,1,0,0,0,0,0,0,0,1,0,0,0,0,0,0,0,0,0,0,0,0,0,0,0,0,0,0,0,0,0,0,0,0,0,0,0,0,0,0,0,0,0,0,0,0,0,0,0,0,0,0,0,0,0,0,0,0,0,0,0,0,0,0,0,0,0,0,0,0,0,0,0,0,0,0,0,0,1,0,0,0,0,0,0,0,0,0,0,0
AF-A1PL14-F1-model_v4,ten_percent_graphs/graph_AF-A1PL14-F1-model_v4.pt,ten_percent_voxels/voxel_AF-A1PL14-F1-model_v4.pt,A1PL14,0,0,0,0,0,0,0,0,0,0,0,0,0,0,0,0,0,0,0,0,0,0,0,0,0,0,0,0,0,0,0,0,0,0,0,0,0,0,0,0,0,0,0,0,0,0,0,0,0,0,0,0,0,0,0,0,0,0,0,0,0,0,0,0,0,0,0,0,0,0,0,0,0,0,0,0,0,0,0,0,0,0,0,0,0,0,0,0,0,0,0,0,0,0,0,0,0,0,0,0
AF-Q9Y5U2-F1-model_v4,ten_percent_graphs/graph_AF-Q9Y5U2-F1-model_v4.pt,ten_percent_voxels/voxel_AF-Q9Y5U2-F1-model_v4.pt,Q9Y5U2,1,0,0,1,0,0,0,0,0,0,0,0,0,0,0,0,0,0,0,0,0,0,0,0,0,0,0,0,0,0,0,0,0,0,0,0,0,0,0,0,0,0,0,0,0,0,0,0,0,0,0,0,1,0,0,0,0,0,0,0,0,0,0,0,0,0,0,0,0,0,0,0,0,0,0,0,0,0,0,0,0,0,0,0,0,0,0,0,0,0,0,0,0,0,0,0,0,0,0,0
AF-Q8TDM6-F1-model_v4,ten_percent_graphs/graph_AF-Q8TDM6-F1-model_v4.pt,ten_percent_voxels/voxel_AF-Q8TDM6-F1-model_v4.pt,Q8TDM6,0,0,1,1,0,0,0,0,0,0,0,0,0,0,0,0,0,0,0,0,0,0,0,1,0,0,0,0,0,0,0,1,0,0,0,0,0,0,0,0,0,0,0,0,0,0,0,0,0,0,0,0,0,0,0,1,0,0,0,0,0,0,0,0,0,0,0,0,1,0,0,0,0,0,0,0,0,0,0,0,0,0,0,0,0,0,0,0,0,0,0,0,0,0,0,0,0,0,0,0
AF-Q96E14-F1-model_v4,ten_percent_graphs/graph_AF-Q96E14-F1-model_v4.pt,ten_percent_voxels/voxel_AF-Q96E14-F1-model_v4.pt,Q96E14,1,1,0,0,1,0,0,0,0,0,0,0,0,0,0,0,0,0,0,0,0,0,1,0,0,0,0,0,0,0,0,0,0,0,0,0,0,0,0,0,0,0,0,0,0,0,0,0,0,0,0,0,0,0,0,0,0,0,0,0,0,0,0,0,0,0,0,0,0,1,0,0,0,0,0,0,0,0,0,0,0,0,0,0,1,0,0,0,0,0,0,0,0,0,0,0,0,0,0,0
AF-Q8IV01-F1-model_v4,ten_percent_graphs/graph_AF-Q8IV01-F1-model_v4.pt,ten_percent_voxels/voxel_AF-Q8IV01-F1-model_v4.pt,Q8IV01,0,0,1,0,0,0,0,0,0,0,0,0,0,0,0,0,0,0,0,0,0,0,0,0,0,0,0,0,0,0,0,0,0,0,0,0,0,0,0,0,0,0,0,0,0,0,0,0,0,0,0,0,0,0,0,0,0,0,0,0,0,0,0,0,0,0,0,0,0,0,0,0,0,0,0,0,0,0,0,0,0,0,0,0,0,0,0,0,0,0,0,0,0,0,0,0,0,0,0,0
AF-O00570-F1-model_v4,ten_percent_graphs/graph_AF-O00570-F1-model_v4.pt,ten_percent_voxels/voxel_AF-O00570-F1-model_v4.pt,O00570,1,0,0,0,0,0,0,0,0,0,0,0,0,0,0,1,0,0,1,0,1,1,1,0,1,0,0,0,0,0,0,0,0,0,0,0,0,0,0,0,0,1,0,0,0,0,0,0,1,1,0,0,0,0,0,0,0,0,0,0,0,0,0,0,0,0,0,0,0,0,0,0,0,0,0,0,0,0,0,0,0,0,0,0,0,0,0,0,1,0,0,0,0,0,0,0,0,0,0,0
AF-Q53F39-F1-model_v4,ten_percent_graphs/graph_AF-Q53F39-F1-model_v4.pt,ten_percent_voxels/voxel_AF-Q53F39-F1-model_v4.pt,Q53F39,0,0,0,0,1,0,0,0,0,0,0,0,0,0,0,0,0,1,0,0,0,0,0,0,0,0,0,0,0,0,0,0,0,0,0,0,0,0,0,0,0,0,0,0,0,0,0,0,0,0,0,0,0,0,0,0,0,0,0,0,0,0,0,0,0,0,0,0,0,0,0,0,0,0,0,0,0,0,0,0,0,0,0,0,0,0,0,0,0,0,0,0,0,0,0,0,0,0,0,0
AF-Q9NSD7-F1-model_v4,ten_percent_graphs/graph_AF-Q9NSD7-F1-model_v4.pt,ten_percent_voxels/voxel_AF-Q9NSD7-F1-model_v4.pt,Q9NSD7,0,0,1,0,0,0,0,0,0,0,0,0,0,0,0,0,0,0,0,0,0,0,0,0,0,0,0,0,0,0,0,0,0,0,0,0,0,0,0,0,0,0,0,0,0,0,0,0,0,0,0,0,0,0,0,0,0,0,1,0,0,0,0,0,0,0,0,0,0,0,0,0,0,1,0,0,0,0,0,0,0,0,0,0,0,0,0,0,0,0,0,0,0,0,0,0,0,0,0,0
AF-Q6TFL3-F1-model_v4,ten_percent_graphs/graph_AF-Q6TFL3-F1-model_v4.pt,ten_percent_voxels/voxel_AF-Q6TFL3-F1-model_v4.pt,Q6TFL3,0,0,0,0,0,0,0,0,0,0,0,0,0,0,0,0,0,0,0,0,0,0,0,0,0,0,0,0,0,0,0,0,0,0,0,0,0,0,0,0,0,0,0,0,0,0,0,0,0,0,0,0,0,0,0,0,0,0,0,0,0,0,0,0,0,0,0,0,0,0,0,0,0,0,0,0,0,0,0,0,0,0,0,0,0,0,0,0,0,0,0,0,0,0,0,0,0,0,0,0
AF-Q9UGQ2-F1-model_v4,ten_percent_graphs/graph_AF-Q9UGQ2-F1-model_v4.pt,ten_percent_voxels/voxel_AF-Q9UGQ2-F1-model_v4.pt,Q9UGQ2,0,0,1,0,0,0,0,0,0,0,0,0,0,0,0,0,0,1,0,1,0,0,0,0,0,0,0,0,0,0,0,0,0,0,0,0,0,0,0,0,0,0,0,0,0,0,0,0,0,0,0,0,0,0,0,0,0,0,0,0,0,0,0,0,0,0,0,0,0,0,0,0,0,0,0,0,0,0,0,0,0,0,0,0,0,0,0,0,0,0,0,0,0,0,0,0,0,0,0,0
AF-Q9GZP4-F1-model_v4,ten_percent_graphs/graph_AF-Q9GZP4-F1-model_v4.pt,ten_percent_voxels/voxel_AF-Q9GZP4-F1-model_v4.pt,Q9GZP4,1,0,0,1,0,0,0,0,0,0,0,0,0,0,0,0,0,0,0,0,0,0,0,0,0,0,0,0,0,0,0,0,0,0,0,0,0,0,0,1,0,0,0,0,0,0,0,0,0,0,0,0,0,0,0,0,0,0,0,0,0,0,0,0,0,0,0,0,0,0,0,0,0,0,0,0,0,0,0,0,0,0,0,0,0,0,0,0,0,0,0,0,0,0,0,0,0,0,0,0
AF-P62820-F1-model_v4,ten_percent_graphs/graph_AF-P62820-F1-model_v4.pt,ten_percent_voxels/voxel_AF-P62820-F1-model_v4.pt,P62820,0,1,0,0,0,0,0,0,1,0,0,0,0,0,0,0,1,1,0,0,0,0,0,0,0,0,0,0,0,1,0,0,0,0,0,0,0,0,0,0,0,0,0,0,0,0,0,0,0,0,0,0,0,0,0,0,0,0,0,0,0,0,0,0,0,0,1,0,0,0,0,0,0,0,0,0,0,0,0,0,0,0,0,0,0,1,0,0,0,0,0,1,0,0,0,0,0,0,0,0
AF-O60235-F1-model_v4,ten_percent_graphs/graph_AF-O60235-F1-model_v4.pt,ten_percent_voxels/voxel_AF-O60235-F1-model_v4.pt,O60235,0,0,1,0,0,0,0,0,1,1,0,0,0,0,0,0,0,0,0,0,0,0,0,0,0,0,0,0,0,0,0,0,0,0,0,0,0,0,0,0,0,0,0,0,1,0,0,0,0,0,0,0,0,0,0,0,0,0,0,0,0,0,0,0,0,0,0,0,0,0,0,0,0,0,0,0,0,0,0,0,0,0,0,0,0,0,0,0,0,0,0,0,0,0,0,0,0,0,0,0
AF-Q03169-F1-model_v4,ten_percent_graphs/graph_AF-Q03169-F1-model_v4.pt,ten_percent_voxels/voxel_AF-Q03169-F1-model_v4.pt,Q03169,0,0,0,0,0,0,0,1,0,0,0,0,0,0,0,0,0,0,0,0,0,0,0,0,0,0,0,0,0,0,0,0,0,1,0,0,0,0,0,0,0,0,0,0,0,0,0,0,0,0,0,0,0,0,0,0,0,0,0,0,0,0,0,0,0,0,0,0,0,0,0,0,0,0,0,0,0,0,0,0,0,0,0,0,0,0,0,0,0,0,0,0,0,0,0,0,0,0,0,0
AF-Q5BJD5-F1-model_v4,ten_percent_graphs/graph_AF-Q5BJD5-F1-model_v4.pt,ten_percent_voxels/voxel_AF-Q5BJD5-F1-model_v4.pt,Q5BJD5,0,0,0,0,0,0,0,0,0,0,0,0,0,0,0,0,0,0,0,1,0,0,0,0,0,0,0,0,0,0,0,0,0,0,0,0,0,0,0,0,0,0,0,0,0,0,0,0,0,0,0,0,0,0,0,0,0,0,0,0,0,0,0,0,0,0,0,0,0,0,0,0,0,0,0,1,0,0,0,0,0,0,0,0,0,0,0,0,0,0,0,0,0,0,0,0,0,0,0,0
AF-Q9H410-F1-model_v4,ten_percent_graphs/graph_AF-Q9H410-F1-model_v4.pt,ten_percent_voxels/voxel_AF-Q9H410-F1-model_v4.pt,Q9H410,1,1,0,0,1,0,0,0,0,1,0,0,0,0,0,0,0,0,0,0,0,0,0,0,0,1,0,0,0,0,0,0,0,0,0,0,0,0,0,0,0,0,0,0,0,0,0,0,0,0,0,0,0,0,0,0,0,0,0,1,0,0,0,0,0,0,0,0,0,0,0,1,0,0,0,0,0,0,0,0,0,0,0,0,0,0,0,0,0,0,0,0,0,0,0,0,0,0,0,0
AF-P22897-F1-model_v4,ten_percent_graphs/graph_AF-P22897-F1-model_v4.pt,ten_percent_voxels/voxel_AF-P22897-F1-model_v4.pt,P22897,0,0,1,0,0,0,0,0,0,0,0,0,0,0,0,0,0,0,0,0,0,0,0,0,0,0,0,0,0,0,0,0,1,0,0,0,0,0,0,0,0,0,0,0,0,0,0,0,0,0,0,0,0,0,0,0,0,0,0,0,0,0,0,0,0,0,0,0,0,0,0,0,0,0,0,0,0,0,0,0,0,0,0,0,0,0,0,0,0,0,0,0,0,0,0,0,0,0,0,0
AF-P11926-F1-model_v4,ten_percent_graphs/graph_AF-P11926-F1-model_v4.pt,ten_percent_voxels/voxel_AF-P11926-F1-model_v4.pt,P11926,0,1,0,1,0,0,0,0,0,0,0,0,0,0,0,0,0,0,0,0,0,0,0,0,0,0,0,0,1,0,0,0,0,0,0,0,0,0,0,0,0,0,0,0,0,0,0,0,0,0,0,0,0,0,0,0,0,0,0,0,0,0,0,0,1,0,0,0,0,0,0,0,0,0,0,0,0,0,0,0,0,0,0,0,0,0,0,0,0,0,0,0,0,0,0,0,0,0,0,0
AF-P58505-F1-model_v4,ten_percent_graphs/graph_AF-P58505-F1-model_v4.pt,ten_percent_voxels/voxel_AF-P58505-F1-model_v4.pt,P58505,0,0,0,0,0,0,0,0,0,0,0,0,0,0,0,0,0,0,0,0,0,0,0,0,0,0,0,0,0,0,0,0,0,0,0,0,0,0,0,0,0,0,0,0,0,0,0,0,0,0,0,0,0,0,0,0,0,0,0,0,0,0,0,0,0,0,0,0,0,0,0,0,0,0,0,0,0,0,0,0,0,0,0,0,0,0,0,0,0,0,0,0,0,0,0,0,0,0,0,0
AF-Q6DN72-F1-model_v4,ten_percent_graphs/graph_AF-Q6DN72-F1-model_v4.pt,ten_percent_voxels/voxel_AF-Q6DN72-F1-model_v4.pt,Q6DN72,0,0,1,0,0,0,0,0,0,0,0,0,0,0,0,0,0,0,0,0,0,0,0,0,0,0,0,0,0,0,0,0,0,0,0,0,0,0,0,0,0,0,1,0,0,0,0,0,0,0,0,0,0,0,1,0,0,0,0,0,0,0,0,0,0,0,0,0,0,0,0,0,0,0,0,0,0,0,0,0,0,0,0,0,0,0,0,0,0,0,0,0,0,0,0,0,0,0,0,0
AF-Q5HYM0-F1-model_v4,ten_percent_graphs/graph_AF-Q5HYM0-F1-model_v4.pt,ten_percent_voxels/voxel_AF-Q5HYM0-F1-model_v4.pt,Q5HYM0,1,0,0,0,0,0,1,0,0,0,0,0,0,0,0,0,0,0,0,0,0,0,0,0,0,0,0,0,0,0,0,0,0,0,0,0,0,0,0,0,0,0,0,0,0,0,0,0,0,0,0,0,0,0,0,0,0,0,0,0,0,0,0,0,0,0,0,0,0,0,0,0,0,0,0,0,0,0,0,0,0,0,0,0,0,0,0,0,0,0,0,0,0,0,0,0,0,0,0,0
AF-Q8N157-F1-model_v4,ten_percent_graphs/graph_AF-Q8N157-F1-model_v4.pt,ten_percent_voxels/voxel_AF-Q8N157-F1-model_v4.pt,Q8N157,0,1,0,0,0,0,0,0,0,0,0,1,0,0,0,0,0,0,0,0,0,1,0,0,0,0,0,0,0,0,0,0,0,0,0,0,1,0,0,0,0,0,0,0,0,0,0,0,0,0,0,0,0,0,0,0,1,0,0,0,0,0,0,0,0,0,0,0,0,0,0,0,0,0,0,0,0,0,0,0,0,0,0,0,0,0,0,0,0,0,0,0,0,1,1,0,0,0,0,0
AF-P48595-F1-model_v4,ten_percent_graphs/graph_AF-P48595-F1-model_v4.pt,ten_percent_voxels/voxel_AF-P48595-F1-model_v4.pt,P48595,0,1,1,0,1,0,0,1,0,0,0,0,0,0,0,0,0,0,0,0,0,0,0,0,0,0,0,0,0,0,0,0,0,0,0,0,0,0,0,0,0,0,0,0,0,0,0,0,0,0,0,0,0,0,0,0,0,0,0,0,0,0,0,0,0,0,0,0,0,0,0,0,0,0,0,0,0,0,0,0,0,0,0,0,0,0,0,0,0,0,0,0,0,0,0,0,0,0,0,0
AF-Q6NW40-F1-model_v4,ten_percent_graphs/graph_AF-Q6NW40-F1-model_v4.pt,ten_percent_voxels/voxel_AF-Q6NW40-F1-model_v4.pt,Q6NW40,0,0,1,0,0,0,0,0,0,0,0,1,0,0,0,0,0,0,0,0,0,0,0,1,0,0,0,0,0,0,0,0,0,0,0,0,0,0,0,1,0,0,0,0,0,0,0,0,0,0,1,0,0,0,0,0,0,0,0,0,0,0,0,0,0,0,0,0,0,0,0,0,0,0,0,0,0,0,0,0,0,0,0,0,0,0,0,0,0,0,0,0,0,0,0,0,0,0,0,0
AF-Q14CZ8-F1-model_v4,ten_percent_graphs/graph_AF-Q14CZ8-F1-model_v4.pt,ten_percent_voxels/voxel_AF-Q14CZ8-F1-model_v4.pt,Q14CZ8,0,0,1,1,0,0,0,0,0,0,0,0,0,0,0,0,0,0,0,0,0,0,0,0,0,0,0,0,0,0,0,0,0,0,0,0,0,0,0,0,0,0,0,0,0,0,0,0,0,0,1,0,0,0,1,0,0,0,0,0,0,0,0,0,0,0,0,0,0,0,0,0,0,0,0,0,0,0,0,0,0,0,0,0,0,0,0,0,0,0,0,0,0,0,0,0,0,0,0,0
AF-Q96LA6-F1-model_v4,ten_percent_graphs/graph_AF-Q96LA6-F1-model_v4.pt,ten_percent_voxels/voxel_AF-Q96LA6-F1-model_v4.pt,Q96LA6,0,0,1,0,0,0,0,0,0,0,0,0,0,0,0,0,0,0,0,0,0,0,0,0,0,0,0,0,0,0,0,0,1,0,0,0,0,0,0,0,0,0,0,0,0,0,0,0,0,0,0,0,0,0,0,0,0,0,0,0,0,0,0,0,0,0,0,0,0,0,0,0,0,0,0,0,0,0,0,0,0,0,0,0,0,0,0,0,0,0,0,0,0,0,0,0,0,0,0,0
AF-O43314-F1-model_v4,ten_percent_graphs/graph_AF-O43314-F1-model_v4.pt,ten_percent_voxels/voxel_AF-O43314-F1-model_v4.pt,O43314,0,1,0,0,0,0,0,0,0,0,0,0,0,0,1,0,0,0,0,0,0,0,0,0,0,0,0,0,0,0,0,0,0,0,0,0,0,0,0,0,0,0,0,0,0,0,0,0,0,0,0,0,0,0,0,0,0,0,0,0,0,0,0,0,0,0,0,0,0,0,0,0,0,0,0,0,0,0,0,0,0,0,0,0,0,0,0,0,0,0,0,0,0,0,0,0,0,0,0,0
AF-Q07325-F1-model_v4,ten_percent_graphs/graph_AF-Q07325-F1-model_v4.pt,ten_percent_voxels/voxel_AF-Q07325-F1-model_v4.pt,Q07325,0,0,0,0,0,0,0,1,0,1,0,0,0,0,0,0,0,0,0,0,0,0,0,1,0,0,0,0,0,0,0,0,0,0,0,0,0,0,0,0,0,0,1,0,0,0,0,0,0,0,0,0,0,0,0,0,0,0,0,0,0,0,0,1,0,0,0,0,0,0,0,0,0,1,0,0,0,0,0,0,0,0,0,0,0,0,0,0,0,0,0,0,0,0,0,0,0,0,0,0
AF-Q3MIS6-F1-model_v4,ten_percent_graphs/graph_AF-Q3MIS6-F1-model_v4.pt,ten_percent_voxels/voxel_AF-Q3MIS6-F1-model_v4.pt,Q3MIS6,1,0,0,0,0,0,1,0,0,0,0,0,1,0,0,1,0,0,0,0,1,0,0,0,0,0,0,0,0,0,0,0,0,0,0,0,0,0,0,0,0,0,0,0,0,0,0,0,0,0,0,0,0,0,0,0,0,0,0,0,0,0,0,0,0,0,0,0,0,0,0,0,0,0,0,0,0,0,0,0,0,0,0,0,0,0,0,0,0,0,0,0,0,0,0,0,0,0,0,0
AF-Q15942-F1-model_v4,ten_percent_graphs/graph_AF-Q15942-F1-model_v4.pt,ten_percent_voxels/voxel_AF-Q15942-F1-model_v4.pt,Q15942,1,1,1,1,0,0,1,0,0,0,0,0,0,1,0,0,0,0,0,0,0,0,0,0,0,0,0,0,0,0,0,0,0,0,0,0,0,0,0,0,0,0,0,0,0,0,0,0,0,0,0,0,0,0,0,0,0,1,0,0,0,0,0,0,0,0,0,0,0,0,0,0,0,0,0,0,0,0,0,0,0,0,0,0,0,0,0,0,0,0,0,0,0,0,0,0,0,0,0,0
AF-Q68CZ6-F1-model_v4,ten_percent_graphs/graph_AF-Q68CZ6-F1-model_v4.pt,ten_percent_voxels/voxel_AF-Q68CZ6-F1-model_v4.pt,Q68CZ6,0,1,0,0,0,0,0,0,0,0,0,0,0,0,0,0,0,0,0,0,0,0,0,0,0,0,0,0,0,0,0,0,0,0,0,0,1,0,0,0,0,0,0,0,0,0,0,0,0,0,0,0,0,0,0,0,0,0,0,1,0,0,0,0,0,0,0,0,0,0,0,0,0,0,0,0,0,0,0,0,0,0,0,0,0,0,0,0,0,0,0,0,0,0,0,0,0,0,0,0
AF-A4D1T9-F1-model_v4,ten_percent_graphs/graph_AF-A4D1T9-F1-model_v4.pt,ten_percent_voxels/voxel_AF-A4D1T9-F1-model_v4.pt,A4D1T9,1,0,0,0,0,0,0,1,0,0,0,0,0,0,0,0,0,0,0,0,0,0,0,0,0,0,0,0,0,0,0,0,0,0,0,0,0,0,0,0,0,0,0,0,1,0,0,0,0,0,0,0,0,0,0,0,0,0,0,0,0,0,0,0,0,0,0,0,0,0,0,0,0,0,0,0,0,0,0,0,0,0,0,0,0,0,0,0,0,0,0,0,0,0,0,0,0,0,0,0
AF-O76050-F1-model_v4,ten_percent_graphs/graph_AF-O76050-F1-model_v4.pt,ten_percent_voxels/voxel_AF-O76050-F1-model_v4.pt,O76050,0,0,1,0,0,0,1,0,0,0,0,0,0,0,0,0,0,0,0,0,0,0,0,0,0,0,0,0,0,0,0,1,0,0,0,0,0,0,0,0,1,0,0,0,0,0,0,0,0,0,0,0,0,0,0,1,0,0,0,0,0,0,0,0,0,0,0,0,0,0,0,0,0,0,0,1,0,0,0,0,0,0,0,1,0,0,0,0,0,0,0,0,0,0,0,0,0,0,1,0
AF-P08727-F1-model_v4,ten_percent_graphs/graph_AF-P08727-F1-model_v4.pt,ten_percent_voxels/voxel_AF-P08727-F1-model_v4.pt,P08727,0,1,1,0,0,0,0,0,1,0,0,0,0,0,0,0,0,0,0,0,0,0,0,0,0,0,0,0,0,0,0,0,0,0,0,0,0,0,0,0,0,0,0,0,0,0,0,0,0,0,0,0,0,0,0,0,0,0,0,0,1,0,0,0,0,0,0,0,0,0,0,0,0,0,0,0,0,0,0,0,0,0,0,0,0,0,0,0,0,0,0,0,0,0,0,0,0,0,0,0
AF-Q8IXB1-F1-model_v4,ten_percent_graphs/graph_AF-Q8IXB1-F1-model_v4.pt,ten_percent_voxels/voxel_AF-Q8IXB1-F1-model_v4.pt,Q8IXB1,0,0,0,0,0,1,0,0,0,0,0,0,0,0,0,0,1,0,0,0,0,0,0,0,0,0,0,0,0,0,0,0,0,0,0,0,0,0,0,0,0,0,0,0,0,0,0,0,0,0,0,0,0,0,0,0,0,0,0,0,0,0,0,0,0,0,0,0,0,0,0,0,0,0,0,0,0,0,0,0,0,0,0,0,0,0,0,0,0,0,0,0,0,0,0,0,0,0,0,0
AF-Q9HBL7-F1-model_v4,ten_percent_graphs/graph_AF-Q9HBL7-F1-model_v4.pt,ten_percent_voxels/voxel_AF-Q9HBL7-F1-model_v4.pt,Q9HBL7,0,0,1,0,0,0,0,0,0,0,1,0,0,0,0,0,0,0,0,0,0,0,0,0,0,0,0,0,0,0,0,0,0,0,0,0,0,0,0,0,0,0,0,0,0,0,0,0,0,0,0,0,0,0,0,0,0,0,0,0,0,0,0,1,0,0,0,0,0,0,0,0,0,0,0,0,0,0,0,0,0,0,0,0,0,0,0,0,0,0,0,0,0,0,0,0,0,0,0,0
AF-Q9Y2H0-F1-model_v4,ten_percent_graphs/graph_AF-Q9Y2H0-F1-model_v4.pt,ten_percent_voxels/voxel_AF-Q9Y2H0-F1-model_v4.pt,Q9Y2H0,0,0,1,0,0,0,0,0,0,0,0,0,0,0,0,0,0,0,0,0,0,0,0,0,0,0,0,0,0,0,0,1,0,0,0,0,0,0,0,0,0,0,0,0,0,0,0,0,0,0,0,0,0,0,0,0,0,0,0,0,0,0,0,0,0,0,0,0,0,0,0,0,0,0,0,0,0,0,0,0,0,0,0,0,0,0,0,0,0,0,0,0,0,0,0,0,0,0,0,0
AF-Q8NBJ7-F1-model_v4,ten_percent_graphs/graph_AF-Q8NBJ7-F1-model_v4.pt,ten_percent_voxels/voxel_AF-Q8NBJ7-F1-model_v4.pt,Q8NBJ7,0,0,0,0,0,0,1,0,0,0,0,1,0,0,0,0,1,0,0,0,0,0,0,0,0,0,0,0,0,0,0,0,0,0,0,0,0,0,0,0,0,0,0,0,0,0,0,0,0,0,0,0,0,0,0,0,0,0,0,0,0,0,0,0,0,0,0,0,0,0,0,0,0,0,0,0,0,0,0,0,0,0,0,0,0,0,0,0,0,0,0,0,0,0,0,0,0,0,0,0
AF-Q92508-F1-model_v4,ten_percent_graphs/graph_AF-Q92508-F1-model_v4.pt,ten_percent_voxels/voxel_AF-Q92508-F1-model_v4.pt,Q92508,0,0,1,0,0,0,0,0,0,0,0,0,0,0,0,0,1,0,0,1,0,0,0,0,0,0,0,0,0,0,0,0,0,0,0,0,0,0,0,0,0,0,0,0,0,0,0,0,0,0,0,0,0,0,0,0,0,0,0,0,0,0,0,0,0,0,0,0,0,0,0,0,0,0,0,0,0,0,0,0,0,0,0,0,0,0,0,0,0,0,0,0,0,0,0,0,0,0,0,0
AF-Q8TE76-F1-model_v4,ten_percent_graphs/graph_AF-Q8TE76-F1-model_v4.pt,ten_percent_voxels/voxel_AF-Q8TE76-F1-model_v4.pt,Q8TE76,1,0,0,0,1,0,0,0,0,0,0,0,0,0,0,0,0,0,0,0,0,0,0,0,0,0,0,0,0,0,1,0,0,0,0,0,0,0,0,0,0,0,0,0,0,0,0,0,0,0,0,0,0,0,0,0,0,0,0,0,0,0,0,0,0,0,0,0,0,0,0,0,0,0,1,0,0,0,0,0,0,0,0,0,0,0,0,0,0,0,0,0,0,0,0,0,0,0,0,0
AF-P29371-F1-model_v4,ten_percent_graphs/graph_AF-P29371-F1-model_v4.pt,ten_percent_voxels/voxel_AF-P29371-F1-model_v4.pt,P29371,0,0,1,0,0,0,0,0,0,0,0,0,0,0,0,0,0,0,0,0,0,0,0,0,0,0,0,0,0,0,0,0,0,0,0,0,0,0,0,0,0,0,0,0,0,0,0,0,0,0,0,0,0,0,0,0,0,0,0,0,0,0,0,0,0,0,0,0,0,0,0,0,0,0,0,0,0,0,0,0,0,0,0,0,0,0,0,0,0,0,0,0,0,0,0,0,0,0,0,0
AF-Q9Y2F9-F1-model_v4,ten_percent_graphs/graph_AF-Q9Y2F9-F1-model_v4.pt,ten_percent_voxels/voxel_AF-Q9Y2F9-F1-model_v4.pt,Q9Y2F9,1,1,0,0,0,0,0,0,0,0,0,1,0,0,0,0,0,0,0,0,0,0,0,0,0,0,0,0,0,0,0,0,0,0,0,0,0,0,0,0,0,0,0,0,0,0,0,0,0,0,0,0,0,0,0,0,0,0,0,0,0,0,0,0,0,0,0,0,0,0,0,0,0,0,0,0,0,0,0,0,0,0,0,0,0,0,0,0,0,0,0,0,0,0,0,0,0,0,0,0
AF-F1D8Q5-F1-model_v4,ten_percent_graphs/graph_AF-F1D8Q5-F1-model_v4.pt,ten_percent_voxels/voxel_AF-F1D8Q5-F1-model_v4.pt,F1D8Q5,0,0,0,0,1,0,0,0,0,0,0,0,0,0,0,0,0,0,0,0,0,0,0,0,0,0,0,0,0,0,1,0,0,0,0,0,0,0,0,0,0,0,0,0,0,0,0,0,0,0,0,0,0,0,0,0,0,0,0,0,0,0,0,0,0,0,0,0,0,0,0,0,0,0,0,0,0,1,0,0,0,0,0,0,0,0,0,0,0,0,0,0,0,0,0,0,0,0,0,0
AF-Q3C1V8-F1-model_v4,ten_percent_graphs/graph_AF-Q3C1V8-F1-model_v4.pt,ten_percent_voxels/voxel_AF-Q3C1V8-F1-model_v4.pt,Q3C1V8,1,0,0,0,0,0,0,0,0,0,0,0,1,0,0,1,0,0,1,0,1,1,0,0,0,0,0,0,0,0,0,0,0,1,0,0,0,1,0,0,0,0,0,0,0,0,0,0,0,0,0,0,0,0,0,0,0,0,0,0,0,0,0,0,0,0,0,0,0,0,0,0,0,0,0,0,0,0,0,0,0,0,0,0,0,0,0,0,0,0,0,0,0,0,0,0,0,0,0,0
AF-Q99808-F1-model_v4,ten_percent_graphs/graph_AF-Q99808-F1-model_v4.pt,ten_percent_voxels/voxel_AF-Q99808-F1-model_v4.pt,Q99808,0,0,1,0,0,1,0,0,0,0,0,0,0,0,0,0,0,0,0,0,0,0,0,0,0,0,0,0,0,0,0,0,0,0,0,0,0,0,0,0,0,0,0,0,0,0,0,0,0,0,0,0,0,0,0,0,0,0,0,0,0,0,0,0,0,1,0,0,0,0,0,0,0,0,0,0,0,0,0,0,0,0,0,0,0,0,0,0,0,0,0,0,0,0,0,0,0,0,0,1
AF-Q8IVF5-F1-model_v4,ten_percent_graphs/graph_AF-Q8IVF5-F1-model_v4.pt,ten_percent_voxels/voxel_AF-Q8IVF5-F1-model_v4.pt,Q8IVF5,0,1,0,0,0,1,0,0,1,0,0,0,0,0,0,0,0,0,0,0,0,0,0,0,0,0,0,0,0,0,0,0,0,0,0,0,0,0,0,0,0,0,0,0,0,0,0,0,0,0,0,0,0,0,0,0,0,0,0,0,0,0,0,0,0,0,0,0,0,0,0,0,1,0,0,0,0,0,0,0,0,0,0,0,0,0,0,0,0,1,0,0,0,0,0,0,0,0,0,0
AF-F1DAM6-F1-model_v4,ten_percent_graphs/graph_AF-F1DAM6-F1-model_v4.pt,ten_percent_voxels/voxel_AF-F1DAM6-F1-model_v4.pt,F1DAM6,0,0,1,0,0,0,0,0,0,0,0,0,0,0,0,0,0,0,0,0,0,0,0,0,0,0,0,0,0,0,0,0,0,0,0,0,0,0,0,0,0,0,0,0,0,0,0,0,0,0,0,0,0,0,0,0,0,0,0,0,0,0,0,0,0,0,0,0,0,0,0,0,0,0,0,0,0,0,0,0,0,0,0,0,0,0,0,0,0,0,0,0,0,0,0,0,0,0,0,0
AF-A4D0V4-F1-model_v4,ten_percent_graphs/graph_AF-A4D0V4-F1-model_v4.pt,ten_percent_voxels/voxel_AF-A4D0V4-F1-model_v4.pt,A4D0V4,0,0,0,0,0,1,0,0,0,0,0,0,0,0,0,0,0,0,0,0,0,0,0,0,0,0,0,0,0,0,0,0,0,0,0,0,0,0,0,0,0,0,0,0,0,0,0,0,0,0,0,0,0,0,0,0,0,0,0,0,0,0,0,0,0,0,0,0,0,0,0,0,0,0,0,0,0,0,0,0,0,0,0,0,0,0,0,0,0,0,0,0,0,0,0,0,0,0,0,0
AF-Q5SRD1-F1-model_v4,ten_percent_graphs/graph_AF-Q5SRD1-F1-model_v4.pt,ten_percent_voxels/voxel_AF-Q5SRD1-F1-model_v4.pt,Q5SRD1,0,0,0,0,0,0,0,0,0,0,1,0,0,0,0,0,0,0,0,0,0,0,0,0,0,0,0,0,0,0,0,0,0,0,0,0,0,0,0,0,0,0,0,0,0,0,0,0,0,0,0,0,0,0,0,0,0,0,0,0,0,0,0,0,0,0,0,0,0,0,0,0,0,0,0,0,0,0,0,0,0,0,0,0,0,0,0,0,0,0,0,0,0,0,0,0,0,0,0,0
AF-Q6EBC2-F1-model_v4,ten_percent_graphs/graph_AF-Q6EBC2-F1-model_v4.pt,ten_percent_voxels/voxel_AF-Q6EBC2-F1-model_v4.pt,Q6EBC2,0,0,0,0,0,0,0,1,0,1,0,0,0,0,0,0,0,0,0,0,0,0,0,0,0,0,0,0,0,0,0,0,0,0,0,0,0,0,0,0,0,0,0,0,0,0,0,0,0,0,0,0,0,0,0,0,0,0,0,0,0,0,0,0,0,0,0,0,0,0,0,0,0,0,0,0,0,0,0,0,0,0,0,0,0,0,0,0,0,0,0,0,0,0,0,0,0,0,0,0
AF-Q9BZC1-F1-model_v4,ten_percent_graphs/graph_AF-Q9BZC1-F1-model_v4.pt,ten_percent_voxels/voxel_AF-Q9BZC1-F1-model_v4.pt,Q9BZC1,1,0,0,1,1,0,0,0,0,0,0,0,0,0,0,0,0,0,0,0,0,0,0,0,0,0,0,0,0,0,0,0,0,0,0,0,0,0,0,0,0,0,0,0,0,0,0,0,0,0,0,0,0,0,0,0,0,0,0,0,0,0,0,0,0,0,0,0,0,0,0,0,0,0,0,0,0,0,0,0,0,0,0,0,0,0,0,0,0,0,0,0,0,0,0,0,1,0,0,0
AF-Q9UKJ3-F1-model_v4,ten_percent_graphs/graph_AF-Q9UKJ3-F1-model_v4.pt,ten_percent_voxels/voxel_AF-Q9UKJ3-F1-model_v4.pt,Q9UKJ3,1,0,0,0,0,0,1,0,0,0,0,0,0,1,0,0,0,0,0,0,0,0,0,0,0,0,0,0,0,0,0,0,0,0,0,0,0,0,0,0,0,0,0,0,0,0,0,0,0,0,0,0,0,0,0,0,0,0,0,0,0,0,0,0,0,0,0,0,0,0,0,0,0,0,0,0,0,0,0,0,0,0,0,0,0,0,0,0,0,0,0,0,0,0,0,0,0,0,0,0
AF-Q68D10-F1-model_v4,ten_percent_graphs/graph_AF-Q68D10-F1-model_v4.pt,ten_percent_voxels/voxel_AF-Q68D10-F1-model_v4.pt,Q68D10,0,0,0,0,1,0,0,0,0,0,0,0,0,0,0,0,0,0,0,0,0,0,1,0,0,1,0,0,0,0,0,0,0,0,0,0,0,0,0,0,0,1,0,0,0,0,0,0,0,0,0,0,0,0,0,0,0,0,0,0,0,0,0,0,0,0,0,0,0,0,0,0,0,0,0,0,0,0,0,0,0,0,0,0,0,0,0,0,0,0,0,0,0,0,0,0,0,0,0,0
AF-Q99788-F1-model_v4,ten_percent_graphs/graph_AF-Q99788-F1-model_v4.pt,ten_percent_voxels/voxel_AF-Q99788-F1-model_v4.pt,Q99788,0,0,1,0,0,1,0,0,0,0,0,0,0,0,0,0,0,0,0,0,0,0,0,0,0,0,0,0,0,0,0,0,0,0,0,0,0,0,0,0,0,0,0,0,0,0,0,0,0,0,0,0,0,0,1,0,0,0,1,0,0,0,0,1,0,0,0,0,0,0,0,0,0,1,0,0,0,0,0,0,0,0,0,0,0,0,0,0,0,0,0,0,0,0,0,0,0,0,0,0
AF-P13010-F1-model_v4,ten_percent_graphs/graph_AF-P13010-F1-model_v4.pt,ten_percent_voxels/voxel_AF-P13010-F1-model_v4.pt,P13010,1,1,1,0,1,1,0,0,0,1,0,0,0,1,1,0,0,0,0,0,0,0,1,0,0,1,0,0,0,0,0,0,0,0,1,1,0,0,0,0,0,0,0,0,0,0,1,0,0,0,0,0,1,0,0,0,0,0,0,0,0,1,0,0,0,0,0,0,0,0,0,0,0,0,1,0,0,0,0,0,0,0,0,0,0,0,0,0,0,0,0,0,0,0,0,0,1,0,0,0
AF-A5PLL7-F1-model_v4,ten_percent_graphs/graph_AF-A5PLL7-F1-model_v4.pt,ten_percent_voxels/voxel_AF-A5PLL7-F1-model_v4.pt,A5PLL7,0,0,0,0,0,0,0,0,0,0,0,0,0,0,0,0,1,0,0,1,0,0,0,0,0,0,0,0,0,0,0,0,0,0,0,0,0,0,0,0,0,0,0,0,0,0,0,0,0,0,0,0,0,0,0,0,0,0,0,0,0,0,0,0,0,0,0,0,0,0,0,0,0,0,0,0,0,0,0,0,0,0,0,0,0,0,0,0,0,0,0,0,0,0,0,0,0,0,0,0
AF-P80303-F1-model_v4,ten_percent_graphs/graph_AF-P80303-F1-model_v4.pt,ten_percent_voxels/voxel_AF-P80303-F1-model_v4.pt,P80303,0,1,1,0,0,0,0,1,1,0,0,0,0,0,0,0,1,1,0,0,0,0,1,0,0,0,0,1,0,0,0,0,0,0,0,0,0,0,0,0,0,0,0,0,0,0,0,0,0,0,0,0,0,0,0,0,0,0,0,0,0,0,0,0,0,0,0,0,0,0,0,0,0,0,0,0,0,0,0,0,0,0,0,0,0,0,0,0,0,0,0,0,0,0,0,0,0,0,0,0
AF-Q9ULH1-F1-model_v4,ten_percent_graphs/graph_AF-Q9ULH1-F1-model_v4.pt,ten_percent_voxels/voxel_AF-Q9ULH1-F1-model_v4.pt,Q9ULH1,0,1,0,0,0,0,1,0,0,0,0,0,0,0,0,0,0,0,0,0,0,0,0,0,0,0,0,0,0,1,0,1,0,0,0,0,0,0,0,0,0,0,0,0,0,0,0,0,0,0,0,0,0,0,0,0,0,0,0,0,0,0,0,0,0,0,0,0,0,0,0,0,0,0,0,0,0,0,0,0,0,0,0,0,0,1,0,0,0,1,0,0,0,1,0,0,0,0,0,0
AF-O60318-F1-model_v4,ten_percent_graphs/graph_AF-O60318-F1-model_v4.pt,ten_percent_voxels/voxel_AF-O60318-F1-model_v4.pt,O60318,1,1,0,1,1,0,0,0,0,0,0,0,0,0,0,0,0,0,0,0,0,0,0,0,0,0,0,0,0,0,0,0,0,0,0,0,0,0,0,0,0,0,0,0,0,1,0,0,0,0,0,0,0,0,0,0,0,0,0,0,0,0,0,0,0,0,0,0,0,0,0,0,0,0,0,0,0,0,0,0,0,0,0,0,0,0,0,0,0,0,0,0,0,0,0,0,0,0,0,0
AF-Q3SXY8-F1-model_v4,ten_percent_graphs/graph_AF-Q3SXY8-F1-model_v4.pt,ten_percent_voxels/voxel_AF-Q3SXY8-F1-model_v4.pt,Q3SXY8,0,1,0,0,0,0,0,0,0,0,0,0,0,0,0,0,0,0,0,0,0,0,0,0,0,0,0,0,0,0,0,0,0,0,0,0,0,0,0,0,0,0,0,0,0,0,0,0,0,0,0,0,0,0,0,0,0,0,0,0,0,0,0,0,0,0,1,0,0,0,0,0,0,0,0,0,0,0,0,0,0,0,0,0,0,0,0,0,0,0,0,1,0,1,1,0,0,0,0,0
AF-Q92620-F1-model_v4,ten_percent_graphs/graph_AF-Q92620-F1-model_v4.pt,ten_percent_voxels/voxel_AF-Q92620-F1-model_v4.pt,Q92620,1,0,0,0,1,1,0,0,0,0,0,0,0,1,1,0,0,0,0,0,0,0,0,0,0,0,0,0,0,0,0,0,0,0,0,0,0,0,0,0,0,0,0,0,0,0,0,0,0,0,0,0,0,0,0,0,0,0,0,0,0,0,0,0,0,0,0,0,0,0,0,0,0,0,1,0,0,0,0,0,0,0,0,0,0,0,0,0,0,0,0,0,0,0,0,0,0,0,0,0
AF-P17812-F1-model_v4,ten_percent_graphs/graph_AF-P17812-F1-model_v4.pt,ten_percent_voxels/voxel_AF-P17812-F1-model_v4.pt,P17812,0,1,0,1,0,1,0,0,0,0,0,1,0,0,1,0,0,0,0,0,0,0,0,0,0,0,0,0,0,0,0,0,0,0,0,0,0,0,0,0,0,0,0,0,0,0,0,0,0,0,0,0,0,0,0,0,0,0,0,0,0,0,0,0,0,0,0,0,0,0,0,0,0,0,0,0,0,0,0,0,0,0,0,0,0,0,0,0,0,0,0,0,0,0,0,0,0,0,0,0
AF-P30613-F1-model_v4,ten_percent_graphs/graph_AF-P30613-F1-model_v4.pt,ten_percent_voxels/voxel_AF-P30613-F1-model_v4.pt,P30613,0,1,0,1,0,0,0,0,1,0,0,0,0,0,1,0,0,0,0,0,0,0,0,0,0,0,0,0,0,0,0,0,0,0,0,0,0,0,0,0,0,0,0,0,0,0,0,0,0,0,0,0,0,0,0,0,0,0,0,0,0,0,0,0,0,0,0,0,0,0,0,0,0,0,0,0,0,0,0,0,0,0,0,0,0,0,0,0,0,0,0,0,0,0,0,0,0,0,0,0
AF-Q6A162-F1-model_v4,ten_percent_graphs/graph_AF-Q6A162-F1-model_v4.pt,ten_percent_voxels/voxel_AF-Q6A162-F1-model_v4.pt,Q6A162,0,1,0,0,0,0,0,0,0,0,0,0,0,0,0,0,0,0,0,0,0,0,0,0,0,0,0,0,0,0,0,0,0,0,0,0,0,0,0,0,0,0,0,0,0,0,0,0,0,0,0,0,0,0,0,0,0,0,0,0,1,0,0,0,0,0,0,0,0,0,0,0,0,0,0,0,0,0,0,0,0,0,0,0,0,0,0,0,0,0,0,0,0,0,0,0,0,0,0,0
AF-Q9P2E5-F1-model_v4,ten_percent_graphs/graph_AF-Q9P2E5-F1-model_v4.pt,ten_percent_voxels/voxel_AF-Q9P2E5-F1-model_v4.pt,Q9P2E5,0,0,0,0,0,1,0,0,0,0,0,0,0,0,0,0,0,0,0,0,0,0,0,0,0,0,0,0,0,1,0,0,0,0,0,0,0,0,0,0,0,0,0,0,0,0,0,0,0,0,0,0,0,0,0,0,0,0,0,0,0,0,0,0,0,0,0,0,0,0,0,0,0,0,0,0,0,0,0,0,0,0,0,0,0,0,0,0,0,0,0,0,0,0,0,0,0,0,0,0
AF-Q9NRW3-F1-model_v4,ten_percent_graphs/graph_AF-Q9NRW3-F1-model_v4.pt,ten_percent_voxels/voxel_AF-Q9NRW3-F1-model_v4.pt,Q9NRW3,1,0,0,1,0,0,0,0,0,0,0,0,0,1,0,0,0,0,0,0,0,0,0,0,0,0,0,0,0,0,1,0,0,0,0,1,0,0,0,0,0,0,0,0,0,0,0,0,0,0,0,0,0,0,0,0,0,0,0,0,0,0,0,0,0,0,0,0,0,0,0,0,0,0,0,0,0,0,0,0,0,0,0,0,0,0,0,0,0,0,0,0,0,0,0,0,0,0,0,0
AF-Q5DT21-F1-model_v4,ten_percent_graphs/graph_AF-Q5DT21-F1-model_v4.pt,ten_percent_voxels/voxel_AF-Q5DT21-F1-model_v4.pt,Q5DT21,0,0,0,0,0,0,0,0,0,1,0,0,0,0,0,0,0,0,0,0,0,0,0,0,0,0,0,0,0,0,0,0,0,0,0,0,0,0,0,0,0,0,0,0,0,0,0,0,0,0,0,0,0,0,0,0,0,0,0,0,0,0,0,0,0,0,0,0,0,0,0,0,0,0,0,0,0,0,0,0,0,0,0,0,0,0,0,0,0,0,0,0,0,0,0,0,0,0,0,0
AF-P53805-F1-model_v4,ten_percent_graphs/graph_AF-P53805-F1-model_v4.pt,ten_percent_voxels/voxel_AF-P53805-F1-model_v4.pt,P53805,1,0,0,1,0,0,0,0,0,0,0,1,0,0,0,0,0,0,0,0,0,0,0,0,0,0,0,0,0,0,0,0,0,0,0,0,0,0,0,0,0,0,0,0,0,0,0,0,0,0,0,0,0,0,0,0,0,0,0,0,0,0,0,0,0,0,0,0,0,0,0,0,0,0,0,0,0,0,0,0,0,0,0,0,0,0,0,0,0,0,0,0,0,0,0,0,0,0,0,0
AF-Q8NDD1-F1-model_v4,ten_percent_graphs/graph_AF-Q8NDD1-F1-model_v4.pt,ten_percent_voxels/voxel_AF-Q8NDD1-F1-model_v4.pt,Q8NDD1,0,0,0,0,0,0,0,0,0,0,0,0,0,1,0,0,0,0,0,0,0,0,0,0,0,1,0,0,0,0,0,0,0,0,0,0,0,0,0,0,0,0,0,0,0,0,0,0,0,0,0,0,0,0,0,0,0,0,0,0,0,0,0,0,0,0,0,0,0,0,0,0,0,0,0,0,0,0,0,0,0,0,0,0,0,0,0,0,0,0,0,0,0,0,0,0,0,0,0,0
AF-Q8TC90-F1-model_v4,ten_percent_graphs/graph_AF-Q8TC90-F1-model_v4.pt,ten_percent_voxels/voxel_AF-Q8TC90-F1-model_v4.pt,Q8TC90,0,0,0,0,0,0,0,0,0,0,0,0,0,0,0,0,0,0,0,0,0,0,0,0,0,0,0,0,0,0,0,0,0,0,0,0,0,0,0,0,0,0,0,0,0,0,0,0,0,0,0,0,0,0,0,0,0,0,0,0,0,0,0,0,0,0,0,0,0,0,0,0,0,0,0,0,0,0,0,0,0,0,0,0,0,0,0,0,0,0,0,0,0,0,0,0,0,0,0,0
AF-Q9NZK5-F1-model_v4,ten_percent_graphs/graph_AF-Q9NZK5-F1-model_v4.pt,ten_percent_voxels/voxel_AF-Q9NZK5-F1-model_v4.pt,Q9NZK5,0,0,0,0,0,0,0,1,0,1,0,0,0,0,0,0,0,0,0,0,0,0,0,0,0,0,0,0,1,0,1,0,0,0,0,0,0,0,0,0,0,0,0,0,0,0,0,0,0,0,0,0,0,0,0,0,0,0,0,0,0,0,0,0,0,0,0,0,0,0,0,0,0,0,0,0,0,0,0,0,0,0,0,0,0,0,0,0,0,0,0,0,0,0,0,0,0,0,0,0
AF-Q8N4H0-F1-model_v4,ten_percent_graphs/graph_AF-Q8N4H0-F1-model_v4.pt,ten_percent_voxels/voxel_AF-Q8N4H0-F1-model_v4.pt,Q8N4H0,0,0,0,0,0,0,0,0,0,0,0,0,0,0,0,0,0,0,0,0,0,0,0,0,0,0,0,0,0,0,0,0,0,0,0,0,0,0,0,0,0,0,0,0,0,0,0,0,0,0,0,0,0,0,0,0,0,0,0,0,0,0,0,0,0,0,0,0,0,0,0,0,0,0,0,0,0,0,0,0,0,0,1,0,0,0,0,0,0,0,0,0,0,0,0,0,0,0,0,0
AF-Q9Y3R0-F1-model_v4,ten_percent_graphs/graph_AF-Q9Y3R0-F1-model_v4.pt,ten_percent_voxels/voxel_AF-Q9Y3R0-F1-model_v4.pt,Q9Y3R0,0,1,1,0,0,0,0,0,0,0,0,0,0,0,0,0,0,0,0,1,0,0,0,0,0,0,0,0,0,0,0,0,0,0,0,0,0,0,0,0,0,0,0,0,0,0,0,0,0,0,0,0,0,0,0,0,0,0,0,0,0,0,0,0,0,0,0,1,1,0,0,0,0,0,0,0,1,0,0,0,0,0,0,0,0,0,0,0,0,0,0,0,0,0,0,0,0,0,0,0
AF-Q8WXH2-F1-model_v4,ten_percent_graphs/graph_AF-Q8WXH2-F1-model_v4.pt,ten_percent_voxels/voxel_AF-Q8WXH2-F1-model_v4.pt,Q8WXH2,0,0,1,0,0,1,0,0,0,0,0,0,0,0,0,0,0,0,0,1,0,0,0,0,0,0,0,0,0,0,0,0,0,0,0,0,0,0,0,0,0,0,0,0,0,0,0,0,0,0,0,0,0,0,0,0,0,0,0,0,0,0,0,0,0,0,0,0,0,0,0,0,0,0,0,0,0,0,0,0,0,0,0,0,0,0,0,0,0,0,0,0,0,0,0,0,0,0,0,0
AF-Q8IYX1-F1-model_v4,ten_percent_graphs/graph_AF-Q8IYX1-F1-model_v4.pt,ten_percent_voxels/voxel_AF-Q8IYX1-F1-model_v4.pt,Q8IYX1,0,0,0,0,0,0,0,0,1,0,0,0,0,0,0,0,0,0,0,0,0,0,0,0,0,0,0,0,0,0,0,0,0,0,0,0,0,0,0,0,0,0,0,0,0,0,0,0,0,0,0,0,0,0,0,0,0,0,0,0,1,0,0,0,0,0,0,0,0,0,0,0,0,0,0,0,0,0,0,1,0,0,1,0,0,0,0,0,0,1,0,0,0,0,0,0,0,0,0,0
AF-Q9UNP9-F1-model_v4,ten_percent_graphs/graph_AF-Q9UNP9-F1-model_v4.pt,ten_percent_voxels/voxel_AF-Q9UNP9-F1-model_v4.pt,Q9UNP9,1,1,0,1,1,0,0,0,0,1,0,0,0,1,0,0,0,0,0,0,0,0,0,0,0,0,1,0,0,0,0,0,0,0,0,0,0,0,0,0,0,1,0,0,0,0,0,0,0,0,0,0,0,0,0,0,0,0,0,0,0,0,0,0,0,0,0,0,0,1,0,0,0,0,0,0,0,0,0,0,0,0,0,0,0,0,0,0,0,0,0,0,0,0,0,0,0,0,0,0
AF-Q9NPA2-F1-model_v4,ten_percent_graphs/graph_AF-Q9NPA2-F1-model_v4.pt,ten_percent_voxels/voxel_AF-Q9NPA2-F1-model_v4.pt,Q9NPA2,0,0,1,0,0,1,0,1,0,0,0,0,0,0,0,0,0,0,0,0,0,0,0,0,0,0,0,0,0,0,1,0,0,0,0,0,0,0,0,0,0,0,0,0,1,0,0,0,0,0,0,0,0,0,0,0,0,0,0,0,0,0,0,1,0,0,0,0,0,0,0,0,0,0,0,0,0,0,0,0,0,0,0,0,0,0,0,0,0,0,0,0,0,0,0,0,0,0,0,0
AF-P38432-F1-model_v4,ten_percent_graphs/graph_AF-P38432-F1-model_v4.pt,ten_percent_voxels/voxel_AF-P38432-F1-model_v4.pt,P38432,1,1,0,0,1,1,0,0,0,0,0,1,0,0,0,0,0,0,0,0,0,0,0,0,0,1,0,0,0,0,0,0,0,0,0,0,0,0,0,0,0,0,0,0,0,0,0,0,0,0,0,0,0,0,0,0,0,0,0,0,0,0,0,0,0,0,0,0,0,0,0,1,0,0,0,0,0,0,0,0,0,0,0,0,0,0,0,0,0,0,0,0,0,0,0,0,0,0,0,0
AF-A6NHS7-F1-model_v4,ten_percent_graphs/graph_AF-A6NHS7-F1-model_v4.pt,ten_percent_voxels/voxel_AF-A6NHS7-F1-model_v4.pt,A6NHS7,0,0,1,0,0,0,0,0,0,0,0,0,0,0,0,0,0,0,0,0,0,0,0,0,0,0,0,0,0,0,0,0,0,0,0,0,0,0,0,0,0,0,0,0,0,0,0,0,0,0,0,0,0,0,0,0,0,0,0,0,0,0,0,0,0,0,0,0,0,0,0,0,0,0,0,0,0,0,0,0,0,0,0,0,0,0,0,0,0,0,0,0,0,0,0,0,0,0,0,0
AF-P49788-F1-model_v4,ten_percent_graphs/graph_AF-P49788-F1-model_v4.pt,ten_percent_voxels/voxel_AF-P49788-F1-model_v4.pt,P49788,0,0,0,0,0,1,0,1,1,0,0,0,0,0,0,0,0,0,0,0,0,0,0,0,0,0,0,0,0,0,0,0,0,0,0,0,0,0,0,0,0,0,0,0,0,0,0,0,0,0,0,0,0,0,0,1,0,0,0,0,0,0,0,0,0,0,0,0,0,0,0,0,0,0,0,0,0,0,0,0,0,0,0,0,0,0,0,0,0,0,0,0,0,0,0,0,0,0,0,0
AF-Q8N3J2-F1-model_v4,ten_percent_graphs/graph_AF-Q8N3J2-F1-model_v4.pt,ten_percent_voxels/voxel_AF-Q8N3J2-F1-model_v4.pt,Q8N3J2,1,1,0,0,0,0,0,0,0,0,0,0,0,0,0,0,0,0,0,0,0,0,0,0,0,0,0,0,0,0,0,0,0,0,0,0,0,0,1,0,0,0,0,0,0,0,0,0,0,0,0,0,0,0,0,0,0,0,0,0,0,0,0,0,0,0,0,0,0,0,0,0,0,0,0,0,0,0,0,0,0,0,0,0,0,0,0,0,0,0,0,0,0,0,0,0,0,0,0,0
AF-A5PKX1-F1-model_v4,ten_percent_graphs/graph_AF-A5PKX1-F1-model_v4.pt,ten_percent_voxels/voxel_AF-A5PKX1-F1-model_v4.pt,A5PKX1,0,0,0,0,0,0,0,0,0,0,0,0,0,0,0,0,0,0,0,0,0,0,0,0,0,0,0,0,0,0,0,0,0,0,0,0,0,0,0,0,0,0,0,0,0,0,0,0,0,0,0,0,0,0,0,0,0,0,0,0,0,0,0,0,0,0,0,0,0,0,0,0,0,0,0,0,0,0,0,0,0,0,0,0,0,0,0,0,0,0,0,0,0,0,0,0,0,0,0,0
AF-O95843-F1-model_v4,ten_percent_graphs/graph_AF-O95843-F1-model_v4.pt,ten_percent_voxels/voxel_AF-O95843-F1-model_v4.pt,O95843,0,0,0,0,0,0,0,0,0,0,0,0,0,0,0,0,0,0,0,0,0,0,0,1,0,0,0,1,0,0,0,0,0,0,0,0,0,0,0,0,0,0,0,0,0,0,0,0,0,0,0,0,0,0,0,0,0,0,0,0,0,0,0,0,0,0,0,0,0,0,0,0,0,0,0,0,0,0,0,0,0,0,0,0,0,0,0,0,0,0,0,0,0,0,0,0,0,0,0,0
AF-Q9BWS9-F1-model_v4,ten_percent_graphs/graph_AF-Q9BWS9-F1-model_v4.pt,ten_percent_voxels/voxel_AF-Q9BWS9-F1-model_v4.pt,Q9BWS9,1,0,0,0,0,1,0,1,1,1,0,0,0,0,0,0,0,0,0,0,0,0,0,0,0,0,0,0,0,0,0,0,0,0,0,1,0,0,0,0,0,0,0,0,0,0,0,0,0,0,0,0,0,0,0,0,0,0,0,0,0,0,0,0,0,0,0,0,0,0,0,0,0,0,0,0,0,0,0,0,0,0,0,0,0,0,0,0,0,0,1,0,0,0,0,0,0,0,0,0
AF-Q16280-F1-model_v4,ten_percent_graphs/graph_AF-Q16280-F1-model_v4.pt,ten_percent_voxels/voxel_AF-Q16280-F1-model_v4.pt,Q16280,0,0,1,0,0,0,0,0,0,0,0,0,0,0,0,0,0,0,0,0,0,0,0,0,0,0,0,0,0,0,0,0,0,0,0,0,0,0,0,0,0,0,0,0,0,0,0,0,0,0,0,0,1,0,0,0,0,0,0,0,0,0,0,0,0,0,0,0,0,0,0,0,0,0,0,0,0,0,0,0,0,0,0,0,0,0,0,0,0,0,0,0,0,0,0,0,0,0,0,0
AF-Q5SW96-F1-model_v4,ten_percent_graphs/graph_AF-Q5SW96-F1-model_v4.pt,ten_percent_voxels/voxel_AF-Q5SW96-F1-model_v4.pt,Q5SW96,0,1,1,0,0,0,0,0,0,0,0,0,0,0,0,0,0,0,0,0,0,0,0,0,0,0,0,0,0,0,0,0,0,0,0,0,0,0,0,0,0,0,0,0,0,0,0,0,0,0,0,0,0,0,0,0,0,0,0,0,0,0,0,0,0,0,0,0,0,0,0,0,0,0,0,0,0,0,0,0,0,0,0,0,0,0,0,0,0,0,0,0,0,0,0,1,0,0,0,0
AF-Q86UB9-F1-model_v4,ten_percent_graphs/graph_AF-Q86UB9-F1-model_v4.pt,ten_percent_voxels/voxel_AF-Q86UB9-F1-model_v4.pt,Q86UB9,0,0,0,0,0,0,0,0,0,0,0,0,0,0,0,0,0,0,0,0,0,0,0,0,0,0,0,0,0,0,0,0,0,0,0,0,0,0,0,0,0,0,0,0,0,0,0,0,0,0,0,0,0,0,0,0,0,0,0,0,0,0,0,0,0,0,0,0,0,0,0,0,0,0,0,0,0,0,0,0,0,0,0,0,0,0,0,0,0,0,0,0,0,0,0,0,0,0,0,0
AF-Q9UHP6-F1-model_v4,ten_percent_graphs/graph_AF-Q9UHP6-F1-model_v4.pt,ten_percent_voxels/voxel_AF-Q9UHP6-F1-model_v4.pt,Q9UHP6,0,0,0,0,0,0,0,0,0,0,0,0,0,0,0,0,0,0,0,0,0,0,0,0,0,0,0,0,0,0,0,0,0,0,0,0,0,0,0,0,0,0,0,0,0,0,0,0,0,0,0,0,0,0,0,0,0,0,0,0,0,0,0,0,0,0,0,0,0,0,0,0,0,0,0,0,0,0,0,0,0,0,0,0,0,0,0,0,0,0,0,0,0,0,0,0,0,0,0,0
AF-Q9UN74-F1-model_v4,ten_percent_graphs/graph_AF-Q9UN74-F1-model_v4.pt,ten_percent_voxels/voxel_AF-Q9UN74-F1-model_v4.pt,Q9UN74,0,0,1,0,0,0,0,0,0,0,0,1,0,0,0,0,0,0,0,0,0,0,0,0,0,0,0,1,0,0,0,0,0,0,0,0,0,0,0,0,0,0,0,0,0,0,0,0,0,0,1,0,0,0,0,0,0,0,0,0,0,0,0,0,0,0,0,0,0,0,0,0,0,0,0,1,0,0,0,0,0,0,0,0,0,0,0,0,0,0,0,0,0,0,0,0,0,0,0,0
